abcal	countries/albania/abc-al.png
euronewsalbaniaal	countries/albania/euronews-albania-al.png
klankosovaal	countries/albania/klan-kosova-al.png
klanmacedoniaal	countries/albania/klan-macedonia-al.png
klanmusical	countries/albania/klan-music-al.png
klannewsal	countries/albania/klan-news-al.png
klanplusal	countries/albania/klanplus-al.png
news24al	countries/albania/news24-al.png
reporttval	countries/albania/report-tv-hd-al.png
rtsh24al	countries/albania/rtsh-24-al.png
rtshagroal	countries/albania/rtsh-agro-al.png
rtshfemijeal	countries/albania/rtsh-femije-al.png
rtshfilmal	countries/albania/rtsh-film-al.png
rtshkuvendal	countries/albania/rtsh-kuvend-al.png
rtshmuzikeal	countries/albania/rtsh-muzike-al.png
rtshplusal	countries/albania/rtsh-plus-al.png
rtshshkolleal	countries/albania/rtsh-shkolle-al.png
rtshshqipal	countries/albania/rtsh-shqip-al.png
rtshsportal	countries/albania/rtsh-sport-al.png
rtsh1al	countries/albania/rtsh1-al.png
rtsh2al	countries/albania/rtsh2-al.png
rtsh3al	countries/albania/rtsh3-al.png
scantval	countries/albania/scan-tv-al.png
supersport1al	countries/albania/supersport-1-al.png
supersport2al	countries/albania/supersport-2-al.png
supersport3al	countries/albania/supersport-3-al.png
supersport4al	countries/albania/supersport-4-al.png
supersport5al	countries/albania/supersport-5-al.png
supersport6al	countries/albania/supersport-6-al.png
supersport7al	countries/albania/supersport-7-al.png
supersportkosova1al	countries/albania/supersport-kosova-1-al.png
supersportkosova2al	countries/albania/supersport-kosova-2-al.png
supersportkosova3al	countries/albania/supersport-kosova-3-al.png
topchannelal	countries/albania/top-channel-al.png
tvklanal	countries/albania/tv-klan-al.png
vizionplusal	countries/albania/vizion-plus-al.png
13max	countries/argentina/13max-hd-ar.png
aande	countries/united-states/a-and-e-us.png
a24	countries/argentina/a24-ar.png
allegro	countries/argentina/allegro-hd-ar.png
amc	countries/united-kingdom/amc-uk.png
america	countries/argentina/america-ar.png
americasports	countries/argentina/america-sports-ar.png
animalplanet	countries/united-kingdom/animal-planet-uk.png
argentina12	countries/argentina/argentina-12-ar.png
argentinisimasatelital	countries/argentina/argentinisima-satelital-ar.png
atreseries	countries/argentina/atreseries-ar.png
axn	countries/argentina/axn-ar.png
babytv	countries/united-kingdom/baby-tv-uk.png
boomerang	countries/united-kingdom/boomerang-uk.png
c5n	countries/argentina/c5n-ar.png
canal10	countries/argentina/canal-10-ar.png
canal13	countries/argentina/canal-13-ar.png
canal2posadas	countries/argentina/canal-2-posadas-ar.png
canal26	countries/argentina/canal-26-ar.png
canal4	countries/argentina/canal-4-ar.png
canal7	countries/argentina/canal-7-hd-ar.png
canal8mardelplata	countries/argentina/canal-8-mar-del-plata-ar.png
canal9televida	countries/argentina/canal-9-televida-ar.png
canala	countries/argentina/canal-a-ar.png
canallaciudad	countries/argentina/canal-de-la-ciudad-ar.png
canaldiez	countries/argentina/canal-diez-ar.png
canalluz	countries/argentina/canal-luz-ar.png
canalocho	countries/argentina/canal-ocho-ar.png
canalorbe21	countries/argentina/canal-orbe21-ar.png
canalrural	countries/argentina/canal-rural-ar.png
canalsantamaria	countries/argentina/canal-santa-maria-ar.png
cartoonnetwork	countries/united-kingdom/cartoon-network-uk.png
cine	countries/argentina/cine-ar-ar.png
cinecanal	countries/argentina/cine-canal-ar.png
cinemax	countries/united-states/cinemax-us.png
ciudadmagazine	countries/argentina/ciudad-magazine-ar.png
cmelcanallamusica	countries/argentina/cm-el-canal-de-la-musica-ar.png
cnnenespanol	countries/argentina/cnn-en-espanol-ar.png
comedycentral	countries/united-kingdom/comedy-central-uk.png
cronica	countries/argentina/cronica-hd-ar.png
deportv	countries/argentina/deportv-ar.png
discoverychannel	countries/united-kingdom/discovery-channel-uk.png
discoveryhomeandhealth	countries/united-kingdom/discovery-home-and-health-uk.png
discoverykids	countries/argentina/discovery-kids-ar.png
discoveryscience	countries/united-kingdom/discovery-science-uk.png
discoverytheater	countries/argentina/discovery-theater-hd-ar.png
discoveryturbo	countries/united-kingdom/discovery-turbo-uk.png
discoveryworld	countries/argentina/discovery-world-hd-ar.png
disneychannel	countries/united-kingdom/disney-channel-uk.png
disneyjr	countries/united-kingdom/disney-jr-uk.png
disneyxd	countries/united-kingdom/disney-xd-uk.png
dtvdiputadostelevision	countries/argentina/dtv-diputados-television-ar.png
eldoce	countries/argentina/el-doce-ar.png
elgaragetv	countries/argentina/el-garage-tv-ar.png
elgourmet	countries/argentina/el-gourmet-ar.png
elochotv	countries/argentina/el-ocho-tv-ar.png
elsiete	countries/argentina/el-siete-ar.png
elnueve	countries/argentina/elnueve-ar.png
elonce	countries/argentina/elonce-ar.png
eltrece	countries/argentina/eltrece-ar.png
eltrestv	countries/argentina/eltres-tv-ar.png
encuentro	countries/argentina/encuentro-ar.png
espn2	countries/united-states/espn-2-us.png
espn3	countries/united-states/espn-3-us.png
espn	countries/united-states/espn-us.png
espnextra	countries/argentina/espn-extra-ar.png
espnpremium	countries/argentina/espn-premium-ar.png
eurochannel	countries/argentina/euro-channel-ar.png
europaeuropa	countries/argentina/europa-europa-ar.png
ewtn	countries/argentina/ewtn-ar.png
filmandarts	countries/argentina/film-and-arts-ar.png
foodnetwork	countries/united-kingdom/food-network-uk.png
foxsports2	countries/united-states/fox-sports-2-us.png
foxsports3	countries/argentina/fox-sports-3-ar.png
foxsports	countries/united-states/fox-sports-us.png
foxsportspremium	countries/argentina/fox-sports-premium-ar.png
fx	countries/united-states/fx-us.png
fxm	countries/argentina/fxm-ar.png
glitz	countries/argentina/glitz-ar.png
golfchannel	countries/argentina/golf-channel-ar.png
hbo2	countries/united-states/hd/hbo-2-hd-us.png
hbo	countries/united-states/hbo-us.png
hbofamily	countries/united-states/hbo-family-us.png
hbomundi	countries/argentina/hbo-mundi-ar.png
hboplus	countries/argentina/hbo-plus-ar.png
hbopop	countries/argentina/hbo-pop-ar.png
hbosignature	countries/united-states/hd/hbo-signature-hd-us.png
hboxtreme	countries/argentina/hbo-xtreme-ar.png
hgtv	countries/united-kingdom/hgtv-uk.png
historychannel2	countries/united-states/history-channel-2-us.png
historychannel	countries/united-states/history-channel-us.png
holatv	countries/argentina/hola-tv-ar.png
htv	countries/argentina/htv-ar.png
isat	countries/argentina/i-sat-ar.png
idinvestigationdiscovery	countries/argentina/id-investigation-discovery-ar.png
ipinformacionperiodistica	countries/argentina/ip-informacion-periodistica-ar.png
ipnoticias	countries/argentina/ip-noticias-ar.png
kzo	countries/argentina/kzo-ar.png
lanacionmas	countries/argentina/la-nacion-mas-ar.png
lifetime	countries/united-kingdom/lifetime-uk.png
maschic	countries/argentina/mas-chic-ar.png
metro	countries/argentina/metro-ar.png
mtv00s	countries/united-kingdom/mtv-00s-uk.png
mtv	countries/united-kingdom/hd/mtv-hd-uk.png
mtvhits	countries/united-kingdom/mtv-hits-uk.png
much	countries/canada/much-ca.png
natgeokids	countries/argentina/nat-geo-kids-ar.png
nationalgeographic	countries/united-kingdom/hd/national-geographic-hd-uk.png
nationalgeographicwild	countries/united-kingdom/hd/national-geographic-wild-hd-uk.png
nbatv	countries/united-states/nba-tv-us.png
nettv	countries/argentina/net-tv-ar.png
nickjr	countries/united-kingdom/hd/nick-jr-hd-uk.png
nickmusic	countries/united-states/nick-music-us.png
nickelodeon	countries/united-kingdom/hd/nickelodeon-hd-uk.png
nuevaimagentelevision	countries/argentina/nueva-imagen-television-ar.png
pakapaka	countries/argentina/pakapaka-ar.png
paramountnetwork	countries/united-kingdom/hd/paramount-network-hd-uk.png
paramountnetworkhz	countries/united-states/paramount-network-hz-us.png
pasiones	countries/argentina/pasiones-ar.png
pxsports	countries/argentina/px-sports-ar.png
quieromusicaenmiidioma	countries/argentina/quiero-musica-en-mi-idioma-ar.png
rts	countries/argentina/rts-ar.png
sextreme	countries/argentina/sextreme-ar.png
somospergamino	countries/argentina/somos-pergamino-ar.png
sonychannel	countries/united-kingdom/obsolete/sony-channel-uk.png
space	countries/argentina/space-ar.png
staraction	countries/argentina/star-action-ar.png
starchannel	countries/argentina/star-channel-ar.png
starcinema	countries/argentina/star-cinema-ar.png
starclassics	countries/argentina/star-classics-ar.png
starcomedy	countries/argentina/star-comedy-ar.png
starfun	countries/argentina/star-fun-ar.png
starhits2	countries/argentina/star-hits-2-ar.png
starhits	countries/argentina/star-hits-ar.png
starlife	countries/argentina/star-life-ar.png
starseries	countries/argentina/star-series-ar.png
studiouniversal	countries/argentina/studio-universal-ar.png
sunchannel	countries/argentina/sun-channel-ar.png
syfy	countries/united-kingdom/hd/syfy-hd-uk.png
tbs	countries/united-states/tbs-us.png
tcm	countries/united-states/tcm-us.png
telediariotelevision	countries/argentina/telediario-television-ar.png
telefe	countries/argentina/telefe-ar.png
telefeneuquen	countries/argentina/telefe-neuquen-ar.png
telemax	countries/argentina/telemax-ar.png
telemundointernational	countries/argentina/telemundo-international-ar.png
televisionpublica	countries/argentina/television-publica-ar.png
tlc	countries/united-kingdom/hd/tlc-hd-uk.png
tlstelesol	countries/argentina/tls-telesol-ar.png
todonoticias	countries/argentina/tn-todo-noticias-ar.png
tnt	countries/united-states/tnt-us.png
tntseries	countries/argentina/tnt-series-ar.png
tntsports	countries/argentina/tnt-sports-ar.png
tooncast	countries/argentina/tooncast-ar.png
trutv	countries/united-kingdom/tru-tv-uk.png
tveo	countries/argentina/tveo-ar.png
tycsports2	countries/argentina/tyc-sports-2-ar.png
tycsports3	countries/argentina/tyc-sports-3-ar.png
tycsports	countries/argentina/tyc-sports-ar.png
universaltv	countries/australia/universal-tv-au.png
venus	countries/argentina/venus-ar.png
viajar	countries/argentina/viajar-ar.png
volver	countries/argentina/volver-ar.png
warnerchannel	countries/argentina/warner-channel-ar.png
wobi	countries/argentina/wobi-ar.png
10shake	countries/australia/10-shake-au.png
10sport	countries/australia/10-sport-au.png
7bravo	countries/australia/7bravo-au.png
7flix	countries/australia/7flix-au.png
7mate	countries/australia/7mate-au.png
7two	countries/australia/7two-au.png
aandeplus2	countries/australia/a-and-e-plus-2-au.png
abc	countries/united-states/abc-us.png
abccomedy	countries/australia/abc-comedy-au.png
abccomedykids	countries/australia/abc-comedy-kids-au.png
abcentertains	countries/australia/abc-entertains-au.png
abcfamily	countries/australia/abc-family-au.png
abchz	countries/australia/abc-hd-hz-au.png
abclight	countries/australia/abc-hd-light-au.png
abclighthz	countries/australia/abc-hd-light-hz-au.png
abckids	countries/australia/abc-kids-au.png
abckidshz	countries/australia/abc-kids-hz-au.png
abckidsplus	countries/australia/abc-kids-plus-au.png
abcnews	countries/united-states/abc-news-us.png
abcnewshz	countries/united-states/abc-news-hz-us.png
acctv	countries/australia/acc-tv-au.png
adultswim	countries/united-states/adult-swim-us.png
antennapacific	countries/australia/antenna-pacific-au.png
arena	countries/australia/arena-au.png
arenaplus2	countries/australia/arena-plus-2-au.png
aurora	countries/australia/aurora-au.png
ausmtv	countries/australia/aus-mtv-au.png
ausbiz	countries/australia/ausbiz-au.png
aussieclassics	countries/australia/aussie-classics-au.png
australianplayed	countries/australia/australian-played-au.png
bathurstchannel	countries/australia/bathurst-channel-au.png
bbccbeebies	countries/united-kingdom/bbc-cbeebies-uk.png
bbcdrama	countries/australia/bbc-drama-au.png
bbcearth	countries/canada/bbc-earth-ca.png
bbcfirst	countries/australia/bbc-first-au.png
bbcuktv	countries/australia/bbc-uktv-au.png
bbcuktvplus2	countries/australia/bbc-uktv-plus-2-au.png
ben10popup	countries/australia/ben-10-pop-up-au.png
boomeranglooneytunes	countries/australia/boomerang-looney-tunes-au.png
boomerangscoobydoo	countries/australia/boomerang-scooby-doo-au.png
boxsets	countries/australia/boxsets-au.png
british	countries/australia/british-au.png
britishplus2	countries/australia/british-plus-2-au.png
c31	countries/australia/c31-au.png
cartoonnetworkadventuretimepopup	countries/australia/cartoon-network-adventure-time-pop-up-au.png
cartoonnetworkbatman	countries/australia/cartoon-network-batman-au.png
cartoonnetworkboomerangbearparty	countries/australia/cartoon-network-boomerang-bear-party-au.png
channel44	countries/australia/channel-44-au.png
classics	countries/australia/classics-au.png
classicsplus2	countries/australia/classics-plus-2-au.png
cmt	countries/united-states/cmt-us.png
cnbcaustralia	countries/australia/cnbc-australia-au.png
comedy	countries/australia/comedy-au.png
comedyplus2	countries/australia/comedy-plus-2-au.png
crimeandinvestigation	countries/united-kingdom/crime-and-investigation-uk.png
crime	countries/australia/crime-au.png
crimeplus2	countries/australia/crime-plus-2-au.png
daystar	countries/united-states/daystar-us.png
dgtvdovegospel	countries/australia/dgtv-dove-gospel-au.png
discoverychannelplus2	countries/australia/discovery-channel-plus-2-au.png
discoveryturboplus2	countries/australia/discovery-turbo-plus-2-au.png
docos	countries/australia/docos-au.png
eentertainment	countries/united-kingdom/e-entertainment-uk.png
eentertainmentplus2	countries/australia/e-entertainment-plus-2-au.png
expochannel	countries/australia/expo-channel-au.png
famous	countries/australia/famous-au.png
fox8	countries/australia/fox-8-au.png
fox8plus2	countries/australia/fox-8-plus-2-au.png
foxfunny	countries/australia/fox-funny-au.png
foxfunnyhz	countries/australia/fox-funny-hd-hz-au.png
foxfunnyplus2	countries/australia/fox-funny-plus-2-au.png
foxfunnyplus2hz	countries/australia/fox-funny-plus-2-hz-au.png
foxhits	countries/australia/fox-hits-au.png
foxhitshz	countries/australia/fox-hits-hz-au.png
foxhitsplus2	countries/australia/fox-hits-plus-2-au.png
foxhitsplus2hz	countries/australia/fox-hits-plus-2-hz-au.png
foxsports503	countries/australia/fox-sports-503-au.png
foxsports503hz	countries/australia/fox-sports-503-hd-hz-au.png
foxsports505	countries/australia/fox-sports-505-au.png
foxsports505hz	countries/australia/fox-sports-505-hd-hz-au.png
foxsports506	countries/australia/fox-sports-506-au.png
foxsports506hz	countries/australia/fox-sports-506-hd-hz-au.png
foxsports507	countries/australia/fox-sports-507-au.png
foxsports507hz	countries/australia/fox-sports-507-hd-hz-au.png
foxsports508	countries/australia/fox-sports-508-au.png
foxsports508hz	countries/australia/fox-sports-508-uhd-hz-au.png
foxsportscricket501	countries/australia/fox-sports-cricket-501-au.png
foxsportscricket501hz	countries/australia/fox-sports-cricket-501-hd-hz-au.png
foxsportscrickethz	countries/australia/fox-sports-cricket-hd-hz-au.png
foxsportsfooty504	countries/australia/fox-sports-footy-504-au.png
foxsportsfooty504hz	countries/australia/fox-sports-footy-504-hd-hz-au.png
foxsportsfootyhz	countries/australia/fox-sports-footy-hd-hz-au.png
foxsportshz	countries/australia/fox-sports-hd-hz-au.png
foxsportsleague502	countries/australia/fox-sports-league-502-au.png
foxsportsleague502hz	countries/australia/fox-sports-league-502-hd-hz-au.png
foxsportsleaguehz	countries/australia/fox-sports-league-hd-hz-au.png
foxsportsmoreplus	countries/australia/fox-sports-more-plus-au.png
foxsportsnews	countries/australia/fox-sports-news-au.png
foxsportsregular	countries/australia/fox-sports-regular-au.png
foxsportsthemeafl	countries/australia/fox-sports-theme-afl-au.png
foxsportsthemebasketball	countries/australia/fox-sports-theme-basketball-au.png
foxsportsthemecricket	countries/australia/fox-sports-theme-cricket-au.png
foxsportsthemefootball	countries/australia/fox-sports-theme-football-au.png
foxsportsthemegolf	countries/australia/fox-sports-theme-golf-au.png
foxsportsthememotorsport	countries/australia/fox-sports-theme-motorsport-au.png
foxsportsthemenetball	countries/australia/fox-sports-theme-netball-au.png
foxsportsthemenhl	countries/australia/fox-sports-theme-nhl-au.png
foxsportsthemenrl	countries/australia/fox-sports-theme-nrl-au.png
foxsportsthemerugby	countries/australia/fox-sports-theme-rugby-au.png
foxsportsthemetennis	countries/australia/fox-sports-theme-tennis-au.png
foxsportstransparent	countries/australia/fox-sports-transparent-au.png
foxsportsultra	countries/australia/fox-sports-ultra-hd-au.png
foxsportsultrahz	countries/australia/fox-sports-ultra-hd-hz-au.png
foxtelarts	countries/australia/foxtel-arts-au.png
foxtel80sclassics	countries/australia/foxtel-movies/foxtel-80s-classics-au.png
foxtelaussiemovies	countries/australia/foxtel-movies/foxtel-aussie-movies-au.png
foxtelbarbiemovies	countries/australia/foxtel-movies/foxtel-barbie-movies-au.png
foxtellovedup	countries/australia/foxtel-movies/foxtel-loved-up-au.png
foxtelmonstermovies	countries/australia/foxtel-movies/foxtel-monster-movies-au.png
foxtelmoviesultra	countries/australia/foxtel-movies/foxtel-movies-4k-ultra-hd-au.png
foxtelmovies90sclassics	countries/australia/foxtel-movies/foxtel-movies-90s-classics-au.png
foxtelmoviesaction	countries/australia/foxtel-movies/foxtel-movies-action-au.png
foxtelmoviesactionmen	countries/australia/foxtel-movies/foxtel-movies-action-men-au.png
foxtelmoviesactionplus2	countries/australia/foxtel-movies/foxtel-movies-action-plus-2-au.png
foxtelmoviesanimationnation	countries/australia/foxtel-movies/foxtel-movies-animation-nation-au.png
foxtelmoviesbestdirectors	countries/australia/foxtel-movies/foxtel-movies-best-directors-au.png
foxtelmoviesbiopics	countries/australia/foxtel-movies/foxtel-movies-biopics-au.png
foxtelmoviesblockbusters	countries/australia/foxtel-movies/foxtel-movies-blockbusters-au.png
foxtelmoviesblockbusters2	countries/australia/foxtel-movies/foxtel-movies-blockbusters2-au.png
foxtelmovieschristmasmovies	countries/australia/foxtel-movies/foxtel-movies-christmas-movies-au.png
foxtelmoviescomedy	countries/australia/foxtel-movies/foxtel-movies-comedy-au.png
foxtelmoviescomedyduos	countries/australia/foxtel-movies/foxtel-movies-comedy-duos-au.png
foxtelmoviescomedyhits	countries/australia/foxtel-movies/foxtel-movies-comedy-hits-au.png
foxtelmoviescruisecontrol	countries/australia/foxtel-movies/foxtel-movies-cruise-control-au.png
foxtelmoviesdcfilms	countries/australia/foxtel-movies/foxtel-movies-dc-films-au.png
foxtelmoviesdrama	countries/australia/foxtel-movies/foxtel-movies-drama-au.png
foxtelmoviesfamily	countries/australia/foxtel-movies/foxtel-movies-family-au.png
foxtelmoviesfamilyfranchises	countries/australia/foxtel-movies/foxtel-movies-family-franchises-au.png
foxtelmoviesfamilyplus2	countries/australia/foxtel-movies/foxtel-movies-family-plus-2-au.png
foxtelmoviesfemalefighters	countries/australia/foxtel-movies/foxtel-movies-female-fighters-au.png
foxtelmoviesgreats	countries/australia/foxtel-movies/foxtel-movies-greats-au.png
foxtelmovieshits	countries/australia/foxtel-movies/foxtel-movies-hits-au.png
foxtelmoviesiconicfilms	countries/australia/foxtel-movies/foxtel-movies-iconic-films-au.png
foxtelmovieskids	countries/australia/foxtel-movies/foxtel-movies-kids-au.png
foxtelmovieslife	countries/australia/foxtel-movies/foxtel-movies-life-au.png
foxtelmoviespremiere	countries/australia/foxtel-movies/foxtel-movies-premiere-au.png
foxtelmoviespremiereplus2	countries/australia/foxtel-movies/foxtel-movies-premiere-plus-2-au.png
foxtelmoviespulp	countries/australia/foxtel-movies/foxtel-movies-pulp-au.png
foxtelmoviesromcoms	countries/australia/foxtel-movies/foxtel-movies-rom-coms-au.png
foxtelmoviesromance	countries/australia/foxtel-movies/foxtel-movies-romance-au.png
foxtelmoviesspiderthon	countries/australia/foxtel-movies/foxtel-movies-spider-thon-au.png
foxtelmoviesspygames	countries/australia/foxtel-movies/foxtel-movies-spy-games-au.png
foxtelmoviesthriller	countries/australia/foxtel-movies/foxtel-movies-thriller-au.png
foxtelmovieswizardingworld	countries/australia/foxtel-movies/foxtel-movies-wizarding-world-au.png
foxtelrevheadsmovies	countries/australia/foxtel-movies/foxtel-rev-heads-movies-au.png
foxtel1	countries/australia/foxtel-one-au.png
foxtel1plus2	countries/australia/foxtel-one-plus-2-au.png
foxw	countries/australia/foxw-au.png
goodtv	countries/australia/good-tv-au.png
gwn7	countries/australia/gwn7-au.png
hillsongchannel	countries/australia/hillsong-channel-au.png
ictv	countries/australia/ictv-au.png
imparja	countries/australia/imparja-au.png
ishoptv	countries/australia/ishop-tv-au.png
lifestyle	countries/australia/lifestyle-au.png
lifestylefood	countries/australia/lifestyle-food-au.png
lifestylefoodplus2	countries/australia/lifestyle-food-plus-2-au.png
lifestylehome	countries/australia/lifestyle-home-au.png
lifestyleplus2	countries/australia/lifestyle-plus-2-au.png
lifetimemovienetwork	countries/united-states/lifetime-movie-network-us.png
mtvclassic	countries/united-kingdom/mtv-classic-uk.png
mtvclub	countries/united-kingdom/mtv-club-uk.png
network10	countries/australia/network-10-au.png
network10comedy	countries/australia/network-10-comedy-au.png
network10drama	countries/australia/network-10-drama-au.png
9	countries/australia/nine-au.png
9gem	countries/australia/nine-gem-au.png
9go	countries/australia/nine-go-au.png
9life	countries/australia/nine-life-au.png
9now	countries/australia/nine-now-au.png
9rush	countries/australia/nine-rush-au.png
nitv	countries/australia/nitv-au.png
nitvhz	countries/australia/nitv-hz-au.png
openshop	countries/australia/openshop-au.png
optussport1	countries/australia/optus-sport-1-au.png
optussport2	countries/australia/optus-sport-2-au.png
optussport3	countries/australia/optus-sport-3-au.png
optussport4	countries/australia/optus-sport-4-au.png
optussport5	countries/australia/optus-sport-5-au.png
optussport6	countries/australia/optus-sport-6-au.png
optussport7	countries/australia/optus-sport-7-au.png
optussport	countries/australia/optus-sport-au.png
optussporticon	countries/australia/optus-sport-icon-au.png
outdoorchannel	countries/united-states/outdoor-channel-us.png
prime7	countries/australia/prime7-au.png
racingcom	countries/australia/racing-com-au.png
realcrime	countries/australia/real-crime-au.png
realhistory	countries/australia/real-history-au.png
reallife	countries/australia/real-life-au.png
reallifehz	countries/australia/real-life-hd-hz-au.png
reallifeplus2	countries/australia/real-life-plus-2-au.png
reallifeplus2hz	countries/australia/real-life-plus-2-hz-au.png
retro	countries/australia/retro-au.png
sbn	countries/united-states/sbn-us.png
sbs	countries/australia/sbs-au.png
sbsfood	countries/australia/sbs-food-au.png
sbsfoodhz	countries/australia/sbs-food-hz-au.png
sbsviceland	countries/australia/sbs-viceland-au.png
sbsworldmovies	countries/australia/sbs-world-movies-au.png
sbsworldmovieshz	countries/australia/sbs-world-movies-hz-au.png
sbsworldwatch	countries/australia/sbs-world-watch-au.png
sbsworldwatchhz	countries/australia/sbs-world-watch-hz-au.png
scifi	countries/australia/scifi-au.png
scifiplus2	countries/australia/scifi-plus-2-au.png
7	countries/australia/seven-au.png
showcase	countries/united-kingdom/showcase-uk.png
showcasehz	countries/australia/showcase-hd-hz-au.png
showcaseplus2	countries/australia/showcase-plus-2-au.png
showcaseplus2hz	countries/australia/showcase-plus-2-hz-au.png
skynews	countries/united-kingdom/hd/sky-news-hd-uk.png
skynewscovid19	countries/australia/sky-news-covid-19-au.png
skynewsextra	countries/australia/sky-news-extra-au.png
skynewsonwin	countries/australia/sky-news-on-win-au.png
skynewsweather	countries/australia/sky-news-weather-au.png
skyracing1	countries/australia/sky-racing-1-au.png
skyracing2	countries/australia/sky-racing-2-au.png
skyracing	countries/australia/sky-racing-au.png
skythoroughbredcentral	countries/australia/sky-thoroughbred-central-au.png
sleuth	countries/australia/sleuth-au.png
sleuthplus2	countries/australia/sleuth-plus-2-au.png
smootharts	countries/australia/smooth-arts-au.png
spike	countries/australia/spike-au.png
spreetv	countries/australia/spree-tv-au.png
stanevent	countries/australia/stan-event-au.png
stansport	countries/australia/stan-sport-au.png
tbninspire	countries/australia/tbn-inspire-au.png
tlcplus2	countries/australia/tlc-plus-2-au.png
travel	countries/australia/travel-au.png
tvsn	countries/australia/tvsn-au.png
universaltvplus2	countries/australia/universal-tv-plus-2-au.png
westtv	countries/australia/west-tv-au.png
win	countries/australia/win-au.png
winbold	countries/australia/win-bold-au.png
winpeach	countries/australia/win-peach-au.png
youtv	countries/australia/you-tv-au.png
123tv	countries/austria/123-tv-at.png
arcadia	countries/austria/arcadia-at.png
atv	countries/austria/atv-at.png
atv2	countries/austria/atv2-at.png
bergblick	countries/austria/bergblick-at.png
btvkarnten	countries/austria/btv-karnten-at.png
bvn	countries/austria/bvn-at.png
canalplusfirst	countries/austria/canal-plus-first-at.png
canalplusgolf	countries/austria/canal-plus-golf-at.png
comedycentralaustria	countries/austria/comedy-central-austria-at.png
dmaxaustria	countries/austria/dmax-austria-at.png
exxpresstv	countries/austria/exxpress-tv-at.png
gutelaunetv	countries/austria/gute-laune-tv-at.png
kabeleinsaustria	countries/austria/hd/kabel-eins-austria-hd-at.png
orfsportplus	countries/austria/hd/orf-sport-plus-hd-at.png
puls4	countries/austria/hd/puls4-hd-at.png
servustv	countries/austria/hd/servus-tv-hd-at.png
skysportaustria1	countries/austria/hd/sky-sport-austria-1-hd-at.png
skysportaustria2	countries/austria/hd/sky-sport-austria-2-hd-at.png
skysportaustria3	countries/austria/hd/sky-sport-austria-3-hd-at.png
skysportaustria4	countries/austria/hd/sky-sport-austria-4-hd-at.png
skysportaustria5	countries/austria/hd/sky-sport-austria-5-hd-at.png
skysportaustria6	countries/austria/hd/sky-sport-austria-6-hd-at.png
skysportaustria7	countries/austria/hd/sky-sport-austria-7-hd-at.png
skysportaustria8	countries/austria/hd/sky-sport-austria-8-hd-at.png
skysportaustria	countries/austria/hd/sky-sport-austria-hd-at.png
hitradioo3	countries/austria/hitradio-o3-at.png
hse	countries/austria/hse-at.png
hseextra	countries/austria/hse-extra-at.png
hsetrend	countries/austria/hse-trend-at.png
ht1	countries/austria/ht1-at.png
ktv	countries/austria/k-tv-at.png
k19	countries/austria/k19-at.png
kabeleinsdokuaustria	countries/austria/kabel-eins-doku-austria-at.png
kanal3	countries/austria/kanal3-at.png
kronetv	countries/austria/krone-tv-at.png
kt1	countries/austria/kt1-at.png
kuriertv	countries/austria/kurier-tv-at.png
landletv	countries/austria/landle-tv-at.png
laola1	countries/austria/laola1-at.png
lt1	countries/austria/lt1-at.png
magentainfokanal	countries/austria/magenta-infokanal-at.png
magentasport1	countries/austria/magenta-sport-1-at.png
magentasport10	countries/austria/magenta-sport-10-at.png
magentasport11	countries/austria/magenta-sport-11-at.png
magentasport12	countries/austria/magenta-sport-12-at.png
magentasport13	countries/austria/magenta-sport-13-at.png
magentasport14	countries/austria/magenta-sport-14-at.png
magentasport15	countries/austria/magenta-sport-15-at.png
magentasport16	countries/austria/magenta-sport-16-at.png
magentasport17	countries/austria/magenta-sport-17-at.png
magentasport18	countries/austria/magenta-sport-18-at.png
magentasport19	countries/austria/magenta-sport-19-at.png
magentasport2	countries/austria/magenta-sport-2-at.png
magentasport20	countries/austria/magenta-sport-20-at.png
magentasport3	countries/austria/magenta-sport-3-at.png
magentasport4	countries/austria/magenta-sport-4-at.png
magentasport5	countries/austria/magenta-sport-5-at.png
magentasport6	countries/austria/magenta-sport-6-at.png
magentasport7	countries/austria/magenta-sport-7-at.png
magentasport8	countries/austria/magenta-sport-8-at.png
magentasport9	countries/austria/magenta-sport-9-at.png
melodietv	countries/austria/melodie-tv-at.png
nickelodeonaustria	countries/austria/nickelodeon-austria-at.png
nonn1	countries/austria/non-n1-at.png
oe24	countries/austria/oe24-at.png
okto	countries/austria/okto-at.png
orfburgenland	countries/austria/orf-burgenland-at.png
orfkarnten	countries/austria/orf-karnten-at.png
orfkids	countries/austria/orf-kids-at.png
orfniederosterreich	countries/austria/orf-niederosterreich-at.png
orfoberosterreich	countries/austria/orf-oberosterreich-at.png
orfsalzburg	countries/austria/orf-salzburg-at.png
orfsteiermark	countries/austria/orf-steiermark-at.png
orftirol	countries/austria/orf-tirol-at.png
orfvorarlberg	countries/austria/orf-vorarlberg-at.png
orfwien	countries/austria/orf-wien-at.png
orf1	countries/austria/orf1-at.png
orf2	countries/austria/orf2-at.png
orf3	countries/austria/orf3-at.png
prosiebenaustria	countries/austria/prosieben-austria-at.png
prosiebenmaxxaustria	countries/austria/prosieben-maxx-austria-at.png
puls24	countries/austria/puls24-at.png
r9	countries/austria/r9-at.png
salzitv	countries/austria/salzi-tv-at.png
sat1goldosterreich	countries/austria/sat1-gold-osterreich-at.png
sat1osterreich	countries/austria/sat1-osterreich-at.png
sixxaustria	countries/austria/sixx-austria-at.png
skysci	countries/united-kingdom/hd/sky-sci-fi-hd-uk.png
skysportkompakt1	countries/austria/sky-sport-kompakt-1-at.png
skysportkompakt2	countries/austria/sky-sport-kompakt-2-at.png
skysportkompakt3	countries/austria/sky-sport-kompakt-3-at.png
skysportkompakt4	countries/austria/sky-sport-kompakt-4-at.png
skysportkompakt5	countries/austria/sky-sport-kompakt-5-at.png
sportmyteamtv1	countries/austria/sport-myteamtv-1-at.png
sportmyteamtv10	countries/austria/sport-myteamtv-10-at.png
sportmyteamtv11	countries/austria/sport-myteamtv-11-at.png
sportmyteamtv12	countries/austria/sport-myteamtv-12-at.png
sportmyteamtv13	countries/austria/sport-myteamtv-13-at.png
sportmyteamtv14	countries/austria/sport-myteamtv-14-at.png
sportmyteamtv15	countries/austria/sport-myteamtv-15-at.png
sportmyteamtv16	countries/austria/sport-myteamtv-16-at.png
sportmyteamtv17	countries/austria/sport-myteamtv-17-at.png
sportmyteamtv18	countries/austria/sport-myteamtv-18-at.png
sportmyteamtv2	countries/austria/sport-myteamtv-2-at.png
sportmyteamtv3	countries/austria/sport-myteamtv-3-at.png
sportmyteamtv4	countries/austria/sport-myteamtv-4-at.png
sportmyteamtv5	countries/austria/sport-myteamtv-5-at.png
sportmyteamtv6	countries/austria/sport-myteamtv-6-at.png
sportmyteamtv7	countries/austria/sport-myteamtv-7-at.png
sportmyteamtv8	countries/austria/sport-myteamtv-8-at.png
sportmyteamtv9	countries/austria/sport-myteamtv-9-at.png
tiroltv	countries/austria/tirol-tv-at.png
tlcaustria	countries/austria/tlc-austria-at.png
tv1oberosterreich	countries/austria/tv1-oberosterreich-at.png
vulkantv	countries/austria/vulkan-tv-at.png
w24	countries/austria/w24-at.png
wntv	countries/austria/wntv-at.png
wt1	countries/austria/wt1-at.png
ztv	countries/austria/ztv-at.png
aztv	countries/azerbaijan/az-tv-tr.png
idmantv	countries/azerbaijan/idman-tv-tr.png
medeniyyettv	countries/azerbaijan/medeniyyet-tv-tr.png
13emerue	countries/belgium/13eme-rue-be.png
abxplore	countries/belgium/ab-xplore-be.png
actv	countries/belgium/actv-be.png
artebelgique	countries/belgium/arte-belgique-be.png
auviokids	countries/belgium/auvio-kids-be.png
avs	countries/belgium/avs-be.png
series	countries/belgium/be-series-be.png
tv	countries/united-states/es-tv-us.png
be1	countries/belgium/be1-be.png
be1plus	countries/belgium/be1-plus-be.png
belrtl	countries/belgium/bel-rtl-be.png
bouke	countries/belgium/bouke-be.png
brf	countries/belgium/brf-be.png
brffernsehen	countries/belgium/brf-fernsehen-be.png
bruzz	countries/belgium/bruzz-be.png
bx1	countries/belgium/bx1-be.png
canalc	countries/belgium/canal-c-be.png
canalz	countries/belgium/canal-z-be.png
canalzoom	countries/belgium/canal-zoom-be.png
canvas	countries/belgium/canvas-be.png
cineplusclassic	countries/belgium/cine-plus-classic-be.png
cineplusfrisson	countries/belgium/cine-plus-frisson-be.png
cinepluspremier	countries/belgium/cine-plus-premier-be.png
clubrtl	countries/belgium/club-rtl-be.png
dazn1	countries/united-kingdom/dazn1-uk.png
dazn2	countries/belgium/dazn-2-be.png
dazn3	countries/belgium/dazn-3-be.png
dazn4	countries/belgium/dazn-4-be.png
dazn5	countries/belgium/dazn-5-be.png
dazn6	countries/belgium/dazn-6-be.png
daznproleague1	countries/belgium/dazn-pro-league-1-be.png
daznproleague2	countries/belgium/dazn-pro-league-2-be.png
daznproleague3	countries/belgium/dazn-pro-league-3-be.png
eclipstv	countries/belgium/eclips-tv-be.png
een	countries/belgium/een-be.png
11sports1	countries/belgium/eleven-sports-1-fr-be.png
11sports2	countries/belgium/eleven-sports-2-fr-be.png
11sports3	countries/belgium/eleven-sports-3-fr-be.png
11sportsproleague1	countries/belgium/eleven-sports-pro-league-1-fr-be.png
11sportsproleague2	countries/belgium/eleven-sports-pro-league-2-fr-be.png
11sportsproleague3	countries/belgium/eleven-sports-pro-league-3-fr-be.png
focustv	countries/belgium/focus-tv-be.png
kanaalz	countries/belgium/kanaal-z-be.png
ketnet	countries/belgium/ketnet-be.png
ketnetjr	countries/belgium/ketnet-jr-be.png
latrois	countries/belgium/la-trois-be.png
laune	countries/belgium/la-une-be.png
lci	countries/belgium/lci-be.png
ln24	countries/belgium/ln24-be.png
matele	countries/belgium/matele-be.png
menttv	countries/belgium/ment-tv-be.png
njam	countries/belgium/njam-be.png
notele	countries/belgium/notele-be.png
ouftivi	countries/belgium/ouf-tivi-be.png
picksports1	countries/belgium/pick-sports-1-fr-be.png
picksports10	countries/belgium/pick-sports-10-fr-be.png
picksports2	countries/belgium/pick-sports-2-fr-be.png
picksports3	countries/belgium/pick-sports-3-fr-be.png
picksports4	countries/belgium/pick-sports-4-fr-be.png
picksports5	countries/belgium/pick-sports-5-fr-be.png
picksports6	countries/belgium/pick-sports-6-fr-be.png
picksports7	countries/belgium/pick-sports-7-fr-be.png
picksports8	countries/belgium/pick-sports-8-fr-be.png
picksports9	countries/belgium/pick-sports-9-fr-be.png
pickxlive	countries/belgium/pickx-live-be.png
pickxplus	countries/belgium/pickx-plus-be.png
playactie	countries/belgium/play-actie-be.png
play	countries/belgium/play-be.png
playcrime	countries/belgium/play-crime-be.png
playfictie	countries/belgium/play-fictie-be.png
playmoreblack	countries/belgium/play-more-black-be.png
playmorecinema	countries/belgium/play-more-cinema-be.png
playmorekicks	countries/belgium/play-more-kicks-be.png
playreality	countries/belgium/play-reality-be.png
playsports1	countries/belgium/play-sports-1-be.png
playsports2	countries/belgium/play-sports-2-be.png
playsports3	countries/belgium/play-sports-3-be.png
playsports4	countries/belgium/play-sports-4-be.png
playsports5	countries/belgium/play-sports-5-be.png
playsports	countries/belgium/play-sports-be.png
playsportsgolf	countries/belgium/play-sports-golf-be.png
playsportsopen	countries/belgium/play-sports-open-be.png
plugrtl	countries/belgium/plug-rtl-be.png
proximus	countries/belgium/proximus-be.png
qmusic	countries/belgium/qmusic-be.png
robtv	countries/belgium/rob-tv-be.png
rtbf	countries/belgium/rtbf-be.png
rtcteleliege	countries/belgium/rtc-tele-liege-be.png
rtlclub	countries/belgium/rtl-club-be.png
rtlplug	countries/belgium/rtl-plug-be.png
rtltvi	countries/belgium/rtl-tvi-be.png
rtv	countries/belgium/rtv-be.png
studio100hits	countries/belgium/studio-100-hits-be.png
studio100tv	countries/belgium/studio-100-tv-be.png
telemb	countries/belgium/tele-mb-be.png
telesambre	countries/belgium/telesambre-be.png
tf1	countries/belgium/tf1-be.png
tfx	countries/belgium/tfx-be.png
tipik	countries/belgium/tipik-be.png
tmc	countries/belgium/tmc-be.png
tvcom	countries/belgium/tv-com-be.png
tvlimburg	countries/belgium/tv-limburg-be.png
tvlux	countries/belgium/tv-lux-be.png
tvo	countries/canada/tvo-ca.png
vedia	countries/belgium/vedia-be.png
vlaamsparlementtv	countries/belgium/vlaams-parlement-tv-be.png
voosportworld1	countries/belgium/voo-sport-world-1-be.png
voosportworld2	countries/belgium/voo-sport-world-2-be.png
voosportworld3	countries/belgium/voo-sport-world-3-be.png
voosportworld4	countries/belgium/voo-sport-world-4-be.png
vrt1	countries/belgium/vrt-1-be.png
vrt	countries/belgium/vrt-be.png
vrtcanvas	countries/belgium/vrt-canvas-be.png
vrtmax	countries/belgium/vrt-max-be.png
vrtnws	countries/belgium/vrt-nws-be.png
vtm	countries/belgium/vtm-be.png
vtmgold	countries/belgium/vtm-gold-be.png
vtmlife	countries/belgium/vtm-life-be.png
vtmnonstop90s	countries/belgium/vtm-non-stop-90s-be.png
vtmseries	countries/belgium/vtm-series-be.png
vtm2	countries/belgium/vtm2-be.png
vtm3	countries/belgium/vtm3-be.png
vtm4	countries/belgium/vtm4-be.png
agromais	countries/brazil/agro-mais-br.png
arte1	countries/brazil/arte1-br.png
band	countries/brazil/band-br.png
bandinternacional	countries/brazil/band-internacional-br.png
bandnews	countries/brazil/band-news-br.png
bandsports	countries/brazil/band-sports-br.png
bis	countries/brazil/bis-br.png
boxkidstv	countries/brazil/box-kids-tv-br.png
canalbrasil	countries/brazil/canal-brasil-br.png
canalempreender	countries/brazil/canal-empreender-br.png
canalgov	countries/brazil/canal-gov-br.png
canaloff	countries/brazil/canal-off-br.png
cancaonovatv	countries/brazil/cancao-nova-tv-br.png
cartoonito	countries/united-kingdom/cartoonito-uk.png
cnnbrasil	countries/brazil/cnn-brasil-br.png
cnnbrasilmoney	countries/brazil/cnn-brasil-money-br.png
difusora	countries/brazil/difusora-br.png
dreamworkschannel	countries/brazil/dreamworks-channel-br.png
dumdum	countries/brazil/dumdum-br.png
espn4	countries/brazil/espn-4-br.png
espn5	countries/brazil/espn-5-br.png
fishtv	countries/brazil/fish-tv-br.png
futura	countries/brazil/futura-br.png
getv	countries/brazil/ge-tv-br.png
globo	countries/brazil/globo-br.png
globonews	countries/brazil/globo-news-br.png
globoplaynovelas	countries/brazil/globoplay-novelas-br.png
gloob	countries/brazil/gloob-br.png
gloobinho	countries/brazil/gloobinho-br.png
gnt	countries/brazil/gnt-br.png
hbopack	countries/brazil/hbo-pack-br.png
idealtv	countries/brazil/ideal-tv-br.png
jovempannews	countries/brazil/jovem-pan-news-br.png
jovempantv	countries/brazil/jovem-pan-tv-br.png
megapix	countries/brazil/megapix-br.png
modoviagem	countries/brazil/modo-viagem-br.png
multishow	countries/brazil/multishow-br.png
novotempo	countries/brazil/novo-tempo-br.png
playtv	countries/brazil/play-tv-br.png
polishop	countries/brazil/polishop-br.png
premiere	countries/brazil/premiere-br.png
primeboxbrazil	countries/brazil/prime-box-brazil-br.png
rbi	countries/brazil/rbi-br.png
rbtv	countries/brazil/rbtv-br.png
record	countries/brazil/record-br.png
recordnews	countries/brazil/record-news-br.png
rede21	countries/brazil/rede-21-br.png
redecnt	countries/brazil/rede-cnt-br.png
redegospel	countries/brazil/rede-gospel-br.png
redeintertv	countries/brazil/rede-inter-tv-br.png
rederecord	countries/brazil/rede-record-br.png
redetv	countries/brazil/rede-tv-br.png
redevida	countries/brazil/rede-vida-br.png
ricrecord	countries/brazil/ric-record-br.png
rit	countries/brazil/rit-br.png
saborandarte	countries/brazil/sabor-and-arte-br.png
sbt	countries/brazil/sbt-br.png
sbtnews	countries/brazil/sbt-news-br.png
sexprive	countries/brazil/sexprive-br.png
sexyhot	countries/brazil/sexy-hot-br.png
shoptime	countries/brazil/shoptime-br.png
sonymovies	countries/united-kingdom/obsolete/sony-movies-uk.png
sportv	countries/brazil/sportv-br.png
sportv2	countries/brazil/sportv2-br.png
sportv3	countries/brazil/sportv3-br.png
telecineaction	countries/brazil/tele-cine-action-br.png
telecinecult	countries/brazil/tele-cine-cult-br.png
telecinefun	countries/brazil/tele-cine-fun-br.png
telecinepipoca	countries/brazil/tele-cine-pipoca-br.png
telecinepremium	countries/brazil/tele-cine-premium-br.png
telecinetouch	countries/brazil/tele-cine-touch-br.png
terraviva	countries/brazil/terraviva-br.png
timesbrasilcnbc	countries/brazil/times-brasil-cnbc-br.png
tracebrasil	countries/brazil/trace-brasil-br.png
tvaparecida	countries/brazil/tv-aparecida-br.png
tvbahia	countries/brazil/tv-bahia-br.png
tvbrasil	countries/brazil/tv-brasil-br.png
tvcamara	countries/brazil/tv-camara-br.png
tvcultura	countries/brazil/tv-cultura-br.png
tvescola	countries/brazil/tv-escola-br.png
tvgazeta	countries/brazil/tv-gazeta-br.png
tvmeio	countries/brazil/tv-meio-br.png
tvpaieterno	countries/brazil/tv-pai-eterno-br.png
tvratimbum	countries/brazil/tv-ra-tim-bum-br.png
tvsenado	countries/brazil/tv-senado-br.png
tvsim	countries/brazil/tv-sim-br.png
woohoo	countries/brazil/woohoo-br.png
xsports	countries/brazil/x-sports-br.png
zoomoo	countries/brazil/zoomoo-br.png
24kitchen	countries/bulgaria/24-kitchen-bg.png
78tv	countries/bulgaria/7-8-tv-bg.png
agrotv	countries/bulgaria/agro-tv-bg.png
arenaaction	countries/bulgaria/arena-action-bg.png
arenacomedy	countries/bulgaria/arena-comedy-bg.png
arenalife	countries/bulgaria/arena-life-bg.png
b1baction	countries/bulgaria/b1b-action-bg.png
b1bsport	countries/bulgaria/b1b-sport-bg.png
b1btv	countries/bulgaria/b1b-tv-bg.png
balkanikamusictelevision	countries/bulgaria/balkanika-music-television-bg.png
barelylegaltv	countries/bulgaria/barely-legal-tv-bg.png
muicchannel	countries/bulgaria/bg-muic-channel-bg.png
bloombergtvbulgaria	countries/bulgaria/bloomberg-tv-bulgaria-bg.png
bnt1	countries/bulgaria/bnt-1-bg.png
bnt2	countries/bulgaria/bnt-2-bg.png
bnt3	countries/bulgaria/bnt-3-bg.png
bnt4	countries/bulgaria/bnt-4-bg.png
bstv	countries/bulgaria/bstv-bg.png
btvaction	countries/bulgaria/btv-action-bg.png
btv	countries/bulgaria/btv-bg.png
btvcinema	countries/bulgaria/btv-cinema-bg.png
btvcomedy	countries/bulgaria/btv-comedy-bg.png
btvlady	countries/bulgaria/btv-lady-bg.png
bulgaria24	countries/bulgaria/bulgaria-24-bg.png
bulgariaonair	countries/bulgaria/bulgaria-on-air-bg.png
chasseetpeche	countries/bulgaria/chasse-et-peche-bg.png
citytv	countries/canada/city-tv-ca.png
classicalharmony	countries/bulgaria/classical-harmony-bg.png
codefashion	countries/bulgaria/code-fashion-bg.png
codehealth	countries/bulgaria/code-health-bg.png
diema	countries/bulgaria/diema-bg.png
diemafamily	countries/bulgaria/diema-family-bg.png
diemasport	countries/bulgaria/diema-sport-hd-bg.png
diemasport2	countries/bulgaria/diema-sport2-4k-bg.png
diemasport3	countries/bulgaria/diema-sport3-4k-bg.png
dorcelxxx	countries/canada/dorcel-xxx-ca.png
dstv	countries/bulgaria/dstv-bg.png
ectvkids	countries/bulgaria/ectv-kids-bg.png
ekids	countries/bulgaria/ekids-bg.png
erox	countries/bulgaria/erox-bg.png
eroxxx	countries/bulgaria/eroxxx-bg.png
evilangel	countries/united-states/hd/evil-angel-hd-us.png
evrokom	countries/bulgaria/evrokom-bg.png
fantazzytv	countries/bulgaria/fantazzy-tv-bg.png
fenfolktv	countries/bulgaria/fen-folk-tv-bg.png
fixandfoxi	countries/bulgaria/fix-and-foxi-bg.png
folklortv	countries/bulgaria/folklor-tv-bg.png
hitmixmusic	countries/bulgaria/hit-mix-music-bg.png
hustler	countries/united-states/hustler-hd-us.png
hustlertv	countries/united-states/hustler-tv-us.png
karusel	countries/bulgaria/karusel-bg.png
kinonova	countries/bulgaria/kino-nova-bg.png
magictv	countries/united-kingdom/magic-tv-uk.png
maxsport1	countries/bulgaria/max-sport-1-bg.png
maxsport2	countries/bulgaria/max-sport-2-bg.png
maxsport3	countries/bulgaria/max-sport-3-bg.png
maxsport4	countries/bulgaria/max-sport-4-bg.png
moviestar	countries/bulgaria/movie-star-bg.png
nova	countries/bulgaria/nova-bg.png
novanews	countries/bulgaria/nova-news-bg.png
novasport	countries/bulgaria/nova-sport-bg.png
passionxxx2	countries/bulgaria/passion-xxx-2-bg.png
passionxxx	countries/bulgaria/passion-xxx-bg.png
penthousegold	countries/united-states/penthouse-gold-us.png
penthousepassion	countries/bulgaria/penthouse-passion-bg.png
penthouserealitytvbangbros	countries/bulgaria/penthouse-reality-tv-bang-bros-bg.png
planeta	countries/bulgaria/planeta-bg.png
planetafolk	countries/bulgaria/planeta-folk-bg.png
playboytv	countries/united-states/playboy-tv-us.png
privatetv	countries/bulgaria/private-tv-bg.png
ring	countries/bulgaria/ring-bg.png
skat	countries/bulgaria/skat-bg.png
sportal	countries/bulgaria/sportal-bg.png
starcrime	countries/bulgaria/star-crime-bg.png
super1	countries/bulgaria/super-one-bg.png
thevoice	countries/bulgaria/the-voice-bg.png
thisisbulgaria	countries/bulgaria/this-is-bulgaria-bg.png
traveltv	countries/bulgaria/travel-tv-bg.png
tvrodina	countries/bulgaria/tv-rodina-bg.png
unitelclassica	countries/bulgaria/unitel-classica-bg.png
wnesstv	countries/bulgaria/wness-tv-bg.png
xymax	countries/bulgaria/xy-max-bg.png
xymix	countries/bulgaria/xy-mix-bg.png
xyplus	countries/bulgaria/xy-plus-bg.png
aside	countries/canada/a-side-ca.png
abcspark	countries/canada/abc-spark-ca.png
abudhabitv	countries/canada/abu-dhabi-tv-ca.png
addiktv	countries/canada/addik-tv-ca.png
alnahartv	countries/canada/al-nahar-tv-ca.png
amitele	countries/canada/ami-tele-ca.png
amitv	countries/canada/ami-tv-ca.png
aptn	countries/canada/aptn-ca.png
atncricketplus	countries/canada/atn-cricket-plus-ca.png
bbccanada	countries/canada/bbc-canada-ca.png
bnnbloomberg	countries/canada/bnn-bloomberg-ca.png
booktelevision	countries/canada/book-television-ca.png
canald	countries/canada/canal-d-ca.png
canalm	countries/canada/canal-m-ca.png
cartoonnetworkplus	countries/united-kingdom/cartoon-network-plus-uk.png
casa	countries/canada/casa-ca.png
cbc	countries/canada/cbc-ca.png
cbcidentity	countries/canada/cbc-identity-ca.png
cbcnewsnetwork	countries/canada/cbc-news-network-ca.png
cbcottawa	countries/canada/cbc-ottawa-ca.png
cbctelevision	countries/canada/cbc-television-ca.png
cbctoronto	countries/canada/cbc-toronto-ca.png
cbcvancouver	countries/canada/cbc-vancouver-ca.png
cbcwindsor	countries/canada/cbc-windsor-ca.png
chch	countries/canada/chch-ca.png
cinepop	countries/canada/cine-pop-ca.png
cottagelife	countries/canada/cottage-life-ca.png
cp24	countries/canada/cp24-ca.png
cpac	countries/canada/cpac-ca.png
crave1	countries/canada/crave-1-ca.png
crave2	countries/canada/crave-2-ca.png
crave3	countries/canada/crave-3-ca.png
crave4	countries/canada/crave-4-ca.png
crave	countries/canada/crave-ca.png
ctv2	countries/canada/ctv-2-ca.png
ctv	countries/canada/ctv-ca.png
ctvcomedychannel	countries/canada/ctv-comedy-channel-ca.png
ctvdramachannel	countries/canada/ctv-drama-channel-ca.png
ctvlifechannel	countries/canada/ctv-life-channel-ca.png
ctvmovies	countries/canada/ctv-movies-ca.png
ctvnaturechannel	countries/canada/ctv-nature-channel-ca.png
ctvnews	countries/canada/ctv-news-ca.png
ctvnewshorizontal	countries/canada/ctv-news-horizontal-ca.png
ctvscichannel	countries/canada/ctv-sci-fi-channel-ca.png
ctvspeedchannel	countries/canada/ctv-speed-channel-ca.png
ctvthrowback	countries/canada/ctv-throwback-ca.png
ctvwildchannel	countries/canada/ctv-wild-channel-ca.png
cultmovienetwork	countries/canada/cult-movie-network-ca.png
cw	countries/united-states/cw-us.png
dazn	countries/united-states/dazn-us.png
dejaview	countries/canada/dejaview-ca.png
discoveryvelocity	countries/canada/discovery-velocity-ca.png
disneylachaine	countries/canada/disney-la-chaine-ca.png
diynetwork	countries/canada/diy-network-ca.png
documentarychannel	countries/canada/documentary-channel-ca.png
dtour	countries/canada/dtour-ca.png
espnclassic	countries/united-states/espn-classic-us.png
euronews	countries/canada/euro-news-ca.png
evasion	countries/canada/evasion-ca.png
exxxtasy	countries/canada/exxxtasy-ca.png
family	countries/canada/family-ca.png
familyjr	countries/canada/family-jr-ca.png
fightnetwork	countries/united-kingdom/fight-network-uk.png
foxsportsracing	countries/canada/fox-sports-racing-ca.png
gameplus	countries/canada/game-plus-ca.png
gametv	countries/canada/game-tv-ca.png
ginxesportstv	countries/canada/ginx-esports-tv-ca.png
globalbc	countries/canada/global-bc-ca.png
global	countries/canada/global-ca.png
globalcalgary	countries/canada/global-calgary-ca.png
globaldurham	countries/canada/global-durham-ca.png
globaledmonton	countries/canada/global-edmonton-ca.png
globalhalifax	countries/canada/global-halifax-ca.png
globalkingston	countries/canada/global-kingston-ca.png
globallethbridge	countries/canada/global-lethbridge-ca.png
globalmontreal	countries/canada/global-montreal-ca.png
globalnewbrunswick	countries/canada/global-new-brunswick-ca.png
globalnewsbc1	countries/canada/global-news-bc1-ca.png
globalnews	countries/canada/global-news-ca.png
globalokanagan	countries/canada/global-okanagan-ca.png
globalpeterborough	countries/canada/global-peterborough-ca.png
globalregina	countries/canada/global-regina-ca.png
globalsaskatoon	countries/canada/global-saskatoon-ca.png
globaltoronto	countries/canada/global-toronto-ca.png
globalwinnipeg	countries/canada/global-winnipeg-ca.png
hbo1	countries/canada/hbo-1-ca.png
hifi	countries/canada/hifi-ca.png
historia	countries/canada/historia-ca.png
history	countries/canada/history-hd-ca.png
hln	countries/united-states/hln-us.png
hollywoodsuite2000smovies	countries/canada/hollywood-suite-2000s-movies-ca.png
hollywoodsuite70smovies	countries/canada/hollywood-suite-70s-movies-ca.png
hollywoodsuite80smovies	countries/canada/hollywood-suite-80s-movies-ca.png
hollywoodsuite90smovies	countries/canada/hollywood-suite-90s-movies-ca.png
hpibet	countries/canada/hpi-bet-ca.png
iciartv	countries/canada/ici-artv-ca.png
iciexplora	countries/canada/ici-explora-ca.png
icirdi	countries/canada/ici-rdi-ca.png
icitele	countries/canada/ici-tele-ca.png
indigo	countries/canada/indigo-ca.png
inuittv	countries/canada/inuit-tv-ca.png
investigation	countries/canada/investigation-ca.png
investigationdiscovery	countries/united-kingdom/hd/investigation-discovery-hd-uk.png
investigationdiscoveryflat	countries/canada/investigation-discovery-flat-ca.png
investigationdiscoveryiconflat	countries/canada/investigation-discovery-icon-flat-ca.png
knowledgekids	countries/canada/knowledge-kids-ca.png
knowledgekidshz	countries/canada/knowledge-kids-hz-ca.png
knowledgenetwork	countries/canada/knowledge-network-ca.png
knowledgenetworkhz	countries/canada/knowledge-network-hz-ca.png
knowledgenetworkicon	countries/canada/knowledge-network-icon-ca.png
lcn	countries/canada/lcn-ca.png
leafsnationnetwork	countries/canada/leafs-nation-network-ca.png
cbccalgarycbrt	countries/canada/local/cbc-calgary-cbrt-ca.png
cbcedmontoncbxt	countries/canada/local/cbc-edmonton-cbxt-ca.png
cbcmanitobacbwt	countries/canada/local/cbc-manitoba-cbwt-ca.png
cbcmontrealcbmt	countries/canada/local/cbc-montreal-cbmt-ca.png
cbcnewbrunswickcbat	countries/canada/local/cbc-new-brunswick-cbat-ca.png
cbcnewfoundlandandlabradorcbnt	countries/canada/local/cbc-newfoundland-and-labrador-cbnt-ca.png
cbcnorthcfyk	countries/canada/local/cbc-north-cfyk-ca.png
cbcnovascotiacbht	countries/canada/local/cbc-nova-scotia-cbht-ca.png
cbcottawacbot	countries/canada/local/cbc-ottawa-cbot-ca.png
cbcpeicbct	countries/canada/local/cbc-pei-cbct-ca.png
cbcsaskatchewancbkt	countries/canada/local/cbc-saskatchewan-cbkt-ca.png
cbctorontocblt	countries/canada/local/cbc-toronto-cblt-ca.png
cbcvancouvercbut	countries/canada/local/cbc-vancouver-cbut-ca.png
cbcwindsorcbet	countries/canada/local/cbc-windsor-cbet-ca.png
lovenature	countries/united-kingdom/love-nature-4k-uk.png
lovenaturewhite	countries/united-kingdom/love-nature-4k-white-uk.png
makeful	countries/canada/makeful-ca.png
mavtv	countries/canada/mav-tv-ca.png
meteomedia	countries/canada/meteo-media-ca.png
miraclechannel	countries/canada/miracle-channel-ca.png
moietcie	countries/canada/moi-et-cie-ca.png
movietime	countries/canada/movietime-ca.png
nhlcentreice	countries/canada/nhl-centre-ice-ca.png
nick	countries/united-kingdom/nick-uk.png
ntvcjondt	countries/canada/ntv-cjon-dt-ca.png
oln	countries/canada/oln-ca.png
omni1	countries/canada/omni-1-ca.png
omni2	countries/canada/omni-2-ca.png
omnitelevision	countries/canada/omni-television-ca.png
1getfit	countries/canada/one-get-fit-ca.png
1soccer	countries/canada/one-soccer-ca.png
oxygen	countries/united-states/oxygen-us.png
penthousetv	countries/united-states/penthouse-tv-us.png
prise2	countries/canada/prise-2-ca.png
rds2	countries/canada/rds-2-ca.png
rds	countries/canada/rds-ca.png
rdsinfo	countries/canada/rds-info-ca.png
revtv	countries/canada/rev-tv-ca.png
rewind	countries/canada/rewind-ca.png
rfi	countries/canada/rfi-ca.png
seriesplus	countries/canada/series-plus-ca.png
silverscreenclassics	countries/canada/silver-screen-classics-ca.png
skinemax	countries/canada/skine-max-hd-ca.png
slice	countries/canada/slice-ca.png
smithsonianchannel	countries/united-kingdom/hd/smithsonian-channel-hd-uk.png
sportsmanchannel	countries/united-states/sportsman-channel-us.png
sportsnet360	countries/canada/sportsnet-360-ca.png
sportsnet	countries/canada/sportsnet-ca.png
sportsnetcanucks	countries/canada/sportsnet-canucks-ca.png
sportsneteast	countries/canada/sportsnet-east-ca.png
sportsnetflames	countries/canada/sportsnet-flames-ca.png
sportsnetoilers	countries/canada/sportsnet-oilers-ca.png
sportsnet1	countries/canada/sportsnet-one-ca.png
sportsnetontario	countries/canada/sportsnet-ontario-ca.png
sportsnetpacific	countries/canada/sportsnet-pacific-ca.png
sportsnetsn	countries/canada/sportsnet-sn-4k-ca.png
sportsnetsn1	countries/canada/sportsnet-sn1-4k-ca.png
sportsnetsn360	countries/canada/sportsnet-sn360-ca.png
sportsnetsne	countries/canada/sportsnet-sne-ca.png
sportsnetsnnow	countries/canada/sportsnet-snnow-ca.png
sportsnetsnnowplus	countries/canada/sportsnet-snnowplus-ca.png
sportsnetsno	countries/canada/sportsnet-sno-ca.png
sportsnetsnone	countries/canada/sportsnet-snone-ca.png
sportsnetsnp	countries/canada/sportsnet-snp-ca.png
sportsnetsnw	countries/canada/sportsnet-snw-ca.png
sportsnetsnwl	countries/canada/sportsnet-snwl-ca.png
sportsnetsnworld	countries/canada/sportsnet-snworld-ca.png
sportsnetwest	countries/canada/sportsnet-west-ca.png
sportsnetworld	countries/canada/sportsnet-world-ca.png
starz1	countries/canada/starz-1-ca.png
starz2	countries/canada/starz-2-ca.png
stingrayclassica	countries/canada/stingray-classica-ca.png
stingraycmusic	countries/canada/stingray-cmusic-ca.png
stingraycountry	countries/canada/stingray-country-ca.png
stingrayhits	countries/canada/stingray-hits-ca.png
stingraylitetv	countries/canada/stingray-lite-tv-ca.png
stingrayloud	countries/canada/stingray-loud-ca.png
stingraymusic	countries/canada/stingray-music-ca.png
stingraynow	countries/canada/stingray-now-4k-ca.png
stingraypalmaresadisq	countries/canada/stingray-palmares-adisq-ca.png
stingrayretro	countries/canada/stingray-retro-ca.png
stingrayvibe	countries/canada/stingray-vibe-ca.png
superchannel	countries/canada/super-channel-ca.png
superchannelfusetv	countries/canada/super-channel-fuse-tv-ca.png
superchannelheartandhome	countries/canada/super-channel-heart-and-home-ca.png
superchannelquest	countries/canada/super-channel-quest-ca.png
superchannelthevault	countries/canada/super-channel-the-vault-ca.png
superecran1	countries/canada/super-ecran-1-ca.png
superecran2	countries/canada/super-ecran-2-ca.png
superecran3	countries/canada/super-ecran-3-ca.png
superecran4	countries/canada/super-ecran-4-ca.png
tpluse	countries/canada/t-plus-e-ca.png
tcmmovies	countries/united-kingdom/tcm-movies-uk.png
telebimbi	countries/canada/tele-bimbi-ca.png
telemagino	countries/canada/telemagino-ca.png
teletoon	countries/canada/teletoon-ca.png
tfo	countries/canada/tfo-ca.png
theweathernetwork	countries/canada/the-weather-network-ca.png
toonavision	countries/canada/toon-a-vision-ca.png
travelandescape	countries/canada/travel-and-escape-ca.png
treehouse	countries/canada/treehouse-ca.png
tsc	countries/canada/tsc-ca.png
tsn1	countries/canada/tsn-1-ca.png
tsn2	countries/canada/tsn-2-4k-ca.png
tsn3	countries/canada/tsn-3-ca.png
tsn4	countries/canada/tsn-4-ca.png
tsn	countries/canada/tsn-4k-ca.png
tsn5	countries/canada/tsn-5-ca.png
tsnhockey	countries/canada/tsn-hockey-ca.png
tv5	countries/canada/tv-5-ca.png
tva	countries/canada/tva-ca.png
tvasports2	countries/canada/tva-sports-2-ca.png
tvasports2hz	countries/canada/tva-sports-2-hz-ca.png
tvasports3	countries/canada/tva-sports-3-ca.png
tvasports3hz	countries/canada/tva-sports-3-hz-ca.png
tvasports	countries/canada/tva-sports-ca.png
tvasportshz	countries/canada/tva-sports-hz-ca.png
unistv	countries/canada/unis-tv-ca.png
network	countries/canada/usa-network-ca.png
v	countries/canada/v-ca.png
vie	countries/canada/vie-ca.png
vision	countries/canada/vision-ca.png
vrak	countries/canada/vrak-ca.png
wnetwork	countries/united-kingdom/hd/w-network-hd-uk.png
wildtv	countries/canada/wild-tv-ca.png
wildbraintv	countries/canada/wildbrain-tv-ca.png
yoopa	countries/canada/yoopa-ca.png
ytv	countries/canada/ytv-ca.png
z	countries/canada/z-ca.png
zeste	countries/canada/zeste-ca.png
flowsportscar	countries/caribbean/flow-sports-car.png
flowsportshzcar	countries/caribbean/flow-sports-hz-car.png
sportsmax2hzjm	countries/caribbean/jamaica/sportsmax-2-hz-jm.png
sportsmaxhzjm	countries/caribbean/jamaica/sportsmax-hz-jm.png
rush2car	countries/caribbean/rush-2-car.png
rush3car	countries/caribbean/rush-3-car.png
rushcar	countries/caribbean/rush-car.png
13cocina	countries/chile/13-cocina-cl.png
13cultura	countries/chile/13-cultura-cl.png
13festival	countries/chile/13-festival-cl.png
13internacional	countries/chile/13-internacional-cl.png
13pop	countries/chile/13-pop-cl.png
13realities	countries/chile/13-realities-cl.png
13rec	countries/chile/13-rec-cl.png
13teleseries	countries/chile/13-teleseries-cl.png
13viajes	countries/chile/13-viajes-cl.png
13c	countries/chile/13c-cl.png
chilevisionculto	countries/chile/chilevision-de-culto-cl.png
t13	countries/chile/t13-cl.png
t13envivo	countries/chile/t13-en-vivo-cl.png
t13finde	countries/chile/t13-finde-cl.png
tvr	countries/chile/tvr-cl.png
viax	countries/chile/via-x-cl.png
cdr2cr	countries/costa-rica/cdr-2-cr.png
dreamworkschannelcr	countries/costa-rica/dreamworks-channel-cr.png
repretel11cr	countries/costa-rica/repretel-11-cr.png
repretel4cr	countries/costa-rica/repretel-4-cr.png
repretel6cr	countries/costa-rica/repretel-6-cr.png
teleunotvcr	countries/costa-rica/tele-uno-tv-cr.png
teletica7cr	countries/costa-rica/teletica-7-cr.png
arenaesport	countries/croatia/arena-esport-hr.png
arenaesporticon	countries/croatia/arena-esport-icon-hr.png
arenafight	countries/croatia/arena-fight-hr.png
arenasport1	countries/croatia/arena-sport-1-hr.png
arenasport1icon	countries/croatia/arena-sport-1-icon-hr.png
arenasport10	countries/croatia/arena-sport-10-hr.png
arenasport10icon	countries/croatia/arena-sport-10-icon-hr.png
arenasport2	countries/croatia/arena-sport-2-hr.png
arenasport2icon	countries/croatia/arena-sport-2-icon-hr.png
arenasport3	countries/croatia/arena-sport-3-hr.png
arenasport3icon	countries/croatia/arena-sport-3-icon-hr.png
arenasport4	countries/croatia/arena-sport-4-hr.png
arenasport4icon	countries/croatia/arena-sport-4-icon-hr.png
arenasport5	countries/croatia/arena-sport-5-hr.png
arenasport5icon	countries/croatia/arena-sport-5-icon-hr.png
arenasport6	countries/croatia/arena-sport-6-hr.png
arenasport6icon	countries/croatia/arena-sport-6-icon-hr.png
arenasport7	countries/croatia/arena-sport-7-hr.png
arenasport7icon	countries/croatia/arena-sport-7-icon-hr.png
arenasport8	countries/croatia/arena-sport-8-hr.png
arenasport8icon	countries/croatia/arena-sport-8-icon-hr.png
arenasport9	countries/croatia/arena-sport-9-hr.png
arenasport9icon	countries/croatia/arena-sport-9-icon-hr.png
auroratv	countries/croatia/aurora-tv-hr.png
bravotv	countries/croatia/bravo-tv-hr.png
cinemax2	countries/croatia/cinemax2-hr.png
cinestartv1	countries/croatia/cinestar-tv-1-hr.png
cinestartv2	countries/croatia/cinestar-tv-2-hr.png
cinestartvaction	countries/croatia/cinestar-tv-action-hr.png
cinestartvcomedy	countries/croatia/cinestar-tv-comedy-hr.png
cinestartvfantasy	countries/croatia/cinestar-tv-fantasy-hr.png
cinestartvpremiere1	countries/croatia/cinestar-tv-premiere1-hr.png
cinestartvpremiere2	countries/croatia/cinestar-tv-premiere2-hr.png
cmctv	countries/croatia/cmc-tv-hr.png
diadoratv	countries/croatia/diadora-tv-hr.png
diva	countries/croatia/diva-hr.png
dizi	countries/croatia/dizi-hr.png
dmctv	countries/croatia/dmc-tv-hr.png
dokutv	countries/croatia/doku-tv-hr.png
doma	countries/croatia/doma-hr.png
dtx	countries/croatia/dtx-hr.png
dutv	countries/croatia/dutv-hr.png
epicdrama	countries/croatia/epic-drama-hr.png
fastandfunbox	countries/croatia/fast-and-funbox-hr.png
fightbox	countries/croatia/fight-box-hr.png
fightchannel	countries/croatia/fight-channel-hr.png
filmboxarthouse	countries/croatia/filmbox-arthouse-hr.png
filmboxextra	countries/croatia/filmbox-extra-hr.png
filmboxplus	countries/croatia/filmbox-plus-hr.png
filmboxpremium	countries/croatia/filmbox-premium-hr.png
filmboxstars	countries/croatia/filmbox-stars-hr.png
foxcrime	countries/croatia/fox-crime-hr.png
fox	countries/united-kingdom/fox-uk.png
foxlife	countries/croatia/fox-life-hr.png
foxmovies	countries/croatia/fox-movies-hr.png
gp1	countries/croatia/gp1-hr.png
hbo3	countries/croatia/hbo3-hr.png
foxmovieshz	countries/croatia/hd/fox-movies-hd-hz-hr.png
hntv	countries/croatia/hd/hntv-hd-hr.png
hrt1	countries/croatia/hd/hrt-1-hd-hr.png
hrt2	countries/croatia/hd/hrt-2-hd-hr.png
hrt3	countries/croatia/hd/hrt-3-hd-hr.png
hrt4	countries/croatia/hd/hrt-4-hd-hr.png
kinotv	countries/croatia/hd/kino-tv-hd-hr.png
pickboxtv	countries/croatia/hd/pickbox-tv-hd-hr.png
sportklub1	countries/croatia/hd/sportklub-1-hd-hr.png
sportklub2	countries/croatia/hd/sportklub-2-hd-hr.png
sportklub3	countries/croatia/hd/sportklub-3-hd-hr.png
sportklub	countries/croatia/hd/sportklub-hd-hr.png
viasatexplore	countries/croatia/hd/viasat-explore-hd-hr.png
viasathistory	countries/croatia/hd/viasat-history-hd-hr.png
viasatnature	countries/croatia/hd/viasat-nature-hd-hr.png
hrtint	countries/croatia/hrt-int-hr.png
jugotontv	countries/croatia/jugoton-tv-hr.png
kanalri	countries/croatia/kanal-ri-hr.png
klapeitamburetv	countries/croatia/klape-i-tambure-tv-hr.png
klasiktv	countries/croatia/klasiktv-hr.png
kreatortv	countries/croatia/kreator-tv-hr.png
laudatotv	countries/croatia/laudato-tv-hr.png
libertastv	countries/croatia/libertas-tv-hr.png
loviribolov	countries/croatia/lov-i-ribolov-hr.png
m1filmfamily	countries/croatia/m1-film-family-hr.png
m1filmgold	countries/croatia/m1-film-gold-hr.png
m1film	countries/croatia/m1-film-hr.png
minitv	countries/croatia/mini-tv-hr.png
mrezatv	countries/croatia/mreza-tv-hr.png
mrezatvsplit	countries/croatia/mreza-tv-split-hr.png
mrezatvzagreb	countries/croatia/mreza-tv-zagreb-hr.png
n1	countries/croatia/n1-hr.png
narodni	countries/croatia/narodni-hr.png
novacinema	countries/croatia/nova-cinema-hr.png
novafamily	countries/croatia/nova-family-hr.png
novamax	countries/croatia/nova-max-hr.png
novaseries	countries/croatia/nova-series-hr.png
novaworld	countries/croatia/nova-world-hr.png
osjecka	countries/croatia/osjecka-hr.png
otv	countries/croatia/otv-hr.png
planetsport1	countries/croatia/planet-sport-1-hr.png
planetsport2	countries/croatia/planet-sport-2-hr.png
planetsport3	countries/croatia/planet-sport-3-hr.png
planetsport4	countries/croatia/planet-sport-4-hr.png
planetsport5	countries/croatia/planet-sport-5-hr.png
plavavinkovacka	countries/croatia/plava-vinkovacka-hr.png
poljoprivrednatv	countries/croatia/poljoprivredna-tv-hr.png
rtladria	countries/croatia/rtl-adria-hr.png
rtlcrime	countries/croatia/rtl-crime-hr.png
rtl	countries/croatia/rtl-hr.png
rtlkockica	countries/croatia/rtl-kockica-hr.png
rtlkockicahz	countries/croatia/rtl-kockica-hz-hr.png
rtlliving	countries/croatia/rtl-living-hr.png
rtlpassion	countries/croatia/rtl-passion-hr.png
rtl2	countries/croatia/rtl2-hr.png
rtl2hz	countries/croatia/rtl2-hz-hr.png
sbtv	countries/croatia/sbtv-hr.png
slavonskatelevizija	countries/croatia/slavonska-televizija-hr.png
sportklub10	countries/croatia/sportklub-10-hr.png
sportklub4	countries/croatia/sportklub-4-hr.png
sportklub5	countries/croatia/sportklub-5-hr.png
sportklub6	countries/croatia/sportklub-6-hr.png
sportklub7	countries/croatia/sportklub-7-hr.png
sportklub8	countries/croatia/sportklub-8-hr.png
sportklub9	countries/croatia/sportklub-9-hr.png
sportklubesports	countries/croatia/sportklub-esports-hr.png
sportklubgolf	countries/croatia/sportklub-golf-hr.png
sportskatelevizija	countries/croatia/sportska-televizija-hr.png
sportskatv	countries/croatia/sportskatv-hr.png
televizijadalmacija	countries/croatia/televizija-dalmacija-hr.png
televizijajadran	countries/croatia/televizija-jadran-hr.png
televizijastudent	countries/croatia/televizija-student-hr.png
televizijazapad	countries/croatia/televizija-zapad-hr.png
trendtv	countries/croatia/trend-tv-hr.png
tvsibenik	countries/croatia/tv-sibenik-hr.png
tv1000	countries/croatia/tv1000-hr.png
varazdinskatelevizija	countries/croatia/varazdinska-televizija-hr.png
z1	countries/croatia/z1-hr.png
zdravatelevizija	countries/croatia/zdrava-televizija-hr.png
axnblack	countries/czech-republic/axn-black-cz.png
axnwhite	countries/czech-republic/axn-white-cz.png
barrandovkino	countries/czech-republic/barrandov-kino-cz.png
barrandovkrimi	countries/czech-republic/barrandov-krimi-cz.png
barrandovtv	countries/czech-republic/barrandov-tv-cz.png
canalplussport2	countries/czech-republic/canal-plus-sport-2-cz.png
cnnprimanews	countries/czech-republic/cnn-prima-news-cz.png
cshistory	countries/czech-republic/cs-history-cz.png
csmystery	countries/czech-republic/cs-mystery-cz.png
ctart	countries/czech-republic/ct-art-cz.png
ctdctart	countries/czech-republic/ct-d-ct-art-cz.png
ctd	countries/czech-republic/ct-d-cz.png
ctsport	countries/czech-republic/ct-sport-cz.png
ct1	countries/czech-republic/ct1-cz.png
ct2	countries/czech-republic/ct2-cz.png
ct24	countries/czech-republic/ct24-cz.png
extasy	countries/czech-republic/extasy-cz.png
filmeurope	countries/czech-republic/film-europe-cz.png
filmeuropeplus	countries/czech-republic/film-europe-plus-cz.png
filmplus	countries/czech-republic/film-plus-cz.png
filmbox	countries/czech-republic/filmbox-cz.png
filmboxfamily	countries/czech-republic/filmbox-family-cz.png
hobbytv	countries/czech-republic/hobby-tv-cz.png
inultra	countries/czech-republic/inultra-cz.png
jojcinema	countries/czech-republic/joj-cinema-cz.png
jojcinemaplus	countries/czech-republic/joj-cinema-plus-cz.png
jojfamily	countries/czech-republic/joj-family-cz.png
jojsvet	countries/czech-republic/joj-svet-cz.png
jtv	countries/united-states/jtv-us.png
kanal1	countries/czech-republic/kanal1-cz.png
lalatv	countries/czech-republic/lala-tv-cz.png
leotv	countries/czech-republic/leo-tv-cz.png
leotvgold	countries/czech-republic/leo-tv-gold-cz.png
minimax	countries/czech-republic/minimax-cz.png
mnam	countries/czech-republic/mnam-cz.png
mnautv	countries/czech-republic/mnau-tv-cz.png
nasregion	countries/czech-republic/nas-region-cz.png
novaaction	countries/czech-republic/nova-action-cz.png
novafun	countries/czech-republic/nova-fun-cz.png
novagold	countries/czech-republic/nova-gold-cz.png
novakrimi	countries/czech-republic/nova-krimi-cz.png
novalady	countries/czech-republic/nova-lady-cz.png
novasport1	countries/czech-republic/nova-sport-1-cz.png
novasport2	countries/czech-republic/nova-sport-2-cz.png
novasport3	countries/czech-republic/nova-sport-3-cz.png
novasport4	countries/czech-republic/nova-sport-4-cz.png
novasport5	countries/czech-republic/nova-sport-5-cz.png
novasport6	countries/czech-republic/nova-sport-6-cz.png
ockoblack	countries/czech-republic/ocko-black-cz.png
ocko	countries/czech-republic/ocko-cz.png
ockoexpres	countries/czech-republic/ocko-expres-cz.png
ockostar	countries/czech-republic/ocko-star-cz.png
oneplaysport1	countries/czech-republic/oneplay-sport-1-cz.png
oneplaysport2	countries/czech-republic/oneplay-sport-2-cz.png
oneplaysport3	countries/czech-republic/oneplay-sport-3-cz.png
oneplaysport4	countries/czech-republic/oneplay-sport-4-cz.png
oneplaysport	countries/czech-republic/oneplay-sport-4k-cz.png
polar	countries/czech-republic/polar-cz.png
prahatv	countries/czech-republic/praha-tv-cz.png
premiersport1	countries/czech-republic/premier-sport-1-cz.png
premiersport2	countries/czech-republic/premier-sport-2-cz.png
premiersport3	countries/czech-republic/premier-sport-3-cz.png
primacool	countries/czech-republic/prima-cool-cz.png
prima	countries/czech-republic/prima-cz.png
primakrimi	countries/czech-republic/prima-krimi-cz.png
primalove	countries/czech-republic/prima-love-cz.png
primamax	countries/czech-republic/prima-max-cz.png
primaplus	countries/czech-republic/prima-plus-cz.png
primashow	countries/czech-republic/prima-show-cz.png
primastar	countries/czech-republic/prima-star-cz.png
primazoom	countries/czech-republic/prima-zoom-cz.png
rebel	countries/czech-republic/rebel-cz.png
regionyplus	countries/czech-republic/regiony-plus-cz.png
relax	countries/czech-republic/relax-cz.png
rtmplus	countries/czech-republic/rtm-plus-cz.png
seznamtv	countries/czech-republic/seznam-tv-cz.png
slagrmuzika	countries/czech-republic/slagr-muzika-cz.png
slagroriginal	countries/czech-republic/slagr-original-cz.png
slagrpremium	countries/czech-republic/slagr-premium-cz.png
spektrum	countries/czech-republic/spektrum-cz.png
spektrumhome	countries/czech-republic/spektrum-home-cz.png
tvbrno1	countries/czech-republic/tv-brno-1-cz.png
tvnoe	countries/czech-republic/tv-noe-cz.png
tvpaprika	countries/czech-republic/tv-paprika-cz.png
tvv1	countries/czech-republic/tv-v1-cz.png
tvs	countries/czech-republic/tvs-cz.png
warnertv	countries/czech-republic/warner-tv-ch.png
6ter	countries/france/6ter-fr.png
ab1	countries/france/ab1-fr.png
ab3	countries/france/ab3-fr.png
abx	countries/france/abx-fr.png
action	countries/france/action-fr.png
alticestudio	countries/france/altice-studio-fr.png
animaux	countries/france/animaux-fr.png
arte	countries/france/arte-fr.png
automotolachaine	countries/france/automoto-la-chaine-fr.png
bsmart	countries/france/b-smart-fr.png
beinsports1french	countries/france/bein-sports-1-french-fr.png
beinsports2french	countries/france/bein-sports-2-french-fr.png
beinsports3french	countries/france/bein-sports-3-french-fr.png
beinsports	countries/united-states/bein-sports-us.png
bet	countries/united-kingdom/bet-uk.png
bfmbusiness	countries/france/bfm-business-fr.png
bfmgrandlille	countries/france/bfm-grand-lille-fr.png
bfmgrandlittoral	countries/france/bfm-grand-littoral-fr.png
bfmlyon	countries/france/bfm-lyon-fr.png
bfmparis	countries/france/bfm-paris-fr.png
bfmtv	countries/france/bfm-tv-fr.png
boing	countries/france/boing-fr.png
cnews	countries/france/c-news-fr.png
cnewsprime	countries/france/c-news-prime-fr.png
cstar	countries/france/c-star-fr.png
c8	countries/france/c8-fr.png
canalj	countries/france/canal-j-fr.png
canalplusboxoffice	countries/france/canal-plus-box-office-fr.png
canalpluscinemas	countries/france/canal-plus-cinemas-fr.png
canalplusdocs	countries/france/canal-plus-docs-fr.png
canalplusfoot	countries/france/canal-plus-foot-fr.png
canalplusformula1	countries/france/canal-plus-formula1-fr.png
canalplus	countries/france/canal-plus-fr.png
canalplusgrandecran	countries/france/canal-plus-grand-ecran-fr.png
canalplushello	countries/france/canal-plus-hello-fr.png
canalpluskids	countries/france/canal-plus-kids-fr.png
canalplusligue1	countries/france/canal-plus-ligue1-fr.png
canalplusmagic	countries/france/canal-plus-magic-fr.png
canalplusmotogp	countries/france/canal-plus-moto-gp-fr.png
canalplusoutremer	countries/france/canal-plus-outremer-fr.png
canalpluspremierleague	countries/france/canal-plus-premier-league-fr.png
canalplusseries	countries/france/canal-plus-series-fr.png
canalplussport360	countries/france/canal-plus-sport-360-fr.png
canalplussport	countries/france/canal-plus-sport-fr.png
canalplusstory	countries/france/canal-plus-story-fr.png
canalplustop14rugby	countries/france/canal-plus-top-14-rugby-fr.png
cineplusemotion	countries/france/cine-plus-emotion-fr.png
cineplusfamily	countries/france/cine-plus-family-fr.png
cineplusfestival	countries/france/cine-plus-festival-fr.png
cineplusocs	countries/france/cine-plus-ocs-fr.png
comedieplus	countries/france/comedie-plus-fr.png
crimedistrict	countries/france/crime-district-fr.png
culturebox	countries/france/culturebox-fr.png
dreamsee	countries/france/dreamsee-fr.png
drivemoviechannel	countries/france/drive-in-movie-channel-fr.png
equidia	countries/france/equidia-fr.png
europe2poptv	countries/france/europe-2-pop-tv-fr.png
europe1tv	countries/france/europe1-tv-fr.png
eurosport1	countries/united-kingdom/eurosport-1-uk.png
eurosport2	countries/united-kingdom/eurosport-2-uk.png
france2	countries/france/france-2-fr.png
france24	countries/france/france-24-fr.png
france3	countries/france/france-3-fr.png
france4	countries/france/france-4-fr.png
france5	countries/france/france-5-fr.png
franceinfo	countries/france/franceinfo-fr.png
game1	countries/france/game-one-fr.png
golfplus	countries/france/golf-plus-fr.png
gulli	countries/france/gulli-fr.png
canalpluscinema	countries/france/hd/canal-plus-cinema-hd-fr.png
canalplusdecale	countries/france/hd/canal-plus-decale-hd-fr.png
canalplusfamily	countries/france/hd/canal-plus-family-hd-fr.png
cineplusclub	countries/france/hd/cine-plus-club-hd-fr.png
cineplusfamiz	countries/france/hd/cine-plus-famiz-hd-fr.png
eurosport	countries/united-kingdom/eurosport-4k-uk.png
m6	countries/france/hd/m6-hd-fr.png
rmcsport1	countries/france/hd/rmc-sport-1-uhd-fr.png
rmcsport2	countries/france/hd/rmc-sport-2-uhd-fr.png
rtl9	countries/france/hd/rtl9-hd-fr.png
histoiretv	countries/france/histoire-tv-fr.png
infosportplus	countries/france/infosport-plus-fr.png
j1	countries/france/j-one-fr.png
kto	countries/france/kto-fr.png
lachainemeteo	countries/france/la-chaine-meteo-fr.png
lcp	countries/france/lcp-fr.png
lequipe	countries/france/lequipe-fr.png
ligue1plus10	countries/france/ligue-1plus-10-fr.png
ligue1plus2	countries/france/ligue-1plus-2-fr.png
ligue1plus3	countries/france/ligue-1plus-3-fr.png
ligue1plus4	countries/france/ligue-1plus-4-fr.png
ligue1plus5	countries/france/ligue-1plus-5-fr.png
ligue1plus6	countries/france/ligue-1plus-6-fr.png
ligue1plus7	countries/france/ligue-1plus-7-fr.png
ligue1plus8	countries/france/ligue-1plus-8-fr.png
ligue1plus9	countries/france/ligue-1plus-9-fr.png
ligue1plus	countries/france/ligue-1plus-fr.png
m6music	countries/france/m6-music-fr.png
mangas	countries/france/mangas-fr.png
mcm	countries/france/mcm-fr.png
mcmpop	countries/france/mcm-pop-fr.png
mcmtop	countries/france/mcm-top-fr.png
melody	countries/france/melody-fr.png
mezzo	countries/france/mezzo-fr.png
mezzolive	countries/france/mezzo-live-fr.png
mggtv	countries/france/mgg-tv-fr.png
monnickelodeonjunior	countries/france/mon-nickelodeon-junior-fr.png
motorvisionplus	countries/france/motorvision-plus-fr.png
motorvisiontv	countries/france/motorvision-tv-fr.png
multisports1	countries/france/multisports-1-fr.png
multisports2	countries/france/multisports-2-fr.png
multisports3	countries/france/multisports-3-fr.png
multisports4	countries/france/multisports-4-fr.png
multisports5	countries/france/multisports-5-fr.png
multisports6	countries/france/multisports-6-fr.png
multisports	countries/france/multisports-fr.png
nickelodeonjunior	countries/france/nickelodeon-junior-fr.png
nickelodeonplus	countries/united-kingdom/nickelodeon-plus-uk.png
nickelodeonteen	countries/france/nickelodeon-teen-fr.png
nolife	countries/france/nolife-fr.png
nonstoppeople	countries/france/non-stop-people-fr.png
novelastv	countries/france/novelas-tv-fr.png
novo19	countries/france/novo19-fr.png
nrj12	countries/france/nrj-12-fr.png
nrjhits	countries/france/nrj-hits-fr.png
ocschoc	countries/france/ocs-choc-fr.png
ocscity	countries/france/ocs-city-fr.png
ocs	countries/france/ocs-fr.png
ocsgeants	countries/france/ocs-geants-fr.png
ocsmax	countries/france/ocs-max-fr.png
ocspulp	countries/france/ocs-pulp-fr.png
oltv	countries/france/ol-tv-fr.png
olympiatv	countries/france/olympia-tv-fr.png
1tv	countries/united-states/one-tv-us.png
paramountchanneldecale	countries/france/paramount-channel-decale-fr.png
paramountchannel	countries/france/paramount-channel-fr.png
parispremiere	countries/france/paris-premiere-fr.png
pitchountv	countries/france/pitchoun-tv-fr.png
piwiplus	countries/france/piwi-plus-fr.png
planeteplusaventure	countries/france/planete-plus-aventure-fr.png
planetepluscrime	countries/france/planete-plus-crime-fr.png
planeteplus	countries/france/planete-plus-fr.png
polarplus	countries/france/polar-plus-fr.png
publicsenat	countries/france/public-senat-fr.png
rfmtv	countries/france/rfm-tv-fr.png
rmcdecouverte	countries/france/rmc-decouverte-fr.png
rmclife	countries/france/rmc-life-fr.png
rmcsport3	countries/france/rmc-sport-3-fr.png
rmcsport4	countries/france/rmc-sport-4-fr.png
rmcsportaccess1	countries/france/rmc-sport-access-1-fr.png
rmcsportaccess2	countries/france/rmc-sport-access-2-fr.png
rmcsportaccess3	countries/france/rmc-sport-access-3-fr.png
rmcsport	countries/france/rmc-sport-fr.png
rmcsportlive10	countries/france/rmc-sport-live-10-fr.png
rmcsportlive11	countries/france/rmc-sport-live-11-fr.png
rmcsportlive12	countries/france/rmc-sport-live-12-fr.png
rmcsportlive13	countries/france/rmc-sport-live-13-fr.png
rmcsportlive14	countries/france/rmc-sport-live-14-fr.png
rmcsportlive15	countries/france/rmc-sport-live-15-fr.png
rmcsportlive16	countries/france/rmc-sport-live-16-fr.png
rmcsportlive5	countries/france/rmc-sport-live-5-fr.png
rmcsportlive6	countries/france/rmc-sport-live-6-fr.png
rmcsportlive7	countries/france/rmc-sport-live-7-fr.png
rmcsportlive8	countries/france/rmc-sport-live-8-fr.png
rmcsportlive9	countries/france/rmc-sport-live-9-fr.png
rmcsportnews	countries/france/rmc-sport-news-fr.png
rmcstory	countries/france/rmc-story-fr.png
rtfrance	countries/france/rt-france-fr.png
scienceandvietv	countries/france/science-and-vie-tv-fr.png
seasons	countries/france/seasons-fr.png
serieclub	countries/france/serie-club-fr.png
sportenfrance	countries/france/sport-en-france-fr.png
stingraybrava	countries/france/stingray-brava-fr.png
stingraydjazz	countries/france/stingray-djazz-fr.png
t18	countries/france/t18-fr.png
tcmcinema	countries/france/tcm-cinema-fr.png
teletoonplus1	countries/france/teletoon-plus-1-fr.png
teletoonplus	countries/france/teletoon-plus-fr.png
teva	countries/france/teva-fr.png
tf1plus	countries/france/tf1-plus-fr.png
tf1seriesfilms	countries/france/tf1-series-films-fr.png
tiji	countries/france/tiji-fr.png
tmcplus	countries/france/tmc-plus-fr.png
toutelhistoire	countries/france/toute-lhistoire-fr.png
tracecaribbean	countries/france/trace-caribbean-fr.png
tracelatina	countries/united-kingdom/trace-latina-uk.png
tracesportstars	countries/france/trace-sport-stars-fr.png
traceurban	countries/united-kingdom/trace-urban-uk.png
trek	countries/france/trek-fr.png
tvbreizh	countries/france/tv-breizh-fr.png
tv5monde	countries/france/tv5-monde-fr.png
ultranature	countries/france/ultra-nature-fr.png
ushuaiatv	countries/france/ushuaia-tv-fr.png
w9	countries/france/w9-fr.png
warnertvnext	countries/france/warner-tv-next-fr.png
13thstreet	countries/germany/13th-street-de.png
3sat	countries/germany/3sat-de.png
allgautv	countries/germany/allgau-tv-de.png
anixe	countries/germany/anixe-de.png
anixeplus	countries/germany/anixe-plus-de.png
ardalpha	countries/germany/ard-alpha-de.png
ard	countries/germany/ard-de.png
automotorundsport	countries/germany/auto-motor-und-sport-de.png
badentv	countries/germany/baden-tv-de.png
badentvsud	countries/germany/baden-tv-sud-de.png
bibeltv	countries/germany/bibel-tv-de.png
bongusto	countries/germany/bon-gusto-de.png
fernsehen	countries/germany/br-fernsehen-alt-de.png
sud	countries/germany/br-sud-de.png
channel21	countries/germany/channel-21-de.png
clipmyhorsetv	countries/germany/clip-my-horse-tv-de.png
comedyandshows	countries/germany/comedy-and-shows-de.png
craction	countries/germany/craction-de.png
crimetime	countries/germany/crime-time-de.png
curiositychannel	countries/germany/curiosity-channel-de.png
curiositynow	countries/germany/curiosity-now-de.png
currenttime	countries/germany/current-time-de.png
skycinemaactioncustom	countries/germany/custom/hd/sky-cinema-action-custom-hd-de.png
skycinemabestofcustom	countries/germany/custom/hd/sky-cinema-best-of-custom-hd-de.png
skycinemacustom	countries/germany/custom/hd/sky-cinema-custom-hd-de.png
skycinemafamilycustom	countries/germany/custom/hd/sky-cinema-family-custom-hd-de.png
skycinemaplus24custom	countries/germany/custom/hd/sky-cinema-plus24-custom-hd-de.png
skycinemapremierencustom	countries/germany/custom/hd/sky-cinema-premieren-custom-hd-de.png
skycinemapremierenplus24custom	countries/germany/custom/hd/sky-cinema-premieren-plus24-custom-hd-de.png
skycinemaspecialcustom	countries/germany/custom/hd/sky-cinema-special-custom-hd-de.png
skycinemathrillercustom	countries/germany/custom/hd/sky-cinema-thriller-custom-hd-de.png
skycomedycustom	countries/germany/custom/hd/sky-comedy-custom-hd-de.png
skycinemaclassicscustom	countries/germany/custom/sky-cinema-classics-custom-de.png
skycinemafuncustom	countries/germany/custom/sky-cinema-fun-custom-de.png
skyselect1custom	countries/germany/custom/sky-select-1-custom-de.png
skyselect2custom	countries/germany/custom/sky-select-2-custom-de.png
skyselect3custom	countries/germany/custom/sky-select-3-custom-de.png
skyselect4custom	countries/germany/custom/sky-select-4-custom-de.png
skyselect5custom	countries/germany/custom/sky-select-5-custom-de.png
skyselect6custom	countries/germany/custom/sky-select-6-custom-de.png
skyselect7custom	countries/germany/custom/sky-select-7-custom-de.png
skyselect8custom	countries/germany/custom/sky-select-8-custom-de.png
skyselect9custom	countries/germany/custom/sky-select-9-custom-de.png
skyselectcustom	countries/germany/custom/sky-select-custom-de.png
daserste	countries/germany/das-erste-de.png
daznfast	countries/germany/dazn-fast-de.png
daznrise	countries/germany/dazn-rise-de.png
defatv	countries/germany/defa-tv-de.png
deluxedance	countries/germany/deluxe-dance-de.png
deluxeflashback	countries/germany/deluxe-flashback-de.png
deluxelounge	countries/germany/deluxe-lounge-de.png
deluxemusic	countries/germany/deluxe-music-de.png
deluxerap	countries/germany/deluxe-rap-de.png
deluxerock	countries/germany/deluxe-rock-de.png
deraktionartv	countries/germany/der-aktionar-tv-de.png
deutschesmusikfernsehen	countries/germany/deutsches-musik-fernsehen-de.png
df1	countries/germany/df1-de.png
discoverychannelhz	countries/united-kingdom/hd/discovery-channel-hd-hz-uk.png
disneyplus	countries/united-kingdom/disney-plus-uk.png
dlxdance	countries/germany/dlx-dance-de.png
dlxflashback	countries/germany/dlx-flashback-de.png
dlxrap	countries/germany/dlx-rap-de.png
dlxrock	countries/germany/dlx-rock-de.png
dmax	countries/united-kingdom/dmax-uk.png
dmf	countries/germany/dmf-de.png
dokusat	countries/germany/dokusat-de.png
dresdenfernsehen	countries/germany/dresden-fernsehen-de.png
dw	countries/germany/dw-de.png
earthtv	countries/germany/earth-tv-de.png
eotv	countries/germany/eo-tv-de.png
esports1	countries/germany/esports-one-de.png
euronewsdeutsch	countries/germany/euronews-deutsch-de.png
fabella	countries/germany/fabella-de.png
farmlandtv	countries/germany/farmland-tv-de.png
folxmusictelevision	countries/germany/folx-music-television-de.png
frankenfernsehen	countries/germany/franken-fernsehen-de.png
geo	countries/germany/geo-de.png
goldstartv	countries/germany/goldstar-tv-de.png
gotv	countries/germany/gotv-de.png
grjngo	countries/germany/grjngo-de.png
anixeserie	countries/germany/hd/anixe-hd-serie-de.png
eurosport2xtra	countries/germany/hd/eurosport-2-hd-xtra-de.png
jukebox	countries/germany/hd/jukebox-hd-de.png
kabeleinsclassics	countries/germany/hd/kabel-eins-classics-hd-de.png
kabeleinsdoku	countries/germany/hd/kabel-eins-doku-hd-de.png
kabeleins	countries/germany/hd/kabel-eins-hd-de.png
kika	countries/germany/hd/kika-hd-de.png
kinowelt	countries/germany/hd/kinowelt-hd-de.png
mdr	countries/germany/hd/mdr-hd-de.png
n24doku	countries/germany/hd/n24-doku-hd-de.png
natgeowild	countries/united-states/nat-geo-wild-alt-us.png
ndr	countries/germany/hd/ndr-hd-de.png
nitro	countries/germany/hd/nitro-hd-de.png
ntv	countries/germany/hd/ntv-hd-de.png
1	countries/germany/hd/one-hd-de.png
phoenix	countries/germany/hd/phoenix-hd-de.png
planet	countries/germany/hd/planet-hd-de.png
prosiebenfun	countries/germany/hd/pro-sieben-fun-hd-de.png
prosieben	countries/germany/hd/pro-sieben-hd-de.png
prosiebenmaxx	countries/germany/hd/pro-sieben-maxx-hd-de.png
prosiebensat1	countries/germany/hd/prosiebensat1-uhd-de.png
radiobremen	countries/germany/hd/radio-bremen-hd-de.png
rbb	countries/germany/hd/rbb-hd-de.png
romancetv	countries/germany/hd/romance-tv-hd-de.png
rtlplus	countries/germany/hd/rtl-plus-hd-de.png
rtlzwei	countries/germany/hd/rtl-zwei-hd-de.png
sat1emotions	countries/germany/hd/sat-1-emotions-hd-de.png
sat1gold	countries/germany/hd/sat-1-gold-alt-hd-de.png
sat1	countries/germany/hd/sat-1-hd-de.png
servustvdeutchland	countries/germany/hd/servus-tv-deutchland-hd-de.png
sixx	countries/germany/hd/sixx-hd-de.png
skyatlantic	countries/united-kingdom/hd/sky-atlantic-hd-uk.png
skycinema007	countries/germany/hd/sky-cinema-007-hd-de.png
skycinema007hz	countries/germany/hd/sky-cinema-007-hd-hz-de.png
skycinemaaction	countries/united-kingdom/hd/sky-cinema-action-hd-uk.png
skycinemaactionhz	countries/united-kingdom/hd/sky-cinema-action-hd-hz-uk.png
skycinema	countries/united-kingdom/hd/sky-cinema-hd-uk.png
skycinemabestof	countries/germany/hd/sky-cinema-best-of-alt-hd-de.png
skycinemabestofhz	countries/germany/hd/sky-cinema-best-of-hd-hz-de.png
skycinemachristmas	countries/united-kingdom/hd/sky-cinema-christmas-alt-hd-uk.png
skycinemachristmashz	countries/germany/hd/sky-cinema-christmas-alt-hd-hz-de.png
skycinemafamily	countries/united-kingdom/hd/sky-cinema-family-hd-uk.png
skycinemafamilyhz	countries/united-kingdom/hd/sky-cinema-family-hd-hz-uk.png
skycinemahighlights	countries/germany/hd/sky-cinema-highlights-alt-hd-de.png
skycinemahighlightshz	countries/germany/hd/sky-cinema-highlights-hd-hz-de.png
skycinemaplus24	countries/germany/hd/sky-cinema-plus24-alt-hd-de.png
skycinemaplus24hz	countries/germany/hd/sky-cinema-plus24-hd-hz-de.png
skycinemapremiere	countries/united-kingdom/hd/sky-cinema-premiere-hd-uk.png
skycinemapremierehz	countries/united-kingdom/hd/sky-cinema-premiere-hd-hz-uk.png
skycinemapremierenplus24	countries/germany/hd/sky-cinema-premieren-plus24-alt-hd-de.png
skycinemapremierenplus24hz	countries/germany/hd/sky-cinema-premieren-plus24-hd-hz-de.png
skycinemaspecial	countries/germany/hd/sky-cinema-special-alt-hd-de.png
skycinemaspecialhz	countries/germany/hd/sky-cinema-special-hd-hz-de.png
skycinemathriller	countries/united-kingdom/hd/sky-cinema-thriller-hd-uk.png
skycinemathrillerhz	countries/united-kingdom/hd/sky-cinema-thriller-hd-hz-uk.png
skycomedy	countries/united-kingdom/hd/sky-comedy-hd-uk.png
skycrime	countries/united-kingdom/hd/sky-crime-hd-uk.png
skydocumentaries	countries/united-kingdom/hd/sky-documentaries-hd-uk.png
skykrimi	countries/germany/hd/sky-krimi-alt-hd-de.png
skynature	countries/united-kingdom/hd/sky-nature-hd-uk.png
sky1	countries/united-kingdom/hd/sky-one-hd-uk.png
skyreplay	countries/united-kingdom/sky-replay-uk.png
skyserienundshows	countries/germany/hd/sky-serien-und-shows-hd-de.png
skyshowcase	countries/united-kingdom/hd/sky-showcase-hd-uk.png
sonnenklartv	countries/germany/hd/sonnenklar-tv-hd-de.png
sonyaxn	countries/germany/hd/sony-axn-hd-de.png
sonyaxnhz	countries/germany/hd/sony-axn-hd-hz-de.png
sonychannelhz	countries/united-kingdom/obsolete/sony-channel-hz-uk.png
spiegelgeschichte	countries/germany/hd/spiegel-geschichte-hd-de.png
spiegeltvwissen	countries/germany/hd/spiegel-tv-wissen-hd-de.png
sport1	countries/germany/hd/sport1-hd-de.png
sport1plus	countries/germany/hd/sport1-plus-hd-de.png
srfernsehen	countries/germany/hd/sr-fernsehen-hd-de.png
superrtl	countries/germany/hd/super-rtl-hd-de.png
swr	countries/germany/hd/swr-hd-de.png
syfyhz	countries/united-kingdom/hd/syfy-hd-hz-uk.png
tagesschau24	countries/germany/hd/tagesschau24-hd-de.png
tele5	countries/germany/hd/tele-5-hd-de.png
tntcomedy	countries/germany/hd/tnt-comedy-hd-de.png
tntfilm	countries/germany/hd/tnt-film-hd-de.png
tntserie	countries/germany/hd/tnt-serie-hd-de.png
toggoplus	countries/germany/hd/toggo-plus-hd-de.png
uhd1	countries/germany/hd/uhd1-de.png
vox	countries/germany/hd/vox-hd-de.png
voxup	countries/germany/hd/vox-up-hd-de.png
warnertvcomedy	countries/germany/hd/warner-tv-comedy-hd-de.png
warnertvfilm	countries/germany/hd/warner-tv-film-hd-de.png
warnertvserie	countries/germany/hd/warner-tv-serie-hd-de.png
wdr	countries/germany/hd/wdr-hd-de.png
welt	countries/germany/hd/welt-hd-de.png
zdf	countries/germany/hd/zdf-hd-de.png
zdfinfo	countries/germany/hd/zdf-info-hd-de.png
zdfneo	countries/germany/hd/zdf-neo-hd-de.png
healthtv	countries/germany/health-tv-de.png
heimatkanal	countries/germany/heimatkanal-de.png
heimatkino	countries/germany/heimatkino-de.png
hiptrips	countries/germany/hip-trips-de.png
ikonotv	countries/germany/ikono-tv-de.png
insighttv	countries/germany/insight-tv-de.png
insighttvhz	countries/germany/insight-tv-hz-de.png
junior	countries/germany/junior-de.png
justcooking	countries/germany/just-cooking-de.png
justfishing	countries/germany/just-fishing-de.png
kronehit	countries/germany/kronehit-de.png
lilotv	countries/germany/lilo-tv-de.png
marcopolotv	countries/germany/marco-polo-tv-de.png
mdrsachsenanhalt	countries/germany/mdr-sachsen-anhalt-de.png
mdrthuringen	countries/germany/mdr-thuringen-de.png
mewmeineeinkaufswelt	countries/germany/mew-meine-einkaufswelt-de.png
moconomy	countries/germany/moconomy-de.png
morethansportstv	countries/germany/more-than-sports-tv-de.png
moviedome	countries/germany/movie-dome-de.png
moviedomefamily	countries/germany/movie-dome-family-de.png
mtvmusic24	countries/germany/mtv-music24-de.png
munchentv	countries/germany/munchen-tv-de.png
nahetv	countries/germany/nahe-tv-de.png
naruto	countries/germany/naruto-de.png
ndrhamburg	countries/germany/ndr-hamburg-de.png
ndrmecklenburgvorpommern	countries/germany/ndr-mecklenburg-vorpommern-de.png
ndrschleswigholstein	countries/germany/ndr-schleswig-holstein-de.png
netzkino	countries/germany/netzkino-de.png
nickmtvplus	countries/germany/nick-mtv-plus-de.png
nicktoons	countries/united-kingdom/nick-toons-uk.png
niederbayerntvdeggendorfstraubing	countries/germany/niederbayern-tv-deggendorf-straubing-de.png
niederbayerntvlandshut	countries/germany/niederbayern-tv-landshut-de.png
niederbayerntvpassau	countries/germany/niederbayern-tv-passau-de.png
nrwision	countries/germany/nrwision-de.png
oberpfalztv	countries/germany/oberpfalz-tv-de.png
okkl	countries/germany/ok-kl-de.png
okweinstrasse	countries/germany/ok-weinstrasse-de.png
ok4	countries/germany/ok4-de.png
ok54burgerrundfunk	countries/germany/ok54-burgerrundfunk-de.png
oktvludwigshafen	countries/germany/oktv-ludwigshafen-de.png
oktvmainz	countries/germany/oktv-mainz-de.png
oktvsudwestpfalz	countries/germany/oktv-sudwestpfalz-de.png
1musictelevision	countries/germany/one-music-television-de.png
1terra	countries/germany/one-terra-de.png
orf2europe	countries/germany/orf2-europe-de.png
prosiebensat1welt	countries/germany/pro-sieben-sat1-welt-de.png
qvc	countries/united-kingdom/hd/qvc-hd-uk.png
qvcstyle	countries/united-kingdom/qvc-style-uk.png
qvczwei	countries/germany/qvc-zwei-de.png
rbbberlin	countries/germany/rbb-berlin-de.png
rbbbrandenburg	countries/germany/rbb-brandenburg-de.png
rbbfernsehen	countries/germany/rbb-fernsehen-de.png
redadventure	countries/germany/red-adventure-de.png
redbulltv	countries/germany/red-bull-tv-de.png
regiotv	countries/germany/regio-tv-de.png
rfo	countries/germany/rfo-de.png
rheinlokal	countries/germany/rhein-lokal-de.png
ric	countries/germany/ric-de.png
rocketbeanstv	countries/germany/rocket-beans-tv-de.png
rtdeutsch	countries/germany/rt-deutsch-de.png
rtlhessen	countries/germany/rtl-hessen-de.png
rtlnord	countries/germany/rtl-nord-de.png
rtlregional	countries/germany/rtl-regional-de.png
rtlsuper	countries/germany/rtl-super-de.png
rtlup	countries/germany/rtl-up-de.png
saarlandfernsehen1	countries/germany/saarland-fernsehen-1-de.png
sachseneins	countries/germany/sachsen-eins-de.png
sachsenfernsehenchemnitz	countries/germany/sachsen-fernsehen-chemnitz-de.png
sachsenfernsehendresden	countries/germany/sachsen-fernsehen-dresden-de.png
sachsenfernsehenleipzig	countries/germany/sachsen-fernsehen-leipzig-de.png
sachsenfernsehenvogtland	countries/germany/sachsen-fernsehen-vogtland-de.png
sat1bayern	countries/germany/sat-1-bayern-de.png
sat1hamburgschleswigholstein	countries/germany/sat-1-hamburg-schleswig-holstein-de.png
sat1niedersachsenbremen	countries/germany/sat-1-niedersachsen-bremen-de.png
sat1nordrheinwestfalen	countries/germany/sat-1-nordrhein-westfalen-de.png
sat1rheinlandpfalzhessen	countries/germany/sat-1-rheinland-pfalz-hessen-de.png
schlagerdeluxe	countries/germany/schlager-deluxe-de.png
serienplus	countries/germany/serien-plus-de.png
silverline	countries/germany/silverline-de.png
skycinemachristmassnow	countries/germany/sky-cinema-christmas-alt-snow-de.png
skycinemachristmasalt2	countries/germany/sky-cinema-christmas-alt2-de.png
skycinemaclassics	countries/germany/sky-cinema-classics-alt-de.png
skycinemaclassicshz	countries/germany/sky-cinema-classics-hz-de.png
skycinemafun	countries/germany/sky-cinema-fun-alt-de.png
skycinemafunhz	countries/germany/sky-cinema-fun-hz-de.png
skyselect1	countries/germany/sky-select-1-alt-de.png
skyselect10	countries/germany/sky-select-10-alt-de.png
skyselect11	countries/germany/sky-select-11-alt-de.png
skyselect12	countries/germany/sky-select-12-alt-de.png
skyselect2	countries/germany/sky-select-2-alt-de.png
skyselect3	countries/germany/sky-select-3-alt-de.png
skyselect4	countries/germany/sky-select-4-alt-de.png
skyselect5	countries/germany/sky-select-5-alt-de.png
skyselect6	countries/germany/sky-select-6-alt-de.png
skyselect7	countries/germany/sky-select-7-alt-de.png
skyselect8	countries/germany/sky-select-8-alt-de.png
skyselect9	countries/germany/sky-select-9-alt-de.png
skyselect	countries/germany/sky-select-alt-de.png
skysport1	countries/new-zealand/sky-sport-1-nz.png
skysport10	countries/germany/sky-sport/hd/sky-sport-10-hd-alt-de.png
skysport11	countries/germany/sky-sport/hd/sky-sport-11-hd-de.png
skysport12	countries/germany/sky-sport/hd/sky-sport-12-hd-de.png
skysport13	countries/germany/sky-sport/hd/sky-sport-13-hd-de.png
skysport14	countries/germany/sky-sport/hd/sky-sport-14-hd-de.png
skysport2	countries/new-zealand/sky-sport-2-nz.png
skysport3	countries/new-zealand/sky-sport-3-nz.png
skysport4	countries/new-zealand/sky-sport-4-nz.png
skysport5	countries/new-zealand/sky-sport-5-nz.png
skysport6	countries/new-zealand/sky-sport-6-nz.png
skysport7	countries/new-zealand/sky-sport-7-nz.png
skysport8	countries/new-zealand/sky-sport-8-nz.png
skysport9	countries/new-zealand/sky-sport-9-nz.png
skysportbundesliga1	countries/germany/sky-sport/hd/sky-sport-bundesliga-1-hd-alt-de.png
skysportbundesliga10	countries/germany/sky-sport/hd/sky-sport-bundesliga-10-hd-alt-de.png
skysportbundesliga2	countries/germany/sky-sport/hd/sky-sport-bundesliga-2-hd-alt-de.png
skysportbundesliga3	countries/germany/sky-sport/hd/sky-sport-bundesliga-3-hd-alt-de.png
skysportbundesliga4	countries/germany/sky-sport/hd/sky-sport-bundesliga-4-hd-alt-de.png
skysportbundesliga5	countries/germany/sky-sport/hd/sky-sport-bundesliga-5-hd-alt-de.png
skysportbundesliga6	countries/germany/sky-sport/hd/sky-sport-bundesliga-6-hd-alt-de.png
skysportbundesliga7	countries/germany/sky-sport/hd/sky-sport-bundesliga-7-hd-alt-de.png
skysportbundesliga8	countries/germany/sky-sport/hd/sky-sport-bundesliga-8-hd-alt-de.png
skysportbundesliga9	countries/germany/sky-sport/hd/sky-sport-bundesliga-9-hd-alt-de.png
skysportbundesliga	countries/germany/sky-sport/hd/sky-sport-bundesliga-hd-alt-de.png
skysportf1	countries/germany/sky-sport/hd/sky-sport-f1-hd-alt-de.png
skysportgolf	countries/germany/sky-sport/hd/sky-sport-golf-hd-alt-de.png
skysport	countries/new-zealand/sky-sport-nz.png
skysportmix	countries/germany/sky-sport/hd/sky-sport-mix-hd-alt-de.png
skysportnews	countries/germany/sky-sport/hd/sky-sport-news-hd-alt-de.png
skysportpremierleague	countries/germany/sky-sport/hd/sky-sport-premier-league-hd-alt-de.png
skysporttennis	countries/germany/sky-sport/hd/sky-sport-tennis-hd-alt-de.png
skysporttopevent	countries/germany/sky-sport/hd/sky-sport-top-event-hd-alt-de.png
skystore	countries/united-kingdom/sky-store-uk.png
spannungundemotionen	countries/germany/spannung-und-emotionen-de.png
spiegeltvkonflikte	countries/germany/spiegel-tv-konflikte-de.png
starkefrauen	countries/germany/starke-frauen-de.png
starsgefahr	countries/germany/stars-in-gefahr-de.png
stimmungsgartentv	countries/germany/stimmungs-garten-tv-de.png
strongman	countries/germany/strongman-de.png
swrbw	countries/germany/swr-bw-de.png
sylt1	countries/germany/sylt-1-de.png
temporatv	countries/germany/tempora-tv-de.png
terramaterwild	countries/germany/terra-mater-wild-de.png
topfilme	countries/germany/top-filme-de.png
toptruecrime	countries/germany/top-true-crime-de.png
tvberlin	countries/germany/tv-berlin-de.png
tvingolstadt	countries/germany/tv-ingolstadt-de.png
tvmainfranken	countries/germany/tv-mainfranken-de.png
tvoberfranken	countries/germany/tv-oberfranken-de.png
volksmusiktv	countries/germany/volksmusik-tv-de.png
wdraachen	countries/germany/wdr-aachen-de.png
wdrbielefeld	countries/germany/wdr-bielefeld-de.png
wdrbonn	countries/germany/wdr-bonn-de.png
wdrdortmund	countries/germany/wdr-dortmund-de.png
wdrduisburg	countries/germany/wdr-duisburg-de.png
wdrdusseldorf	countries/germany/wdr-dusseldorf-de.png
wdressen	countries/germany/wdr-essen-de.png
wdrmunster	countries/germany/wdr-munster-de.png
wdrsiegen	countries/germany/wdr-siegen-de.png
wdrwuppertal	countries/germany/wdr-wuppertal-de.png
wedobigstories	countries/germany/wedo-big-stories-de.png
wedomovies	countries/germany/wedo-movies-de.png
wedosports	countries/germany/wedo-sports-de.png
weltderwunder	countries/germany/welt-der-wunder-de.png
wir24tv	countries/germany/wir24-tv-de.png
xite	countries/germany/xite-de.png
xplore	countries/germany/xplore-de.png
zweimusictelevision	countries/germany/zwei-music-television-de.png
4etv	countries/greece/4e-tv-gr.png
aepsilontv	countries/greece/a-epsilon-tv-gr.png
achaiachannel	countries/greece/achaia-channel-gr.png
acheloostv	countries/greece/acheloos-tv-gr.png
action24	countries/greece/action-24-gr.png
aegeanislands	countries/greece/aegean-islands-gr.png
aeolostv	countries/greece/aeolos-tv-gr.png
alerttv	countries/greece/alert-tv-gr.png
alfatv	countries/greece/alfa-tv-gr.png
alithiatv	countries/greece/alithia-tv-gr.png
alphatv	countries/greece/alpha-tv-gr.png
ant1	countries/greece/ant1-gr.png
art	countries/greece/art-gr.png
arttv1	countries/greece/art-tv_1-gr.png
astratv	countries/greece/astra-tv-gr.png
atlastv	countries/greece/atlas-tv-gr.png
atticatv	countries/greece/attica-tv-gr.png
axiontv	countries/greece/axion-tv-gr.png
besttv	countries/greece/best-tv-gr.png
bluesky	countries/greece/blue-sky-gr.png
centertv	countries/greece/center-tv-gr.png
channel9	countries/greece/channel-9-gr.png
corfutv	countries/greece/corfu-tv-gr.png
cosmotecinema1	countries/greece/cosmote-cinema-1-gr.png
cosmotecinema2	countries/greece/cosmote-cinema-2-gr.png
cosmotecinema3	countries/greece/cosmote-cinema-3-gr.png
cosmotecinema4	countries/greece/cosmote-cinema-4-gr.png
cosmotehistory	countries/greece/cosmote-history-gr.png
cosmotesport1	countries/greece/cosmote-sport-1-gr.png
cosmotesport2	countries/greece/cosmote-sport-2-gr.png
cosmotesport3	countries/greece/cosmote-sport-3-gr.png
cosmotesport4	countries/greece/cosmote-sport-4-gr.png
cosmotesport5	countries/greece/cosmote-sport-5-gr.png
cosmotesport6	countries/greece/cosmote-sport-6-gr.png
cosmotesport7	countries/greece/cosmote-sport-7-gr.png
cosmotesport8	countries/greece/cosmote-sport-8-gr.png
cosmotesport9	countries/greece/cosmote-sport-9-gr.png
creta	countries/greece/creta-gr.png
cretetv	countries/greece/crete-tv-gr.png
deltatv	countries/greece/delta-tv-gr.png
diktyo1	countries/greece/diktyo-1-gr.png
diktyotv	countries/greece/diktyo-tv-gr.png
diontv	countries/greece/dion-tv-gr.png
egnatiatv	countries/greece/egnatia-tv-gr.png
enachannel	countries/greece/ena-channel-gr.png
enatv	countries/greece/ena-tv-gr.png
epilogestv	countries/greece/epiloges-tv-gr.png
epirustv1	countries/greece/epirus-tv1-gr.png
epsilontv	countries/greece/epsilon-tv-gr.png
ertkids	countries/greece/ert-kids-gr.png
ertmusic	countries/greece/ert-music-gr.png
ertnews2	countries/greece/ert-news-2-gr.png
ertnews	countries/greece/ert-news-gr.png
ertsports1	countries/greece/ert-sports-1-gr.png
ertsports2	countries/greece/ert-sports-2-gr.png
ertsports3	countries/greece/ert-sports-3-gr.png
ertsports4	countries/greece/ert-sports-4-gr.png
ertsports5	countries/greece/ert-sports-5-gr.png
ertsports6	countries/greece/ert-sports-6-gr.png
ertsports	countries/greece/ert-sports-gr.png
ert1	countries/greece/ert1-gr.png
ert2spor	countries/greece/ert2-spor-gr.png
ert3	countries/greece/ert3-gr.png
europe1	countries/greece/europe-one-gr.png
extrachannel	countries/greece/extra-channel-gr.png
flashtv	countries/greece/flash-tv-gr.png
fxlife	countries/greece/fx-life-gr.png
gnomitv	countries/greece/gnomi-tv-gr.png
hightv	countries/greece/high-tv-gr.png
ionianchannel	countries/greece/ionian-channel-gr.png
iridatv	countries/greece/irida-tv-gr.png
itv	countries/united-kingdom/itv-be-uk.png
keedoo	countries/greece/keedoo-gr.png
kontrachannel	countries/greece/kontra-channel-gr.png
kostv	countries/greece/kos-tv-gr.png
kosmostv	countries/greece/kosmos-tv-gr.png
krititv1	countries/greece/kriti-tv1-gr.png
lepantotv	countries/greece/lepanto-tv-gr.png
lyxnostv	countries/greece/lyxnos-tv-gr.png
mad	countries/greece/mad-gr.png
makedoniatv	countries/greece/makedonia-tv-gr.png
megachannel	countries/greece/mega-channel-gr.png
mesogeiostv	countries/greece/mesogeios-tv-gr.png
newtelevision	countries/greece/new-television-gr.png
nexttv	countries/greece/next-tv-gr.png
notostv	countries/greece/notos-tv-gr.png
novacinema1	countries/greece/nova-cinema-1-gr.png
novacinema2	countries/greece/nova-cinema-2-gr.png
novacinema3	countries/greece/nova-cinema-3-gr.png
novacinema4	countries/greece/nova-cinema-4-gr.png
novalife	countries/greece/nova-life-gr.png
novasports1	countries/greece/nova-sports-1-gr.png
novasports2	countries/greece/nova-sports-2-gr.png
novasports3	countries/greece/nova-sports-3-gr.png
novasports4	countries/greece/nova-sports-4-gr.png
novasports5	countries/greece/nova-sports-5-gr.png
novasports6	countries/greece/nova-sports-6-gr.png
novasportsnews	countries/greece/nova-sports-news-gr.png
novasportsprime	countries/greece/nova-sports-prime-gr.png
novasportsstart	countries/greece/nova-sports-start-gr.png
opentv	countries/greece/open-tv-gr.png
orestiadatv	countries/greece/orestiada-tv-gr.png
ort	countries/greece/ort-gr.png
osiosnikanor	countries/greece/osios-nikanor-gr.png
patridatv	countries/greece/patrida-tv-gr.png
pellatv	countries/greece/pella-tv-gr.png
peloponnesetv	countries/greece/peloponnese-tv-gr.png
plp	countries/greece/plp-gr.png
risetv	countries/greece/rise-tv-gr.png
rtpkentpo	countries/greece/rtp-kentpo-gr.png
samiakitv	countries/greece/samiaki-tv-gr.png
sirinatv	countries/greece/sirina-tv-gr.png
skaitv	countries/greece/skai-tv-gr.png
smiletv	countries/united-states/smile-tv-us.png
starcentralgreece	countries/greece/star-central-greece-gr.png
starttv	countries/united-states/start-tv-us.png
superb	countries/greece/super-b-gr.png
supertv	countries/greece/super-tv-gr.png
syrostv	countries/greece/syros-tv-gr.png
thessaly	countries/greece/thessaly-gr.png
thrakinet	countries/greece/thraki-net-gr.png
topchannel	countries/greece/top-channel-gr.png
trt	countries/greece/trt-gr.png
tv100	countries/greece/tv-100-gr.png
tvrodopi	countries/greece/tv-rodopi-gr.png
tv10	countries/greece/tv10-gr.png
verginatv	countries/greece/vergina-tv-gr.png
villagecinema	countries/greece/village-cinema-gr.png
vimatv	countries/greece/vima-tv-gr.png
voulitv	countries/greece/vouli-tv-gr.png
westchannel	countries/greece/west-channel-gr.png
animalplanethk	countries/hong-kong/animal-planet-hk.png
animaxhk	countries/hong-kong/animax-hk.png
asianfoodnetworkhk	countries/hong-kong/asian-food-network-hk.png
axnhk	countries/hong-kong/axn-hk.png
bbclifestylehk	countries/hong-kong/bbc-lifestyle-hk.png
blueantentertainmenthk	countries/hong-kong/blue-ant-entertainment-hk.png
blueantextremehk	countries/hong-kong/blue-ant-extreme-hk.png
celestialclassicmovieshk	countries/hong-kong/celestial-classic-movies-hk.png
celestialmovieshk	countries/hong-kong/celestial-movies-hk.png
channeladulthk	countries/hong-kong/channel-adult-hk.png
channelvinternationalhk	countries/hong-kong/channel-v-international-hk.png
chkhk	countries/hong-kong/chk-hd-hk.png
chtvhk	countries/hong-kong/chtv-hk.png
cinemaxhk	countries/hong-kong/cinemax-hk.png
cnachannelnewsasiahk	countries/hong-kong/cna-channel-news-asia-hk.png
ctiasiachannelhk	countries/hong-kong/cti-asia-channel-hk.png
davincihk	countries/hong-kong/da-vinci-hk.png
discoveryasiahk	countries/hong-kong/discovery-asia-hk.png
dreamworkschannelhk	countries/hong-kong/dreamworks-channel-hk.png
ettvasiachannelhk	countries/hong-kong/ettv-asia-channel-hk.png
ettvasianewshk	countries/hong-kong/ettv-asia-news-hk.png
hbofamilyhk	countries/hong-kong/hbo-family-hk.png
hbohitshk	countries/hong-kong/hbo-hits-hk.png
hbohk	countries/hong-kong/hbo-hk.png
hbosignaturehk	countries/hong-kong/hbo-signature-hk.png
hkibchongkonginternationalbusinesschannelhk	countries/hong-kong/hkibc-hong-kong-international-business-channel-hk.png
hkstvhk	countries/hong-kong/hks-tv-hk.png
hongkongopentvhk	countries/hong-kong/hong-kong-open-tv-hk.png
icablefamilyentertainmentchannelhk	countries/hong-kong/i-cable-family-entertainment-channel-hd-hk.png
icablefinanceinfochannelhk	countries/hong-kong/i-cable-finance-info-channel-hk.png
icablelivenewschannelhk	countries/hong-kong/i-cable-live-news-channel-hk.png
icablemovieshk	countries/hong-kong/i-cable-movies-hd-hk.png
icablenewschannelhk	countries/hong-kong/i-cable-news-channel-hk.png
icablesportsplus1hk	countries/hong-kong/i-cable-sports-plus-1-hd-hk.png
icablesportsplus2hk	countries/hong-kong/i-cable-sports-plus-2-hd-hk.png
icablesportsplus3hk	countries/hong-kong/i-cable-sports-plus-3-hd-hk.png
icefirehk	countries/hong-kong/ice-fire-hk.png
kixhk	countries/hong-kong/kix-hk.png
mastvhk	countries/hong-kong/mastv-hk.png
matvmoviechannelhk	countries/hong-kong/matv-movie-channel-hk.png
mihktvhk	countries/hong-kong/mihk-tv-hk.png
mmovconcertmvhk	countries/hong-kong/mmov-concert-mv-hk.png
moviemoviehk	countries/hong-kong/movie-movie-hk.png
now668hk	countries/hong-kong/now-668-hk.png
nowbaogumovieshk	countries/hong-kong/now-baogu-movies-hk.png
nowbnchk	countries/hong-kong/now-bnc-hk.png
nowchinesedramachannelhk	countries/hong-kong/now-chinese-drama-channel-hk.png
nowdatahk	countries/hong-kong/now-data-hk.png
nowdirecthk	countries/hong-kong/now-direct-hk.png
nowdramachannelhk	countries/hong-kong/now-drama-channel-hk.png
nowgolf2hk	countries/hong-kong/now-golf-2-hk.png
nowgolf3hk	countries/hong-kong/now-golf-3-hk.png
nowgolfhk	countries/hong-kong/now-golf-hk.png
nowjellihk	countries/hong-kong/now-jelli-hk.png
nownewshk	countries/hong-kong/now-news-hk.png
nowsports1hk	countries/hong-kong/now-sports-1-hk.png
nowsports2hk	countries/hong-kong/now-sports-2-hk.png
nowsports3hk	countries/hong-kong/now-sports-3-hk.png
nowsports4hk	countries/hong-kong/now-sports-4-hk.png
nowsportshk	countries/hong-kong/now-sports-4k-hk.png
nowsports5hk	countries/hong-kong/now-sports-5-hk.png
nowsports6hk	countries/hong-kong/now-sports-6-hk.png
nowsports7hk	countries/hong-kong/now-sports-7-hk.png
nowsportsplushk	countries/hong-kong/now-sports-plus-hk.png
nowsportspremierleague1hk	countries/hong-kong/now-sports-premier-league-1-hk.png
nowsportspremierleague2hk	countries/hong-kong/now-sports-premier-league-2-hk.png
nowsportspremierleague3hk	countries/hong-kong/now-sports-premier-league-3-hk.png
nowsportspremierleague4hk	countries/hong-kong/now-sports-premier-league-4-hk.png
nowsportspremierleague5hk	countries/hong-kong/now-sports-premier-league-5-hk.png
nowsportspremierleague6hk	countries/hong-kong/now-sports-premier-league-6-hk.png
nowsportspremierleaguetvhk	countries/hong-kong/now-sports-premier-league-tv-hk.png
nowsportsprimehk	countries/hong-kong/now-sports-prime-hk.png
1tvhk	countries/hong-kong/one-tv-hk.png
pearlriverchannelhk	countries/hong-kong/pearl-river-channel-hk.png
phoenixchinesechannelhk	countries/hong-kong/phoenix-chinese-channel-hk.png
phoenixhkchannelhk	countries/hong-kong/phoenix-hk-channel-hk.png
phoenixinfonewschannelhk	countries/hong-kong/phoenix-infonews-channel-hk.png
phoenixmovieschannelhk	countries/hong-kong/phoenix-movies-channel-hk.png
rthktv31hk	countries/hong-kong/rthk-tv-31-hk.png
rthktv32hk	countries/hong-kong/rthk-tv-32-hk.png
rthktv33hk	countries/hong-kong/rthk-tv-33-hk.png
rugbypasstvhk	countries/hong-kong/rugby-pass-tv-hk.png
sanshatvhk	countries/hong-kong/sansha-tv-hk.png
shenzhentvhk	countries/hong-kong/shenzhen-tv-hk.png
southerntelevisionhk	countries/hong-kong/southern-television-hk.png
starchinesechannelhk	countries/hong-kong/star-chinese-channel-hk.png
starchinesemovieshk	countries/hong-kong/star-chinese-movies-hk.png
starchinesemovieslegendhk	countries/hong-kong/star-chinese-movies-legend-hk.png
thrillhk	countries/hong-kong/thrill-hk.png
tvbfinanceandinformationchannelhk	countries/hong-kong/tvb-finance-and-information-channel-hk.png
tvbj2hk	countries/hong-kong/tvb-j2-hk.png
tvbjadehk	countries/hong-kong/tvb-jade-hk.png
tvbmytvsuper18hk	countries/hong-kong/tvb-mytv-super-18-hk.png
tvbnewschannelhk	countries/hong-kong/tvb-news-channel-hk.png
tvbpearlhk	countries/hong-kong/tvb-pearl-hk.png
tvbxinghehk	countries/hong-kong/tvb-xing-he-hk.png
tvbsasiahk	countries/hong-kong/tvbs-asia-hk.png
tvnhk	countries/hong-kong/tvn-hk.png
universaltelevisionhk	countries/hong-kong/universal-television-hk.png
viutvhk	countries/hong-kong/viu-tv-hk.png
viutv6hk	countries/hong-kong/viu-tv-six-hk.png
warnertvhk	countries/hong-kong/warner-tv-hk.png
watchnlearnhk	countries/hong-kong/watch-n-learn-hk.png
yicaitvhk	countries/hong-kong/yicai-tv-hk.png
zhejiangtelevisionhk	countries/hong-kong/zhejiang-television-hk.png
9tv	countries/hungary/9tv-hu.png
arena4	countries/hungary/arena4-hu.png
atvextra	countries/hungary/atv-extra-hu.png
comedycentralfamily	countries/hungary/comedy-central-family-hu.png
cooltv	countries/hungary/cool-tv-hu.png
d1	countries/hungary/d1-hu.png
davinci	countries/hungary/da-vinci-hu.png
dikhtv	countries/hungary/dikh-tv-hu.png
duna	countries/hungary/duna-hu.png
dunaworld	countries/hungary/duna-world-hu.png
estv	countries/hungary/estv-hu.png
fem3	countries/hungary/fem3-hu.png
filmcafe	countries/hungary/film-cafe-hu.png
film4	countries/united-kingdom/film-4-uk.png
fix	countries/hungary/fix-hu.png
galaxy4	countries/hungary/galaxy4-hu.png
gametoon	countries/hungary/game-toon-hu.png
hirtv	countries/hungary/hir-tv-hu.png
izauratv	countries/hungary/izaura-tv-hu.png
jockytv	countries/hungary/jocky-tv-hu.png
lifetv	countries/hungary/life-tv-hu.png
m1	countries/hungary/m1-hu.png
m2	countries/hungary/m2-hu.png
m2petofi	countries/hungary/m2-petofi-hu.png
m4sport	countries/hungary/m4-sport-hu.png
m4sportplus	countries/hungary/m4-sport-plus-hu.png
m5	countries/hungary/m5-hu.png
magyarmozitv	countries/hungary/magyar-mozi-tv-hu.png
match4	countries/hungary/match4-hu.png
max4	countries/hungary/max4-hu.png
movies24	countries/united-kingdom/movies-24-uk.png
moziplus	countries/hungary/mozi-plus-hu.png
moziverzum	countries/hungary/moziverzum-hu.png
musicplus	countries/hungary/music-plus-hu.png
muzsikatv	countries/hungary/muzsika-tv-hu.png
ozonetv	countries/hungary/ozone-tv-hu.png
prime	countries/new-zealand/prime-nz.png
rakosmentetv	countries/hungary/rakosmente-tv-hu.png
rtlgold	countries/hungary/rtl-gold-hu.png
rtlharom	countries/hungary/rtl-harom-hu.png
rtlketto	countries/hungary/rtl-ketto-hu.png
slagertv	countries/hungary/slager-tv-hu.png
sorozatplus	countries/hungary/sorozat-plus-hu.png
spiler1	countries/hungary/spiler-1-hu.png
spiler2	countries/hungary/spiler-2-hu.png
spilerextra	countries/hungary/spiler-extra-hu.png
sport2	countries/hungary/sport2-hu.png
sport3	countries/hungary/sport3-hu.png
story4	countries/hungary/story4-hu.png
thefishingandhuntingchannel	countries/hungary/the-fishing-and-hunting-channel-hu.png
travelxp	countries/hungary/travelxp-hu.png
tv2comedy	countries/hungary/tv2-comedy-hu.png
tv2	countries/hungary/tv2-hu.png
tv2kids	countries/hungary/tv2-kids-hu.png
tv2klub	countries/hungary/tv2-klub-hu.png
tv2sef	countries/hungary/tv2-sef-hu.png
tv2sport	countries/hungary/tv2-sport-hu.png
tv2sportplus	countries/hungary/tv2-sport-plus-hu.png
tv2super	countries/hungary/tv2-super-hu.png
tv4	countries/hungary/tv4-hu.png
ujbudatv	countries/hungary/ujbuda-tv-hu.png
viasatfilm	countries/hungary/viasat-film-hu.png
viasat2	countries/hungary/viasat2-hu.png
viasat3	countries/hungary/viasat3-hu.png
viasat6	countries/hungary/viasat6-hu.png
vixen	countries/hungary/vixen-hu.png
zenebutik	countries/hungary/zenebutik-hu.png
1sports	countries/india/1sports-in.png
9xjalwa	countries/india/9x-jalwa-in.png
9xjhakaas	countries/india/9x-jhakaas-in.png
9xtashan	countries/india/9x-tashan-in.png
9xm	countries/india/9xm-in.png
a1tv	countries/india/a1tv-in.png
aajtak	countries/india/aaj-tak-hd-in.png
aakashaath	countries/india/aakash-aath-in.png
aasthabhajan	countries/india/aastha-bhajan-in.png
aastha	countries/india/aastha-in.png
abpananda	countries/india/abp-ananda-in.png
abpasmita	countries/india/abp-asmita-in.png
abpganga	countries/india/abp-ganga-in.png
abpmajha	countries/india/abp-majha-in.png
abpnews	countries/india/abp-news-in.png
abzycool	countries/india/abzy-cool-in.png
abzymovies	countries/india/abzy-movies-in.png
alankartv	countries/india/alankar-tv-in.png
anaaditv	countries/india/anaadi-tv-in.png
andflix	countries/india/and-flix-hd-in.png
andpictures	countries/india/and-pictures-hd-in.png
andprive	countries/india/and-prive-hd-in.png
andtv	countries/india/and-tv-hd-in.png
apnnews	countries/india/apn-news-in.png
argus	countries/india/argus-in.png
arihant	countries/india/arihant-in.png
asianet	countries/india/asianet-hd-in.png
asianetmovies	countries/india/asianet-movies-in.png
asianetnews	countries/india/asianet-news-in.png
asianetplus	countries/india/asianet-plus-in.png
assamtalks	countries/india/assam-talks-in.png
awakening	countries/india/awakening-in.png
b4ubhojpuri	countries/india/b4u-bhojpuri-in.png
b4ukadak	countries/india/b4u-kadak-in.png
b4umovies	countries/united-kingdom/b4u-movies-uk.png
b4umusic	countries/united-kingdom/b4u-music-uk.png
balleballe	countries/india/balle-balle-in.png
bansalnews	countries/india/bansal-news-in.png
bflixmovies	countries/india/bflix-movies-in.png
bharatsamachar	countries/india/bharat-samachar-in.png
bhojpuricinema	countries/india/bhojpuri-cinema-in.png
bigmagic	countries/india/big-magic-in.png
bindass	countries/india/bindass-in.png
boxcinema	countries/india/box-cinema-in.png
calcuttanews	countries/india/calcutta-news-in.png
channelwin	countries/india/channel-win-in.png
chardiklatimetv	countries/india/chardikla-time-tv-in.png
cinematvindia	countries/india/cinema-tv-india-in.png
cnachannelnewsasia	countries/india/cna-channel-news-asia-in.png
cnbcawaaz	countries/india/cnbc-awaaz-in.png
cnbctv18	countries/india/cnbc-tv18-in.png
cnbctv18prime	countries/india/cnbc-tv18-prime-hd-in.png
cnnnews18	countries/india/cnn-news-18-in.png
colorscineplexbollywood	countries/india/colors-cineplex-bollywood-in.png
colorscineplex	countries/united-kingdom/colors-cineplex-uk.png
colorscineplexsuperhits	countries/india/colors-cineplex-superhits-in.png
colors	countries/united-kingdom/colors-uk.png
colorsinfinity	countries/india/colors-infinity-hd-in.png
colorsmarathi	countries/india/colors-marathi-hd-in.png
colorsrishtey	countries/united-kingdom/colors-rishtey-uk.png
dangal	countries/india/dangal-in.png
ddbharati	countries/india/dd-bharati-in.png
ddbihar	countries/india/dd-bihar-in.png
ddindia	countries/india/dd-india-hd-in.png
ddkisan	countries/india/dd-kisan-in.png
ddmadhyapradesh	countries/india/dd-madhya-pradesh-in.png
ddnational	countries/india/dd-national-in.png
ddnews	countries/india/dd-news-hd-in.png
ddrajasthan	countries/india/dd-rajasthan-in.png
ddretro	countries/india/dd-retro-in.png
ddsports	countries/india/dd-sports-in.png
dduttarpradesh	countries/india/dd-uttar-pradesh-in.png
dhinchaak	countries/india/dhinchaak-in.png
dishatv	countries/india/disha-tv-in.png
dishum	countries/india/dishum-in.png
divya	countries/india/divya-in.png
e24	countries/india/e24-in.png
enterr10movies	countries/india/enterr10-movies-in.png
enterr10rangeela	countries/india/enterr10-rangeela-in.png
epic	countries/india/epic-in.png
etnow	countries/india/et-now-in.png
etnowswadesh	countries/india/et-now-swadesh-in.png
etvbalbharat	countries/india/etv-bal-bharat-in.png
faktmarathi	countries/india/fakt-marathi-in.png
filamchibhojpuri	countries/india/filamchi-bhojpuri-in.png
firstindianewsrajasthan	countries/india/first-india-news-rajasthan-in.png
foodfood	countries/india/food-food-in.png
goodtimes	countries/india/goodtimes-in.png
gubbare	countries/india/gubbare-in.png
gulistannews	countries/india/gulistan-news-in.png
haryanabeats	countries/india/haryana-beats-in.png
hindikhabar	countries/india/hindi-khabar-in.png
historytv18	countries/india/history-tv18-hd-in.png
hungama	countries/india/hungama-in.png
ibc24	countries/india/ibc-24-in.png
indiaahead	countries/india/india-ahead-in.png
indianews	countries/india/india-news-in.png
indianewsmadhyapradeshchhattisgarh	countries/india/india-news-madhya-pradesh-chhattisgarh-in.png
indianewsrajasthan	countries/india/india-news-rajasthan-in.png
indianewsuttarpradesh	countries/india/india-news-uttar-pradesh-in.png
indiatoday	countries/india/india-today-in.png
indiatv	countries/india/india-tv-in.png
indiavoice	countries/india/india-voice-in.png
inh24x7	countries/india/inh-24x7-in.png
insync	countries/india/insync-in.png
ishwartv	countries/india/ishwar-tv-in.png
jaimaharashtra	countries/india/jai-maharashtra-in.png
jalshamovies	countries/india/jalsha-movies-hd-in.png
jantv	countries/india/jan-tv-in.png
jantantratv	countries/india/jantantra-tv-in.png
jinvanichannel	countries/india/jinvani-channel-in.png
kashishnews	countries/india/kashish-news-in.png
loksabhatv	countries/india/lok-sabha-tv-in.png
manoranjan	countries/india/manoranjan-in.png
mastiii	countries/india/mastiii-in.png
mh1	countries/india/mh-one-in.png
mh1prime	countries/india/mh-one-prime-in.png
mh1shraddha	countries/india/mh-one-shraddha-in.png
mirrornow	countries/india/mirror-now-in.png
mnplus	countries/india/mn-plus-hd-in.png
mnx	countries/india/mnx-hd-in.png
moviesnow	countries/india/movies-now-hd-in.png
mtvbeats	countries/india/mtv-beats-hd-in.png
mtvplus	countries/united-kingdom/mtv-plus-uk.png
naaptol	countries/india/naaptol-in.png
ndtv24x7	countries/united-kingdom/ndtv-24x7-uk.png
ndtvindia	countries/india/ndtv-india-in.png
ndtvprime	countries/india/ndtv-prime-in.png
ndtvprofit	countries/india/ndtv-profit-in.png
news1india	countries/india/news-1-india-in.png
news11bharat	countries/india/news-11-bharat-in.png
news18biharjharkhand	countries/india/news-18-bihar-jharkhand-in.png
news18india	countries/india/news-18-india-in.png
news18lokmat	countries/india/news-18-lokmat-in.png
news18madhyapradeshchhattisgarh	countries/india/news-18-madhya-pradesh-chhattisgarh-in.png
news18punjabharyana	countries/india/news-18-punjab-haryana-in.png
news18rajasthan	countries/india/news-18-rajasthan-in.png
news18urdu	countries/india/news-18-urdu-in.png
news18uttarpradeshuttarakhand	countries/india/news-18-uttar-pradesh-uttarakhand-in.png
news24	countries/india/news-24-in.png
news24madhyapradeshchhattisgarh	countries/india/news-24-madhya-pradesh-chhattisgarh-in.png
newsindia24x7	countries/india/news-india-24x7-in.png
newsnation	countries/united-states/news-nation-us.png
newsstate	countries/india/news-state-in.png
newsstatemadhyapradeshchhattisgarh	countries/india/news-state-madhya-pradesh-chhattisgarh-in.png
newsx	countries/india/news-x-in.png
nickplus	countries/india/nick-hd-plus-in.png
nickelodeonsonic	countries/india/nickelodeon-sonic-in.png
oscarmovies	countries/india/oscar-movies-in.png
parastv	countries/india/paras-tv-in.png
patrikarajasthan	countries/india/patrika-rajasthan-in.png
peaceofmind	countries/india/peace-of-mind-in.png
pogo	countries/india/pogo-in.png
pravahpicture	countries/india/pravah-picture-in.png
primenews	countries/india/prime-news-in.png
rajyasabhatv	countries/india/rajya-sabha-tv-in.png
republicbharattv	countries/india/republic-bharat-tv-in.png
republictv	countries/india/republic-tv-in.png
romedynow	countries/india/romedy-now-in.png
saamtv	countries/india/saam-tv-in.png
sadhnabangla	countries/india/sadhna-bangla-in.png
sadhnanewsmadhyapradeshchhattisgarh	countries/india/sadhna-news-madhya-pradesh-chhattisgarh-in.png
sadhnaplusnews	countries/india/sadhna-plus-news-in.png
salaamtv	countries/india/salaam-tv-in.png
samay	countries/india/samay-in.png
sansadtv	countries/india/sansad-tv-in.png
sanskar	countries/india/sanskar-in.png
santwani	countries/india/santwani-in.png
satsangtv	countries/india/satsang-tv-in.png
sharnamtv	countries/india/sharnam-tv-in.png
shemaroo	countries/india/shemaroo-in.png
shemaroomarathibana	countries/india/shemaroo-marathibana-in.png
showbox	countries/india/showbox-in.png
shubhtv	countries/india/shubh-tv-in.png
sonyaath	countries/india/sony-aath-in.png
sonybbcearth	countries/india/sony-bbc-earth-hd-in.png
sonyentertainmenttelevision	countries/united-kingdom/sony-entertainment-television-uk.png
sonymarathi	countries/india/sony-marathi-in.png
sonymax2	countries/united-kingdom/sony-max-2-uk.png
sonymax	countries/united-kingdom/sony-max-uk.png
sonypal	countries/india/sony-pal-hd-in.png
sonypix	countries/india/sony-pix-hd-in.png
sonysab	countries/united-kingdom/sony-sab-uk.png
sony101	countries/india/sony-ten-1-hd-in.png
sony102	countries/india/sony-ten-2-hd-in.png
sony103	countries/india/sony-ten-3-hd-in.png
sony104	countries/india/sony-ten-4-hd-in.png
sony105	countries/india/sony-ten-5-hd-in.png
sonywah	countries/india/sony-wah-hd-in.png
sonyyay	countries/india/sony-yay-in.png
sports18	countries/india/sports-18-in.png
starbharat	countries/india/star-bharat-hd-in.png
stargold2	countries/india/star-gold-2-in.png
stargold	countries/india/star-gold-hd-in.png
stargoldselect	countries/india/star-gold-select-hd-in.png
starjalsha	countries/india/star-jalsha-hd-in.png
starkiran	countries/india/star-kiran-in.png
starmaagold	countries/india/star-maa-gold-in.png
starmaa	countries/india/star-maa-hd-in.png
starmaamovies	countries/india/star-maa-movies-hd-in.png
starmaamusic	countries/india/star-maa-music-in.png
starmovies	countries/india/star-movies-hd-in.png
starmoviesselect	countries/india/star-movies-select-hd-in.png
starplus	countries/india/star-plus-hd-in.png
starpravah	countries/india/star-pravah-hd-in.png
starsports1bangla	countries/india/star-sports-1-bangla-in.png
starsports1hindi	countries/india/star-sports-1-hindi-in.png
starsports1	countries/india/star-sports-1-in.png
starsports1kannada	countries/india/star-sports-1-kannada-in.png
starsports1marathi	countries/india/star-sports-1-marathi-in.png
starsports1tamil	countries/india/star-sports-1-tamil-in.png
starsports1telugu	countries/india/star-sports-1-telugu-in.png
starsports2	countries/india/star-sports-2-in.png
starsports3	countries/india/star-sports-3-in.png
starsportsfirst	countries/india/star-sports-first-in.png
starsportsselect1	countries/india/star-sports-select-1-in.png
starsportsselect2	countries/india/star-sports-select-2-in.png
starsuvarna	countries/india/star-suvarna-hd-in.png
starsuvarnaplus	countries/india/star-suvarna-plus-in.png
starutsav	countries/india/star-utsav-in.png
starutsavmovies	countries/india/star-utsav-movies-in.png
starworld	countries/india/star-world-hd-in.png
starworldpremiere	countries/india/star-world-premiere-hd-in.png
subhartitv	countries/india/subharti.tv-in.png
sudarshannews	countries/india/sudarshan-news-in.png
superhungama	countries/india/super-hungama-in.png
swarajexpresssmbc	countries/india/swaraj-express-smbc-in.png
tataskyaradhana	countries/india/tata-sky-aradhana-in.png
tataskyastroduniya	countries/india/tata-sky-astro-duniya-in.png
tataskybeauty	countries/india/tata-sky-beauty-in.png
tataskycooking	countries/india/tata-sky-cooking-in.png
tataskycuriositychannel	countries/india/tata-sky-curiosity-channel-in.png
tataskyenglishhindi	countries/india/tata-sky-english-in-hindi-in.png
tataskyfamilyhealth	countries/india/tata-sky-family-health-in.png
tataskyfitness	countries/india/tata-sky-fitness-in.png
tataskyfunlearn	countries/india/tata-sky-fun-learn-in.png
tataskyhits	countries/india/tata-sky-hits-in.png
tataskyhollywoodlocal	countries/india/tata-sky-hollywood-local-in.png
tataskyjavedakhtar	countries/india/tata-sky-javed-akhtar-in.png
tataskyjeeprep	countries/india/tata-sky-jee-prep-in.png
tataskyneetprep	countries/india/tata-sky-neet-prep-in.png
tataskyseniors	countries/india/tata-sky-seniors-in.png
tataskyshortstv	countries/india/tata-sky-shortstv-in.png
tataskysmartmanager	countries/india/tata-sky-smart-manager-in.png
tataskytheatre	countries/india/tata-sky-theatre-in.png
tataskyvedicmaths	countries/india/tata-sky-vedic-maths-in.png
tehzeebtv	countries/india/tehzeeb-tv-in.png
theq	countries/india/the-q-in.png
timesnow	countries/india/times-now-in.png
timesnownavbharat	countries/india/times-now-navbharat-in.png
timesnowworld	countries/india/times-now-world-in.png
totaltv	countries/india/total-tv-in.png
travelxphdr	countries/india/travelxp-4k-hdr-in.png
tv9bharatvarsh	countries/india/tv9-bharatvarsh-in.png
vedic	countries/india/vedic-in.png
vijaysuper	countries/india/vijay-super-in.png
vijaytv	countries/india/vijay-tv-hd-in.png
wion	countries/india/wion-in.png
zee24ghanta	countries/india/zee-24-ghanta-in.png
zee24kalak	countries/india/zee-24-kalak-in.png
zee24taas	countries/india/zee-24-taas-in.png
zeeaction	countries/india/zee-action-in.png
zeeanmolcinema	countries/india/zee-anmol-cinema-in.png
zeebanglacinema	countries/india/zee-bangla-cinema-in.png
zeebangla	countries/india/zee-bangla-hd-in.png
zeebharat	countries/india/zee-bharat-in.png
zeebiharjharkhand	countries/india/zee-bihar-jharkhand-in.png
zeebiskope	countries/india/zee-biskope-in.png
zeebollywood	countries/india/zee-bollywood-in.png
zeebusiness	countries/india/zee-business-in.png
zeecafe	countries/india/zee-cafe-hd-in.png
zeechitramandir	countries/india/zee-chitramandir-in.png
zeecinema	countries/india/zee-cinema-hd-in.png
zeecinemalu	countries/india/zee-cinemalu-hd-in.png
zeeclassic	countries/india/zee-classic-in.png
zeedelhincrharyana	countries/india/zee-delhi-ncr-haryana-in.png
zeeganga	countries/india/zee-ganga-in.png
zeehindustan	countries/india/zee-hindustan-in.png
zeejkladakh	countries/india/zee-jk-ladakh-in.png
zeekannada	countries/india/zee-kannada-hd-in.png
zeekannadanews	countries/india/zee-kannada-news-in.png
zeekeralam	countries/india/zee-keralam-hd-in.png
zeemadhyapradeshchattisgarh	countries/india/zee-madhya-pradesh-chattisgarh-in.png
zeemalayalamnews	countries/india/zee-malayalam-news-in.png
zeemarathi	countries/india/zee-marathi-hd-in.png
zeenews	countries/india/zee-news-hd-in.png
zeeodishanews	countries/india/zee-odisha-news-in.png
zeepicchar	countries/india/zee-picchar-hd-in.png
zeepunjabharyanahimachal	countries/india/zee-punjab-haryana-himachal-in.png
zeepunjabi	countries/united-kingdom/zee-punjabi-uk.png
zeerajasthan	countries/india/zee-rajasthan-in.png
zeesarthak	countries/india/zee-sarthak-in.png
zeetalkies	countries/india/zee-talkies-hd-in.png
zeetamil	countries/india/zee-tamil-hd-in.png
zeetamilnews	countries/india/zee-tamil-news-in.png
zeetelugu	countries/india/zee-telugu-hd-in.png
zeetelugunews	countries/india/zee-telugu-news-in.png
zeethirai	countries/india/zee-thirai-hd-in.png
zeetv	countries/india/zee-tv-hd-in.png
zeeuttarpradeshuttarakhand	countries/india/zee-uttar-pradesh-uttarakhand-in.png
zeeyuva	countries/india/zee-yuva-in.png
zeezest	countries/india/zee-zest-hd-in.png
zeezindagi	countries/india/zee-zindagi-in.png
zing	countries/india/zing-in.png
zoom	countries/india/zoom-in.png
ajwatvid	countries/indonesia/ajwa-tv-id.png
antvid	countries/indonesia/antv-id.png
balitvid	countries/indonesia/bali-tv-id.png
bbstvid	countries/indonesia/bbs-tv-id.png
beritasatuid	countries/indonesia/berita-satu-id.png
beritasatuworldid	countries/indonesia/berita-satu-world-id.png
btvid	countries/indonesia/btv-id.png
ctvbantenid	countries/indonesia/ctv-banten-id.png
daaitvid	countries/indonesia/daai-tv-id.png
foodieid	countries/indonesia/foodie-id.png
gtvid	countries/indonesia/gtv-id.png
hiid	countries/indonesia/hi-id.png
indonesianetworkid	countries/indonesia/indonesia-network-id.png
indosiarid	countries/indonesia/indosiar-id.png
inewsid	countries/indonesia/inews-id.png
jaktvid	countries/indonesia/jak-tv-id.png
jakartaglobenewschannelid	countries/indonesia/jakarta-globe-news-channel-id.png
jpmid	countries/indonesia/jpm-id.png
jtvid	countries/indonesia/jtv-id.png
karaokechannelid	countries/indonesia/karaoke-channel-id.png
kompastvid	countries/indonesia/kompas-tv-id.png
mdtvid	countries/indonesia/mdtv-id.png
mentaritvid	countries/indonesia/mentari-tv-id.png
metrotvid	countries/indonesia/metro-tv-id.png
mnctvid	countries/indonesia/mnc-tv-id.png
mojiid	countries/indonesia/moji-id.png
mytvid	countries/indonesia/mytv-id.png
ochannelid	countries/indonesia/o-channel-id.png
rctiid	countries/indonesia/rcti-id.png
rtvid	countries/indonesia/rtv-id.png
sctvid	countries/indonesia/sctv-id.png
thefirstcomedynetworkid	countries/indonesia/the-first-comedy-network-id.png
trans7id	countries/indonesia/trans-7-id.png
transtvid	countries/indonesia/trans-tv-id.png
tv1id	countries/indonesia/tv-one-id.png
tvriid	countries/indonesia/tvri-id.png
tvrisportid	countries/indonesia/tvri-sport-id.png
tvriworldid	countries/indonesia/tvri-world-id.png
vtvid	countries/indonesia/vtv-id.png
360tuneboxint	countries/international/360-tunebox-int.png
animalplanetint	countries/international/animal-planet-int.png
arirangint	countries/international/arirang-int.png
bbcarabichzint	countries/international/bbc-arabic-hz-int.png
bbcarabicint	countries/international/bbc-arabic-int.png
bbcnewsarabichzint	countries/international/bbc-news-arabic-hz-int.png
bbcnewsarabicint	countries/international/bbc-news-arabic-int.png
bbcnewsarabicwhitehzint	countries/international/bbc-news-arabic-white-hz-int.png
bbcnewspersianhzint	countries/international/bbc-news-persian-hz-int.png
bbcnewspersianint	countries/international/bbc-news-persian-int.png
bbcnewspersianwhitehzint	countries/international/bbc-news-persian-white-hz-int.png
bbcpersianhzint	countries/international/bbc-persian-hz-int.png
bbcpersianint	countries/international/bbc-persian-int.png
bbcworldnewshzint	countries/international/bbc-world-news-hz-int.png
bbcworldnewsint	countries/international/bbc-world-news-int.png
bbcworldnewswhitehzint	countries/international/bbc-world-news-white-hz-int.png
bbcworldserviceint	countries/international/bbc-world-service-int.png
beinhzint	countries/international/beinsports/old/horizontal/bein-4k-hz-int.png
beinsports1hzint	countries/international/beinsports/old/horizontal/bein-sports-1-hz-int.png
beinsports1maxhzint	countries/international/beinsports/old/horizontal/bein-sports-1-max-hz-int.png
beinsports10hzint	countries/international/beinsports/old/horizontal/bein-sports-10-hz-int.png
beinsports10maxhzint	countries/international/beinsports/old/horizontal/bein-sports-10-max-hz-int.png
beinsports11englishhzint	countries/international/beinsports/old/horizontal/bein-sports-11-english-hz-int.png
beinsports11hzint	countries/international/beinsports/old/horizontal/bein-sports-11-hz-int.png
beinsports12englishhzint	countries/international/beinsports/old/horizontal/bein-sports-12-english-hz-int.png
beinsports12hzint	countries/international/beinsports/old/horizontal/bein-sports-12-hz-int.png
beinsports13englishhzint	countries/international/beinsports/old/horizontal/bein-sports-13-english-hz-int.png
beinsports13hzint	countries/international/beinsports/old/horizontal/bein-sports-13-hz-int.png
beinsports14frenchhzint	countries/international/beinsports/old/horizontal/bein-sports-14-french-hz-int.png
beinsports14hzint	countries/international/beinsports/old/horizontal/bein-sports-14-hz-int.png
beinsports15frenchhzint	countries/international/beinsports/old/horizontal/bein-sports-15-french-hz-int.png
beinsports15hzint	countries/international/beinsports/old/horizontal/bein-sports-15-hz-int.png
beinsports16frenchhzint	countries/international/beinsports/old/horizontal/bein-sports-16-french-hz-int.png
beinsports16hzint	countries/international/beinsports/old/horizontal/bein-sports-16-hz-int.png
beinsports17hzint	countries/international/beinsports/old/horizontal/bein-sports-17-hz-int.png
beinsports17spanishhzint	countries/international/beinsports/old/horizontal/bein-sports-17-spanish-hz-int.png
beinsports2hzint	countries/international/beinsports/old/horizontal/bein-sports-2-hz-int.png
beinsports2maxhzint	countries/international/beinsports/old/horizontal/bein-sports-2-max-hz-int.png
beinsports3hzint	countries/international/beinsports/old/horizontal/bein-sports-3-hz-int.png
beinsports3maxhzint	countries/international/beinsports/old/horizontal/bein-sports-3-max-hz-int.png
beinsports4hzint	countries/international/beinsports/old/horizontal/bein-sports-4-hz-int.png
beinsports4maxhzint	countries/international/beinsports/old/horizontal/bein-sports-4-max-hz-int.png
beinsportshzint	countries/international/beinsports/old/horizontal/bein-sports-4k-hz-int.png
beinsports5hzint	countries/international/beinsports/old/horizontal/bein-sports-5-hz-int.png
beinsports5maxhzint	countries/international/beinsports/old/horizontal/bein-sports-5-max-hz-int.png
beinsports6hzint	countries/international/beinsports/old/horizontal/bein-sports-6-hz-int.png
beinsports6maxhzint	countries/international/beinsports/old/horizontal/bein-sports-6-max-hz-int.png
beinsports7hzint	countries/international/beinsports/old/horizontal/bein-sports-7-hz-int.png
beinsports7maxhzint	countries/international/beinsports/old/horizontal/bein-sports-7-max-hz-int.png
beinsports8hzint	countries/international/beinsports/old/horizontal/bein-sports-8-hz-int.png
beinsports8maxhzint	countries/international/beinsports/old/horizontal/bein-sports-8-max-hz-int.png
beinsports9hzint	countries/international/beinsports/old/horizontal/bein-sports-9-hz-int.png
beinsports9maxhzint	countries/international/beinsports/old/horizontal/bein-sports-9-max-hz-int.png
beinsportsespanolhzint	countries/international/beinsports/old/horizontal/bein-sports-espanol-hz-int.png
beinsportshaberhzint	countries/international/beinsports/old/horizontal/bein-sports-haber-hz-int.png
beinsportsmaxhzint	countries/international/beinsports/old/horizontal/bein-sports-hd-max-hz-int.png
beinsportshd1hzint	countries/international/beinsports/old/horizontal/bein-sports-hd1-hz-int.png
beinsportshd1maxhzint	countries/international/beinsports/old/horizontal/bein-sports-hd1-max-hz-int.png
beinsportshd10hzint	countries/international/beinsports/old/horizontal/bein-sports-hd10-hz-int.png
beinsportshd10maxhzint	countries/international/beinsports/old/horizontal/bein-sports-hd10-max-hz-int.png
beinsportshd11englishhzint	countries/international/beinsports/old/horizontal/bein-sports-hd11-english-hz-int.png
beinsportshd11hzint	countries/international/beinsports/old/horizontal/bein-sports-hd11-hz-int.png
beinsportshd12englishhzint	countries/international/beinsports/old/horizontal/bein-sports-hd12-english-hz-int.png
beinsportshd12hzint	countries/international/beinsports/old/horizontal/bein-sports-hd12-hz-int.png
beinsportshd13englishhzint	countries/international/beinsports/old/horizontal/bein-sports-hd13-english-hz-int.png
beinsportshd13hzint	countries/international/beinsports/old/horizontal/bein-sports-hd13-hz-int.png
beinsportshd14frenchhzint	countries/international/beinsports/old/horizontal/bein-sports-hd14-french-hz-int.png
beinsportshd14hzint	countries/international/beinsports/old/horizontal/bein-sports-hd14-hz-int.png
beinsportshd15frenchhzint	countries/international/beinsports/old/horizontal/bein-sports-hd15-french-hz-int.png
beinsportshd15hzint	countries/international/beinsports/old/horizontal/bein-sports-hd15-hz-int.png
beinsportshd16frenchhzint	countries/international/beinsports/old/horizontal/bein-sports-hd16-french-hz-int.png
beinsportshd16hzint	countries/international/beinsports/old/horizontal/bein-sports-hd16-hz-int.png
beinsportshd17hzint	countries/international/beinsports/old/horizontal/bein-sports-hd17-hz-int.png
beinsportshd17spanishhzint	countries/international/beinsports/old/horizontal/bein-sports-hd17-spanish-hz-int.png
beinsportshd2hzint	countries/international/beinsports/old/horizontal/bein-sports-hd2-hz-int.png
beinsportshd2maxhzint	countries/international/beinsports/old/horizontal/bein-sports-hd2-max-hz-int.png
beinsportshd3hzint	countries/international/beinsports/old/horizontal/bein-sports-hd3-hz-int.png
beinsportshd3maxhzint	countries/international/beinsports/old/horizontal/bein-sports-hd3-max-hz-int.png
beinsportshd4hzint	countries/international/beinsports/old/horizontal/bein-sports-hd4-hz-int.png
beinsportshd4maxhzint	countries/international/beinsports/old/horizontal/bein-sports-hd4-max-hz-int.png
beinsportshd5hzint	countries/international/beinsports/old/horizontal/bein-sports-hd5-hz-int.png
beinsportshd5maxhzint	countries/international/beinsports/old/horizontal/bein-sports-hd5-max-hz-int.png
beinsportshd6hzint	countries/international/beinsports/old/horizontal/bein-sports-hd6-hz-int.png
beinsportshd6maxhzint	countries/international/beinsports/old/horizontal/bein-sports-hd6-max-hz-int.png
beinsportshd7hzint	countries/international/beinsports/old/horizontal/bein-sports-hd7-hz-int.png
beinsportshd7maxhzint	countries/international/beinsports/old/horizontal/bein-sports-hd7-max-hz-int.png
beinsportshd8hzint	countries/international/beinsports/old/horizontal/bein-sports-hd8-hz-int.png
beinsportshd8maxhzint	countries/international/beinsports/old/horizontal/bein-sports-hd8-max-hz-int.png
beinsportshd9hzint	countries/international/beinsports/old/horizontal/bein-sports-hd9-hz-int.png
beinsportshd9maxhzint	countries/international/beinsports/old/horizontal/bein-sports-hd9-max-hz-int.png
beinsportslaligahzint	countries/international/beinsports/old/horizontal/bein-sports-laliga-hz-int.png
beinsportsnbahzint	countries/international/beinsports/old/horizontal/bein-sports-nba-hz-int.png
beinsportsnewsarabichzint	countries/international/beinsports/old/horizontal/bein-sports-news-arabic-hz-int.png
beinsportsnewshzint	countries/international/beinsports/old/horizontal/bein-sports-news-hz-int.png
beinsportspremierleaguehzint	countries/international/beinsports/old/horizontal/bein-sports-premier-league-hz-int.png
beinsportsxtrahzint	countries/international/beinsports/old/horizontal/bein-sports-xtra-hz-int.png
beinint	countries/international/beinsports/old/stacked/bein-4k-int.png
beinsports1int	countries/international/beinsports/old/stacked/bein-sports-1-int.png
beinsports1maxint	countries/international/beinsports/old/stacked/bein-sports-1-max-int.png
beinsports10int	countries/international/beinsports/old/stacked/bein-sports-10-int.png
beinsports10maxint	countries/international/beinsports/old/stacked/bein-sports-10-max-int.png
beinsports11englishint	countries/international/beinsports/old/stacked/bein-sports-11-english-int.png
beinsports11int	countries/international/beinsports/old/stacked/bein-sports-11-int.png
beinsports12englishint	countries/international/beinsports/old/stacked/bein-sports-12-english-int.png
beinsports12int	countries/international/beinsports/old/stacked/bein-sports-12-int.png
beinsports13englishint	countries/international/beinsports/old/stacked/bein-sports-13-english-int.png
beinsports13int	countries/international/beinsports/old/stacked/bein-sports-13-int.png
beinsports14frenchint	countries/international/beinsports/old/stacked/bein-sports-14-french-int.png
beinsports14int	countries/international/beinsports/old/stacked/bein-sports-14-int.png
beinsports15frenchint	countries/international/beinsports/old/stacked/bein-sports-15-french-int.png
beinsports15int	countries/international/beinsports/old/stacked/bein-sports-15-int.png
beinsports16frenchint	countries/international/beinsports/old/stacked/bein-sports-16-french-int.png
beinsports16int	countries/international/beinsports/old/stacked/bein-sports-16_int.png
beinsports17int	countries/international/beinsports/old/stacked/bein-sports-17-int.png
beinsports17spanishint	countries/international/beinsports/old/stacked/bein-sports-17-spanish-int.png
beinsports2int	countries/international/beinsports/old/stacked/bein-sports-2-int.png
beinsports2maxint	countries/international/beinsports/old/stacked/bein-sports-2-max-int.png
beinsports3int	countries/international/beinsports/old/stacked/bein-sports-3-int.png
beinsports3maxint	countries/international/beinsports/old/stacked/bein-sports-3-max-int.png
beinsports4int	countries/international/beinsports/old/stacked/bein-sports-4-int.png
beinsports4maxint	countries/international/beinsports/old/stacked/bein-sports-4-max-int.png
beinsportsint	countries/international/beinsports/old/stacked/bein-sports-4k-int.png
beinsports5int	countries/international/beinsports/old/stacked/bein-sports-5-int.png
beinsports5maxint	countries/international/beinsports/old/stacked/bein-sports-5-max-int.png
beinsports6int	countries/international/beinsports/old/stacked/bein-sports-6-int.png
beinsports6maxint	countries/international/beinsports/old/stacked/bein-sports-6-max-int.png
beinsports7int	countries/international/beinsports/old/stacked/bein-sports-7-int.png
beinsports7maxint	countries/international/beinsports/old/stacked/bein-sports-7-max-int.png
beinsports8int	countries/international/beinsports/old/stacked/bein-sports-8-int.png
beinsports8maxint	countries/international/beinsports/old/stacked/bein-sports-8-max-int.png
beinsports9int	countries/international/beinsports/old/stacked/bein-sports-9-int.png
beinsports9maxint	countries/international/beinsports/old/stacked/bein-sports-9-max-int.png
beinsportsespanolint	countries/international/beinsports/old/stacked/bein-sports-espanol-int.png
beinsportshaberint	countries/international/beinsports/old/stacked/bein-sports-haber-int.png
beinsportsmax1int	countries/international/beinsports/old/stacked/bein-sports-hd-max_1-int.png
beinsportshd1int	countries/international/beinsports/old/stacked/bein-sports-hd1-int.png
beinsportshd1maxint	countries/international/beinsports/old/stacked/bein-sports-hd1-max-int.png
beinsportshd10int	countries/international/beinsports/old/stacked/bein-sports-hd10-int.png
beinsportshd10maxint	countries/international/beinsports/old/stacked/bein-sports-hd10-max-int.png
beinsportshd11englishint	countries/international/beinsports/old/stacked/bein-sports-hd11-english-int.png
beinsportshd11int	countries/international/beinsports/old/stacked/bein-sports-hd11-int.png
beinsportshd12englishint	countries/international/beinsports/old/stacked/bein-sports-hd12-english-int.png
beinsportshd12int	countries/international/beinsports/old/stacked/bein-sports-hd12-int.png
beinsportshd13englishint	countries/international/beinsports/old/stacked/bein-sports-hd13-english-int.png
beinsportshd13int	countries/international/beinsports/old/stacked/bein-sports-hd13-int.png
beinsportshd14frenchint	countries/international/beinsports/old/stacked/bein-sports-hd14-french-int.png
beinsportshd14int	countries/international/beinsports/old/stacked/bein-sports-hd14-int.png
beinsportshd15frenchint	countries/international/beinsports/old/stacked/bein-sports-hd15-french-int.png
beinsportshd15int	countries/international/beinsports/old/stacked/bein-sports-hd15-int.png
beinsportshd16frenchint	countries/international/beinsports/old/stacked/bein-sports-hd16-french-int.png
beinsportshd16int	countries/international/beinsports/old/stacked/bein-sports-hd16-int.png
beinsportshd17int	countries/international/beinsports/old/stacked/bein-sports-hd17-int.png
beinsportshd17spanishint	countries/international/beinsports/old/stacked/bein-sports-hd17-spanish-int.png
beinsportshd2int	countries/international/beinsports/old/stacked/bein-sports-hd2-int.png
beinsportshd2maxint	countries/international/beinsports/old/stacked/bein-sports-hd2-max-int.png
beinsportshd3int	countries/international/beinsports/old/stacked/bein-sports-hd3-int.png
beinsportshd3maxint	countries/international/beinsports/old/stacked/bein-sports-hd3-max-int.png
beinsportshd4int	countries/international/beinsports/old/stacked/bein-sports-hd4-int.png
beinsportshd4maxint	countries/international/beinsports/old/stacked/bein-sports-hd4-max-int.png
beinsportshd5int	countries/international/beinsports/old/stacked/bein-sports-hd5-int.png
beinsportshd5maxint	countries/international/beinsports/old/stacked/bein-sports-hd5-max-int.png
beinsportshd6int	countries/international/beinsports/old/stacked/bein-sports-hd6-int.png
beinsportshd6maxint	countries/international/beinsports/old/stacked/bein-sports-hd6-max-int.png
beinsportshd7int	countries/international/beinsports/old/stacked/bein-sports-hd7-int.png
beinsportshd7maxint	countries/international/beinsports/old/stacked/bein-sports-hd7-max-int.png
beinsportshd8int	countries/international/beinsports/old/stacked/bein-sports-hd8-int.png
beinsportshd8maxint	countries/international/beinsports/old/stacked/bein-sports-hd8-max-int.png
beinsportshd9int	countries/international/beinsports/old/stacked/bein-sports-hd9-int.png
beinsportshd9maxint	countries/international/beinsports/old/stacked/bein-sports-hd9-max-int.png
beinsportslaligaint	countries/international/beinsports/old/stacked/bein-sports-laliga-int.png
beinsportsmaxint	countries/international/beinsports/old/stacked/bein-sports-max-int.png
beinsportsnbaint	countries/international/beinsports/old/stacked/bein-sports-nba-int.png
beinsportsnewsarabicint	countries/international/beinsports/old/stacked/bein-sports-news-arabic-int.png
beinsportsnewsint	countries/international/beinsports/old/stacked/bein-sports-news-int.png
beinsportspremierleagueint	countries/international/beinsports/old/stacked/bein-sports-premier-league-int.png
beinsportsxtraint	countries/international/beinsports/old/stacked/bein-sports-xtra-int.png
cartoonnetworkint	countries/international/cartoon-network-hd-int.png
cgtnafricaint	countries/international/cgtn-africa-int.png
cgtnamericaint	countries/international/cgtn-america-int.png
cgtnarabicint	countries/international/cgtn-arabic-int.png
cgtndocumentaryint	countries/international/cgtn-documentary-int.png
cgtnfrenchint	countries/international/cgtn-french-int.png
cgtnint	countries/international/cgtn-int.png
cgtnrussianint	countries/international/cgtn-russian-int.png
cgtnspanishint	countries/international/cgtn-spanish-int.png
cnaint	countries/international/cna-int.png
cnninternationalint	countries/international/cnn-international-int.png
daznint	countries/international/dazn-int.png
dazn1int	countries/international/dazn1-int.png
dazn2int	countries/international/dazn2-int.png
disneychannelint	countries/international/disney-channel-int.png
disneyplusint	countries/international/disney-plus-int.png
docuboxint	countries/international/docubox-hd-int.png
dreamworkstvhzint	countries/international/dreamworks-tv-hz-int.png
dreamworkstvint	countries/international/dreamworks-tv-int.png
dwenglishint	countries/international/dw-english-int.png
dwint	countries/international/dw-int.png
11sports1int	countries/international/eleven-sports-1-int.png
11sports2int	countries/international/eleven-sports-2-int.png
11sports3int	countries/international/eleven-sports-3-int.png
11sports4int	countries/international/eleven-sports-4-int.png
11sports5int	countries/international/eleven-sports-5-int.png
11sports6int	countries/international/eleven-sports-6-int.png
11sportsint	countries/international/eleven-sports-int.png
enlaceint	countries/international/enlace-int.png
eroxint	countries/international/erox-hd-int.png
eroxxxint	countries/international/eroxxx-hd-int.png
espnint	countries/international/espn-int.png
eurochannelint	countries/international/euro-channel-int.png
euronewshzint	countries/international/euro-news-hz-int.png
euronewsint	countries/international/euro-news-int.png
ewtnhzint	countries/international/ewtn-hz-int.png
ewtniconint	countries/international/ewtn-icon-int.png
ewtnint	countries/international/ewtn-int.png
extremesportschannelint	countries/international/extreme-sports-channel-int.png
f1tvint	countries/international/f1-tv-int.png
faithworldtvint	countries/international/faith-world-tv-int.png
fashiontvint	countries/international/fashion-tv-int.png
fashionboxint	countries/international/fashionbox-hd-int.png
fastandfunboxint	countries/international/fast-and-funbox-hd-int.png
fightboxint	countries/international/fightbox-hd-int.png
filmboxactionint	countries/international/filmbox-action-hd-int.png
filmboxafricaint	countries/international/filmbox-africa-int.png
filmboxarthouseint	countries/international/filmbox-arthouse-hd-int.png
filmboxbalticsint	countries/international/filmbox-baltics-int.png
filmboxextraint	countries/international/filmbox-extra-hd-int.png
filmboxfamilyint	countries/international/filmbox-family-hd-int.png
filmboxint	countries/international/filmbox-hd-int.png
filmboxplusint	countries/international/filmbox-plus-int.png
filmboxpremiumint	countries/international/filmbox-premium-hd-int.png
filmboxrussiaint	countries/international/filmbox-russia-int.png
filmboxstarsint	countries/international/filmbox-stars-int.png
finelivingint	countries/international/fine-living-int.png
fitetvint	countries/international/fite-tv-int.png
fixandfoxiint	countries/international/fix-and-foxi-int.png
foxlifeint	countries/international/fox-life-int.png
france24englishint	countries/international/france-24-english-int.png
france24int	countries/international/france-24-int.png
funboxint	countries/international/funbox-uhd-int.png
gametoonint	countries/international/game-toon-hd-int.png
ginxesportstvint	countries/international/ginx-e-sports-tv-int.png
godchannelint	countries/international/god-channel-int.png
investigationdiscoveryidint	countries/international/investigation-discovery-id-int.png
investigationdiscoveryint	countries/international/investigation-discovery-int.png
jimjamint	countries/international/jimjam-int.png
kbsworldint	countries/international/kbs-world-int.png
kinopolskainternationalint	countries/international/kino-polska-international-int.png
kinopolskamuzykainternationalint	countries/international/kino-polska-muzyka-international-int.png
nauticalchannelint	countries/international/nautical-channel-int.png
netflixint	countries/international/netflix-int.png
nhkworldint	countries/international/nhk-world-hd-int.png
nhkworldhzint	countries/international/nhk-world-hz-int.png
nhkworldjapanint	countries/international/nhk-world-japan-int.png
ntdint	countries/international/ntd-int.png
paramountchannelint	countries/international/paramount-channel-hd-int.png
paramountchannellightint	countries/international/paramount-channel-light-hd-int.png
presstvint	countries/international/press-tv-int.png
ptvworldint	countries/international/ptv-world-int.png
redbulltvint	countries/international/red-bull-tv-int.png
republicbharattvint	countries/international/republic-bharat-tv-int.png
rtdocumentaryint	countries/international/rt-documentary-int.png
rugbypasstvint	countries/international/rugby-pass-tv-int.png
russiatodayint	countries/international/russia-today-int.png
starint	countries/international/star-int.png
thewordnetworkint	countries/international/the-word-network-int.png
tlcint	countries/international/tlc-int.png
travelchannelint	countries/international/travel-channel-int.png
tv5mondeint	countries/international/tv5-monde-int.png
tveinternacionalint	countries/international/tve-internacional-int.png
universaltvint	countries/international/universal-tv-int.png
wionint	countries/international/wion-int.png
zoomooint	countries/international/zoo-moo-int.png
oireachtastvicon	countries/ireland/oireachtas-tv-icon-ie.png
oireachtastv	countries/ireland/oireachtas-tv-ie.png
rte2	countries/ireland/rte-2-ie.png
rte2plus	countries/ireland/rte-2-plus-ie.png
rte	countries/ireland/rte-ie.png
rtejr	countries/ireland/rte-jr-ie.png
rtekidsjr	countries/ireland/rte-kids-jr-ie.png
rtenewsnowhz	countries/ireland/rte-news-now-hz-ie.png
rtenewsnow	countries/ireland/rte-news-now-ie.png
rte1	countries/ireland/rte-one-ie.png
rte1plus	countries/ireland/rte-one-plus-ie.png
tg4	countries/ireland/tg-4-ie.png
virginmedia4	countries/ireland/virgin-media-four-ie.png
virginmediakids	countries/ireland/virgin-media-kids-ie.png
virginmedianews	countries/ireland/virgin-media-news-ie.png
virginmedia1	countries/ireland/virgin-media-one-ie.png
virginmedia1plus	countries/ireland/virgin-media-one-plus-ie.png
virginmediaplayer	countries/ireland/virgin-media-player-ie.png
virginmediasport	countries/ireland/virgin-media-sport-ie.png
virginmediatelevision	countries/ireland/virgin-media-television-ie.png
virginmedia3	countries/ireland/virgin-media-three-ie.png
virginmediatv	countries/ireland/virgin-media-tv-ie.png
virginmedia2	countries/ireland/virgin-media-two-ie.png
5gold	countries/israel/5gold-il.png
5live	countries/israel/5live-il.png
5plus	countries/united-kingdom/5-usa-plus-uk.png
5sport	countries/israel/5sport-il.png
5sport4k	countries/israel/5sport4k-il.png
5stars	countries/israel/5stars-il.png
babychannel	countries/israel/baby-channel-il.png
channel24	countries/israel/channel-24-il.png
channel98	countries/israel/channel-98-il.png
channel14	countries/israel/channel14-il.png
conversationchannel	countries/israel/conversation-channel-il.png
designchannel	countries/israel/design-channel-il.png
egochannel	countries/israel/ego-channel-il.png
entertainmentchannel	countries/israel/entertainment-channel-il.png
foodchannel	countries/israel/food-channel-il.png
goodlifechannel	countries/israel/good-life-channel-il.png
halatv	countries/israel/hala-tv-il.png
healthchannel	countries/israel/health-channel-il.png
holidaychannel	countries/israel/holiday-channel-il.png
hop	countries/israel/hop-il.png
hopisraelichildhood	countries/israel/hop-israeli-childhood-il.png
hotbollywood	countries/israel/hot-bollywood-il.png
hotbombay	countries/israel/hot-bombay-il.png
hotbuzzchannel	countries/israel/hot-buzz-channel-il.png
hotcinemafamily	countries/israel/hot-cinema-family-il.png
hotcinema1	countries/israel/hot-cinema1-il.png
hotcinema2	countries/israel/hot-cinema2-il.png
hotcinema3	countries/israel/hot-cinema3-il.png
hotcinema4	countries/israel/hot-cinema4-il.png
hotcomedy	countries/israel/hot-comedy-il.png
hotentertainment	countries/israel/hot-entertainment-il.png
hothbo	countries/israel/hot-hbo-il.png
hotisraelicinema	countries/israel/hot-israeli-cinema-il.png
hotlolly	countries/israel/hot-lolly-il.png
hotmusic	countries/israel/hot-music-il.png
hotreal	countries/israel/hot-real-il.png
hotsenior	countries/israel/hot-senior-il.png
hotvodcinema	countries/israel/hot-vod-cinema-il.png
hotvod	countries/israel/hot-vod-il.png
hotvodyoung	countries/israel/hot-vod-young-il.png
hotzone	countries/israel/hot-zone-il.png
hot3	countries/israel/hot3-il.png
hot8	countries/israel/hot8-il.png
houseplus	countries/israel/house-plus-il.png
humorchannel	countries/israel/humor-channel-il.png
i24news	countries/israel/i24-news-il.png
israelifashionchannel	countries/israel/israeli-fashion-channel-il.png
juniorchannel	countries/israel/junior-channel-il.png
kankids	countries/israel/kan-kids-il.png
kan11yeslive	countries/israel/kan11-4k-yes-live-il.png
kan11	countries/israel/kan11-il.png
keshet12	countries/israel/keshet12-il.png
knessetchannel	countries/israel/knesset-channel-il.png
makan33	countries/israel/makan-33-il.png
mediterraneanchannel2	countries/israel/mediterranean-channel-2-il.png
mediterraneanchannel	countries/israel/mediterranean-channel-il.png
mediterraneanchannelplus	countries/israel/mediterranean-channel-plus-il.png
1doco	countries/israel/one-doco-il.png
one2	countries/israel/one2-il.png
realitychannel	countries/israel/reality-channel-il.png
reshet13	countries/israel/reshet13-il.png
shoppingchannel	countries/israel/shopping-channel-il.png
sport4	countries/israel/sport4-il.png
travelchannel	countries/united-kingdom/travel-channel-uk.png
turkishdramaschannel2	countries/israel/turkish-dramas-channel-2-il.png
turkishdramaschannel3	countries/israel/turkish-dramas-channel-3-il.png
turkishdramaschannelplus	countries/israel/turkish-dramas-channel-plus-il.png
vamoschannel	countries/israel/vamos-channel-il.png
viva	countries/israel/viva-il.png
vivaplus	countries/israel/viva-plus-il.png
vivapremium	countries/israel/viva-premium-il.png
vivavintage	countries/israel/viva-vintage-il.png
wiz	countries/israel/wiz-il.png
yesdoco	countries/israel/yes-doco-il.png
yesisrael	countries/israel/yes-israel-il.png
yesmoviesaction	countries/israel/yes-movies-action-il.png
yesmoviesdrama	countries/israel/yes-movies-drama-il.png
yesmovieskids	countries/israel/yes-movies-kids-il.png
yespopup	countries/israel/yes-pop-up-il.png
yestvaction	countries/israel/yes-tv-action-il.png
yestvcomedy	countries/israel/yes-tv-comedy-il.png
yestvdrama	countries/israel/yes-tv-drama-il.png
zoomtoon	countries/israel/zoom-toon-il.png
100pawpatrol	countries/italy/100-paw-patrol-it.png
20	countries/italy/20-it.png
7gold	countries/italy/7gold-it.png
acisporttv	countries/italy/aci-sport-tv-it.png
alice	countries/italy/alice-it.png
antenna50	countries/italy/antenna-50-it.png
antennasud13	countries/italy/antenna-sud-13-it.png
antennasud85	countries/italy/antenna-sud-85-it.png
antennasud90	countries/italy/antenna-sud-90-it.png
antichitachiossone	countries/italy/antichita-chiossone-it.png
arteitalia124	countries/italy/arte-italia-124-it.png
bfc	countries/italy/bfc-it.png
blaze	countries/united-kingdom/blaze-uk.png
boomerangplus	countries/united-kingdom/boomerang-plus-uk.png
caccia	countries/italy/caccia-it.png
cacciapesca	countries/italy/caccia-pesca-it.png
cameradeideputati	countries/italy/camera-dei-deputati-it.png
canaleitalia161	countries/italy/canale-italia-161-it.png
canaleitalia2	countries/italy/canale-italia-2-it.png
canaleitalia4	countries/italy/canale-italia-4-it.png
canaleitalia5	countries/italy/canale-italia-5-it.png
canaleitalia6	countries/italy/canale-italia-6-it.png
canaleitalia83	countries/italy/canale-italia-83-it.png
canaleitalia84	countries/italy/canale-italia-84-it.png
canaleitalia	countries/italy/canale-italia-it.png
canaleotto	countries/italy/canale-otto-it.png
canale5	countries/italy/canale5-it.png
canaledieci	countries/italy/canaledieci-it.png
caposudtelevisionchannel	countries/italy/capo-sud-television-channel-it.png
casaitalia141	countries/italy/casa-italia-141-it.png
casaitalia142	countries/italy/casa-italia-142-it.png
casaitalia53	countries/italy/casa-italia-53-it.png
cielo	countries/italy/cielo-it.png
cine34	countries/italy/cine34-it.png
classcnbc	countries/italy/class-cnbc-it.png
classtvmoda	countries/italy/class-tv-moda-it.png
davvertv	countries/italy/davver-tv-it.png
daznchannel	countries/italy/dazn-channel-it.png
deajunior	countries/italy/dea-junior-it.png
deakids	countries/italy/dea-kids-it.png
deakidsplus	countries/italy/dea-kids-plus-it.png
deejaytv	countries/italy/deejay-tv-it.png
discoverychannelplus	countries/united-kingdom/discovery-channel-plus-uk.png
doctorslifechannel	countries/italy/doctors-life-channel-it.png
donnatv	countries/italy/donna-tv-it.png
equtv	countries/italy/equ-tv-it.png
er24	countries/italy/er24-it.png
esperiatv	countries/italy/esperia-tv-it.png
explorer	countries/italy/explorer-it.png
fctvcrotone	countries/italy/fc-tv-crotone-it.png
focus	countries/italy/focus-it.png
forzapescaratv	countries/italy/forza-pescara-tv-it.png
foxcomedy	countries/italy/fox-comedy-it.png
foxcrimeplus	countries/italy/fox-crime-plus-it.png
foxcrimeplus2	countries/italy/fox-crime-plus2-it.png
foxlifeplus	countries/italy/fox-life-plus-it.png
foxplus	countries/united-kingdom/fox-plus-uk.png
frisbee	countries/italy/frisbee-it.png
gamberorosso	countries/italy/gambero-rosso-it.png
giallo	countries/italy/giallo-it.png
gm24	countries/italy/gm24-it.png
horsetv	countries/italy/hd/horse-tv-hd-it.png
italia1	countries/italy/hd/italia1-hd-it.png
la7	countries/italy/hd/la7-hd-it.png
mediasetextra	countries/italy/hd/mediaset-extra-hd-it.png
nove	countries/italy/hd/nove-hd-it.png
paramountnetworkwhitehz	countries/united-states/paramount-network-white-hz-us.png
premiumaction	countries/italy/hd/premium-action-hd-it.png
premiumcinema124	countries/italy/hd/premium-cinema-1-24-hd-it.png
premiumcinema1	countries/italy/hd/premium-cinema-1-hd-it.png
premiumcinema2	countries/italy/hd/premium-cinema-2-hd-it.png
premiumcinema3	countries/italy/hd/premium-cinema-3-hd-it.png
premiumcrime	countries/italy/hd/premium-crime-hd-it.png
premiumstories	countries/italy/hd/premium-stories-hd-it.png
rai1	countries/italy/hd/rai-1-hd-it.png
rai2	countries/italy/hd/rai-2-hd-it.png
rai3	countries/italy/hd/rai-3-hd-it.png
rai4	countries/italy/hd/rai-4-hd-it.png
rai5	countries/italy/hd/rai-5-hd-it.png
raigulp	countries/italy/hd/rai-gulp-hd-it.png
raimovie	countries/italy/hd/rai-movie-hd-it.png
rainews24	countries/italy/hd/rai-news-24-hd-it.png
raipremium	countries/italy/hd/rai-premium-hd-it.png
raiscuola	countries/italy/hd/rai-scuola-hd-it.png
raisport	countries/italy/hd/rai-sport-hd-it.png
raistoria	countries/italy/hd/rai-storia-hd-it.png
raiyoyo	countries/italy/hd/rai-yoyo-hd-it.png
realtime	countries/italy/hd/real-time-hd-it.png
rete4	countries/italy/hd/rete4-hd-it.png
skyarte	countries/italy/hd/sky-arte-hd-it.png
skyatlanticplus	countries/united-kingdom/sky-atlantic-plus-uk.png
skycinemacollectionhz	countries/italy/hd/sky-cinema-collection-hd-hz-it.png
skycinemacollection	countries/italy/hd/sky-cinema-collection-hd-it.png
skycinemacomedyhz	countries/united-kingdom/hd/sky-cinema-comedy-hd-hz-uk.png
skycinemacomedy	countries/united-kingdom/hd/sky-cinema-comedy-hd-uk.png
skycinemadramahz	countries/united-kingdom/hd/sky-cinema-drama-hd-hz-uk.png
skycinemadrama	countries/united-kingdom/hd/sky-cinema-drama-hd-uk.png
skycinemaduehz	countries/italy/hd/sky-cinema-due-hd-hz-it.png
skycinemadue	countries/italy/hd/sky-cinema-due-hd-it.png
skycinemadueplus24hz	countries/italy/hd/sky-cinema-due-plus24-hd-hz-it.png
skycinemadueplus24	countries/italy/hd/sky-cinema-due-plus24-hd-it.png
skycinemaromancehz	countries/italy/hd/sky-cinema-romance-hd-hz-it.png
skycinemaromance	countries/italy/hd/sky-cinema-romance-hd-it.png
skycinemasuspensehz	countries/italy/hd/sky-cinema-suspense-hd-hz-it.png
skycinemasuspense	countries/italy/hd/sky-cinema-suspense-hd-it.png
skycinemaunohz	countries/italy/hd/sky-cinema-uno-hd-hz-it.png
skycinemauno	countries/italy/hd/sky-cinema-uno-hd-it.png
skycinemaunoplus24hz	countries/italy/hd/sky-cinema-uno-plus24-hd-hz-it.png
skycinemaunoplus24	countries/italy/hd/sky-cinema-uno-plus24-hd-it.png
skycrimeplus	countries/united-kingdom/sky-crime-plus-uk.png
skydocumentariesplus	countries/italy/hd/sky-documentaries-plus-hd-it.png
skyinvestigation	countries/italy/hd/sky-investigation-hd-it.png
skyinvestigationplus	countries/italy/hd/sky-investigation-plus-hd-it.png
skymeteo24	countries/italy/hd/sky-meteo-24-hd-it.png
skyprimafila	countries/italy/hd/sky-primafila-hd-it.png
skyserie	countries/italy/hd/sky-serie-hd-it.png
skyserieplus	countries/italy/hd/sky-serie-plus-hd-it.png
skysport24	countries/italy/hd/sky-sport-24-hd-it.png
skysportaction	countries/italy/hd/sky-sport-action-hd-it.png
skysportarena	countries/italy/hd/sky-sport-arena-hd-it.png
skysportcalcio	countries/italy/hd/sky-sport-calcio-hd-it.png
skysportcollection	countries/italy/hd/sky-sport-collection-hd-it.png
skysportfootball	countries/italy/hd/sky-sport-football-hd-it.png
skysportmax	countries/italy/hd/sky-sport-max-hd-it.png
skysportmotogp	countries/italy/hd/sky-sport-motogp-hd-it.png
skysportnba	countries/italy/hd/sky-sport-nba-hd-it.png
skysportseriea	countries/italy/hd/sky-sport-serie-a-hd-it.png
skysportuno	countries/italy/hd/sky-sport-uno-hd-it.png
skytg24	countries/italy/hd/sky-tg24-hd-it.png
skyuno	countries/italy/hd/sky-uno-hd-it.png
skyunoplus	countries/italy/hd/sky-uno-plus-hd-it.png
sportitalia	countries/italy/hd/sportitalia-hd-it.png
sportitalialive24	countries/italy/hd/sportitalia-live24-hd-it.png
sportitaliaplus	countries/italy/hd/sportitalia-plus-hd-it.png
tv8	countries/italy/hd/tv8-hd-it.png
uniresat	countries/italy/hd/unire-sat-hd-it.png
historychannelplus	countries/italy/history-channel-plus-it.png
hopechannel	countries/united-states/hope-channel-us.png
imn	countries/italy/imn-it.png
intelligotv	countries/italy/intelligo-tv-it.png
intertv	countries/italy/inter-tv-it.png
iris	countries/italy/iris-it.png
italia121	countries/italy/italia-121-it.png
italia126	countries/italy/italia-126-it.png
italia127	countries/italy/italia-127-it.png
italia135	countries/italy/italia-135-it.png
italia136	countries/italy/italia-136-it.png
italia141	countries/italy/italia-141-it.png
italia142	countries/italy/italia-142-it.png
italia150	countries/italy/italia-150-it.png
italia154	countries/italy/italia-154-it.png
italia155	countries/italy/italia-155-it.png
italia156	countries/italy/italia-156-it.png
italia159	countries/italy/italia-159-it.png
italia160	countries/italy/italia-160-it.png
italia53	countries/italy/italia-53-it.png
italiachannel	countries/italy/italia-channel-it.png
italia2	countries/italy/italia2-it.png
juwelo	countries/italy/juwelo-it.png
k2	countries/italy/k2-it.png
la5	countries/italy/la5-it.png
la7cinema	countries/italy/la7-cinema-it.png
la7d	countries/italy/la7d-it.png
labortv	countries/italy/labor-tv-it.png
lactv	countries/italy/lac-tv-it.png
laziostylechannel	countries/italy/lazio-style-channel-it.png
lucaniatv	countries/italy/lucania-tv-it.png
magazetv	countries/italy/magaze-tv-it.png
milantv	countries/italy/milan-tv-it.png
mschannel	countries/italy/ms-channel-it.png
msmotortv	countries/italy/ms-motor-tv-it.png
mtvmusic	countries/united-kingdom/mtv-music-uk.png
nationalgeographicplus	countries/united-kingdom/national-geographic-plus-uk.png
nationalgeographicwildplus	countries/italy/national-geographic-wild-plus-it.png
nickjrplus	countries/united-kingdom/nick-jr-plus-uk.png
novarachannel	countries/italy/novara-channel-it.png
1tvnbc	countries/italy/one-tv-nbc-it.png
oratv	countries/italy/ora-tv-it.png
padrepiotv	countries/italy/padre-pio-tv-it.png
paramountnetworkwhite	countries/italy/paramount-network-white-it.png
paroledivita	countries/italy/parole-di-vita-it.png
pesca	countries/italy/pesca-it.png
piuvallitv	countries/italy/piu-valli-tv-it.png
piuenne	countries/italy/piuenne-it.png
piuennesport	countries/italy/piuenne-sport-it.png
popeconomy	countries/italy/pop-economy-it.png
primativvu	countries/italy/prima-tivvu-it.png
primantenna	countries/italy/primantenna-it.png
primocanale	countries/italy/primocanale-it.png
r101tv	countries/italy/r101-tv-it.png
radiocolonnatv	countries/italy/radio-colonna-tv-it.png
radiofreccia	countries/italy/radio-freccia-it.png
radioitalia	countries/italy/radio-italia-it.png
radioitaliatrend	countries/italy/radio-italia-trend-it.png
radiokisskissitalia	countries/italy/radio-kiss-kiss-italia-it.png
radiokisskisstv	countries/italy/radio-kiss-kiss-tv-it.png
radiolombardiatv	countries/italy/radio-lombardia-tv-it.png
radiomontecarlo	countries/italy/radio-monte-carlo-it.png
radionorbatv	countries/italy/radio-norba-tv-it.png
radionumber1tv	countries/italy/radio-number-one-tv-it.png
radiostudiodelta	countries/italy/radio-studio-delta-it.png
radiozeta	countries/italy/radio-zeta-it.png
rairadio2	countries/italy/rai-radio-2-it.png
raisudtirol	countries/italy/rai-sudtirol-it.png
realtimeplus	countries/italy/real-time-plus-it.png
reitv	countries/italy/rei-tv-it.png
retecapri	countries/italy/retecapri-it.png
rmktv	countries/italy/rmk-tv-it.png
rtctargatonapoli	countries/italy/rtc-targato-napoli-it.png
rtl1025	countries/italy/rtl-1025-it.png
rtntv	countries/italy/rtn-tv-it.png
rttr	countries/italy/rttr-it.png
rtuaorvieto	countries/italy/rtua-orvieto-it.png
rtvsanmarino	countries/italy/rtv-san-marino-it.png
senatotv	countries/italy/senato-tv-it.png
serenissimatelevisione	countries/italy/serenissima-televisione-it.png
skyadventure	countries/italy/sky-adventure-it.png
skyclassica	countries/italy/sky-classica-it.png
skycollection	countries/italy/sky-collection-it.png
skysportbar	countries/italy/sky-sport-bar-it.png
skysportlegend	countries/italy/sky-sport-legend-it.png
skytg24primopiano	countries/italy/sky-tg24-primo-piano-it.png
standbytv	countries/italy/standby-tv-it.png
start818tv	countries/italy/start-818-tv-it.png
studio100	countries/italy/studio-100-it.png
super	countries/italy/super-it.png
supertennis	countries/italy/super-tennis-it.png
tc2telecentre2	countries/italy/tc2-telecentre-2-it.png
tci	countries/italy/tci-it.png
teentitansgochannel	countries/italy/teen-titans-go-channel-it.png
tele8	countries/italy/tele-8-it.png
teleiride	countries/italy/tele-iride-it.png
teleradiostudio98	countries/italy/tele-radio-studio-98-it.png
telecolore	countries/italy/telecolore-it.png
teledehon	countries/italy/teledehon-it.png
telegenova	countries/italy/telegenova-it.png
telemajg	countries/italy/telemajg-it.png
telepace1	countries/italy/telepace-1-it.png
telepace2	countries/italy/telepace-2-it.png
telesud	countries/italy/telesud-it.png
10teleuropanetwork	countries/italy/ten-teleuropa-network-it.png
tesorychannel	countries/italy/tesory-channel-it.png
tgnorba24	countries/italy/tg-norba-24-it.png
tgcom24	countries/italy/tgcom24-it.png
therugbychannel	countries/italy/the-rugby-channel-it.png
tmbtv	countries/italy/tmb-tv-it.png
tomandjerrychannel	countries/italy/tom-and-jerry-channel-it.png
topcrime	countries/italy/top-crime-it.png
topdrivertv	countries/italy/topdriver-tv-it.png
24	countries/italy/tr-24-it.png
trctv	countries/italy/trc-tv-it.png
trmh24	countries/italy/trm-h24-it.png
trmnetwork	countries/italy/trm-network-it.png
tstvbeneventotelesperanza	countries/italy/tstv-benevento-telesperanza-it.png
tvcampane1	countries/italy/tv-campane-1-it.png
tvcampane2	countries/italy/tv-campane-2-it.png
tvcampanegold	countries/italy/tv-campane-gold-it.png
tvoggi	countries/italy/tv-oggi-it.png
tvqui	countries/italy/tv-qui-it.png
tvyes	countries/italy/tv-yes-it.png
tv7triveneta	countries/italy/tv7-triveneta-it.png
tvl	countries/italy/tvl-it.png
tvrsicilia	countries/italy/tvr-sicilia-it.png
tvrs	countries/italy/tvrs-it.png
tvstelevalassina	countries/italy/tvs-televalassina-it.png
207	countries/italy/twenty-seven-it.png
unicatv	countries/italy/unica-tv-it.png
veratv	countries/italy/vera-tv-it.png
videotelecarnia	countries/italy/video-tele-carnia-it.png
videolina	countries/italy/videolina-it.png
zonadazn	countries/italy/zona-dazn-it.png
aljadeedlb	countries/lebanon/al-jadeed-lb.png
almanarlb	countries/lebanon/al-manar-lb.png
futuretvlb	countries/lebanon/future-tv-lb.png
lb2internationallb	countries/lebanon/lb2-international-lb.png
lbcamericalb	countries/lebanon/lbc-america-lb.png
lbceuropelb	countries/lebanon/lbc-europe-lb.png
lbcinternationallb	countries/lebanon/lbc-international-lb.png
mtvlebanonlb	countries/lebanon/mtv-lebanon-lb.png
nbnlb	countries/lebanon/nbn-lb.png
otvlb	countries/lebanon/otv-lb.png
telelibanlb	countries/lebanon/tele-liban-lb.png
telelumierelb	countries/lebanon/tele-lumiere-lb.png
2tvlt	countries/lithuania/2tv-lt.png
4ylt	countries/lithuania/4y-lt.png
balticumauksinislt	countries/lithuania/balticum-auksinis-lt.png
balticumplatinumlt	countries/lithuania/balticum-platinum-lt.png
balticumtvlt	countries/lithuania/balticum-tv-lt.png
btvlt	countries/lithuania/btv-lt.png
delfitvlt	countries/lithuania/delfi-tv-lt.png
duo3lt	countries/lithuania/duo3-lt.png
duo6lt	countries/lithuania/duo6-lt.png
dzukijostvlt	countries/lithuania/dzukijos-tv-lt.png
epicdramalt	countries/lithuania/epic-drama-lt.png
filmzonelt	countries/lithuania/filmzone-lt.png
filmzonepluslt	countries/lithuania/filmzone-plus-lt.png
gntvlt	countries/lithuania/gn-tv-lt.png
go3filmslt	countries/lithuania/go-3-films-lt.png
go3sport1lt	countries/lithuania/go-3-sport-1-lt.png
go3sport2lt	countries/lithuania/go-3-sport-2-lt.png
go3sport3lt	countries/lithuania/go-3-sport-3-lt.png
go3sportopenlt	countries/lithuania/go-3-sport-open-lt.png
infotvlt	countries/lithuania/info-tv-lt.png
kanal7lt	countries/lithuania/kanal7-lt.png
kanal7pluslt	countries/lithuania/kanal7-plus-lt.png
kidzonelt	countries/lithuania/kidzone-lt.png
kidzonemaxlt	countries/lithuania/kidzone-max-lt.png
kidzoneminilt	countries/lithuania/kidzone-mini-lt.png
kino7lt	countries/lithuania/kino7-lt.png
lietuvosrytastvlt	countries/lithuania/lietuvos-rytas-tv-lt.png
lnklt	countries/lithuania/lnk-lt.png
lrtlituanicalt	countries/lithuania/lrt-lituanica-lt.png
lrtpliuslt	countries/lithuania/lrt-plius-lt.png
lrttvlt	countries/lithuania/lrt-tv-lt.png
marijampolestvlt	countries/lithuania/marijampoles-tv-lt.png
nickjrlt	countries/lithuania/nick-jr-lt.png
nickelodeonlt	countries/lithuania/nickelodeon-lt.png
pingviniukaslt	countries/lithuania/pingviniukas-lt.png
siauliutvlt	countries/lithuania/siauliu-tv-lt.png
smartzonelt	countries/lithuania/smartzone-lt.png
sport1lt	countries/lithuania/sport1-lt.png
superbalticlt	countries/lithuania/super-baltic-lt.png
superpluslt	countries/lithuania/super-plus-lt.png
tv1lt	countries/lithuania/tv1-lt.png
tv21lt	countries/lithuania/tv21-lt.png
tv3lt	countries/lithuania/tv3-lt.png
tv3pluslt	countries/lithuania/tv3-plus-lt.png
tv6lt	countries/lithuania/tv6-lt.png
tv7lt	countries/lithuania/tv7-lt.png
tv8lt	countries/lithuania/tv8-lt.png
viasatkinoactionlt	countries/lithuania/viasat-kino-action-lt.png
viasatkinocomedylt	countries/lithuania/viasat-kino-comedy-lt.png
viasatkinolt	countries/lithuania/viasat-kino-lt.png
viasatkinomegahitlt	countries/lithuania/viasat-kino-megahit-lt.png
viasatkinoworldlt	countries/lithuania/viasat-kino-world-lt.png
aparttvlu	countries/luxembourg/apart-tv-lu.png
chambertvlu	countries/luxembourg/chamber-tv-lu.png
dudelangelu	countries/luxembourg/dudelange-lu.png
eldotvlu	countries/luxembourg/eldo-tv-lu.png
eschtvlu	countries/luxembourg/esch-tv-lu.png
hesperlu	countries/luxembourg/hesper-lu.png
luxetvlu	countries/luxembourg/luxe-tv-lu.png
mamertvlu	countries/luxembourg/mamer-tv-lu.png
merschlu	countries/luxembourg/mersch-lu.png
nordliichtlu	countries/luxembourg/nordliicht-lu.png
petangelu	countries/luxembourg/petange-lu.png
rtlgoldlu	countries/luxembourg/rtl-gold-lu.png
rtlletzebuerglu	countries/luxembourg/rtl-letzebuerg-lu.png
rtlzweelu	countries/luxembourg/rtl-zwee-lu.png
steeseltvlu	countries/luxembourg/steesel-tv-lu.png
8tvmy	countries/malaysia/8tv-my.png
astroaecmy	countries/malaysia/astro-aec-my.png
astroaodmy	countries/malaysia/astro-aod-my.png
astroarena2my	countries/malaysia/astro-arena-2-my.png
astroarenabola2my	countries/malaysia/astro-arena-bola-2-my.png
astroarenabolamy	countries/malaysia/astro-arena-bola-my.png
astroarenamy	countries/malaysia/astro-arena-my.png
astroauramy	countries/malaysia/astro-aura-my.png
astroawanimy	countries/malaysia/astro-awani-my.png
astrobadminton2my	countries/malaysia/astro-badminton-2-my.png
astrobadmintonmy	countries/malaysia/astro-badminton-my.png
astroboomy	countries/malaysia/astro-boo-my.png
astroboxofficemoviesthangathiraimy	countries/malaysia/astro-box-office-movies-thangathirai-my.png
astroboxofficesportmy	countries/malaysia/astro-box-office-sport-my.png
astroceriamy	countries/malaysia/astro-ceria-my.png
astrocitramy	countries/malaysia/astro-citra-my.png
astrocricketmy	countries/malaysia/astro-cricket-my.png
astrofamtimemy	countries/malaysia/astro-fam-time-my.png
astrofootballmy	countries/malaysia/astro-football-my.png
astrogolfmy	countries/malaysia/astro-golf-my.png
astrograndstandmy	countries/malaysia/astro-grandstand-my.png
astrohuaheedaimy	countries/malaysia/astro-hua-hee-dai-my.png
astromayamy	countries/malaysia/astro-maya-my.png
astrooasismy	countries/malaysia/astro-oasis-my.png
astropremierleague2my	countries/malaysia/astro-premier-league-2-my.png
astropremierleague3my	countries/malaysia/astro-premier-league-3-my.png
astropremierleaguemy	countries/malaysia/astro-premier-league-my.png
astroprimamy	countries/malaysia/astro-prima-my.png
astroqjmy	countries/malaysia/astro-qj-my.png
astroquanjiamy	countries/malaysia/astro-quan-jia-my.png
astroraniamy	countries/malaysia/astro-rania-my.png
astroriamy	countries/malaysia/astro-ria-my.png
astrosensasimy	countries/malaysia/astro-sensasi-my.png
astroshowcasemy	countries/malaysia/astro-showcase-my.png
astroshowtimemy	countries/malaysia/astro-showtime-my.png
astrosportsplusmy	countries/malaysia/astro-sports-plus-my.png
astrosportsmy	countries/malaysia/astro-sports-uhd-my.png
astrothangathiraimy	countries/malaysia/astro-thangathirai-my.png
astrotutortvmy	countries/malaysia/astro-tutor-tv-my.png
astrovaanavilmy	countries/malaysia/astro-vaanavil-my.png
astrovellithiraimy	countries/malaysia/astro-vellithirai-my.png
astrovinmeenmy	countries/malaysia/astro-vinmeen-my.png
astrowarnamy	countries/malaysia/astro-warna-my.png
astroxiaotaiyangmy	countries/malaysia/astro-xiao-tai-yang-my.png
awesometvmy	countries/malaysia/awesome-tv-my.png
beinsportsmaxhzmy	countries/malaysia/bein-sports-max-hz-my.png
beritartmmy	countries/malaysia/berita-rtm-my.png
bernamatvmy	countries/malaysia/bernama-tv-my.png
boomy	countries/malaysia/boo-my.png
didiktvkpmmy	countries/malaysia/didik-tv-kpm-my.png
dramasangatmy	countries/malaysia/drama-sangat-my.png
dreamworkstvhzmy	countries/malaysia/dreamworks-tv-hz-my.png
duniasinemaasi	countries/malaysia/dunia-sinema-asi.png
eggnetworkmy	countries/malaysia/egg-network-my.png
enjoytv5my	countries/malaysia/enjoy-tv5-my.png
goshopmy	countries/malaysia/go-shop-my.png
hbohitsmy	countries/malaysia/hbo-hits-my.png
ikimmy	countries/malaysia/ikim-my.png
inspirasimy	countries/malaysia/inspirasi-my.png
iqiyimy	countries/malaysia/iqiyi-my.png
lakumallmy	countries/malaysia/laku-mall-my.png
moonbugkidsmy	countries/malaysia/moonbug-kids-my.png
njoimy	countries/malaysia/njoi-my.png
ntv7my	countries/malaysia/ntv7-my.png
rtmaseanmy	countries/malaysia/rtm-asean-my.png
rtmmy	countries/malaysia/rtm-my.png
astroarenabugmy	countries/malaysia/screen-bug/astro-arena-bug-my.png
astrocricketbugmy	countries/malaysia/screen-bug/astro-cricket-bug-my.png
astrosupersport2bugmy	countries/malaysia/screen-bug/astro-supersport-2-bug-my.png
astrosupersport3bugmy	countries/malaysia/screen-bug/astro-supersport-3-bug-my.png
astrosupersport4bugmy	countries/malaysia/screen-bug/astro-supersport-4-bug-my.png
astrosupersportbugmy	countries/malaysia/screen-bug/astro-supersport-bug-my.png
showcasemoviesmy	countries/malaysia/showcase-movies-my.png
sukanplusmy	countries/malaysia/sukan-plus-my.png
suketvmy	countries/malaysia/suke-tv-my.png
tadaamy	countries/malaysia/ta-daa-my.png
tvalhijrahmy	countries/malaysia/tv-alhijrah-my.png
tvokeymy	countries/malaysia/tv-okey-my.png
tv1my	countries/malaysia/tv1-my.png
tv2my	countries/malaysia/tv2-my.png
tv3my	countries/malaysia/tv3-my.png
tv6my	countries/malaysia/tv6-my.png
tv9my	countries/malaysia/tv9-my.png
tvsmy	countries/malaysia/tvs-my.png
7newssmashtvmt	countries/malta/7-news-smash-tv-mt.png
flivingmt	countries/malta/f-living-mt.png
itvmt	countries/malta/i-tv-mt.png
netmt	countries/malta/net-mt.png
1mt	countries/malta/one-mt.png
smashmt	countries/malta/smash-mt.png
tns1mt	countries/malta/tns-1-mt.png
tns2mt	countries/malta/tns-2-mt.png
tns3mt	countries/malta/tns-3-mt.png
tns4mt	countries/malta/tns-4-mt.png
tns5mt	countries/malta/tns-5-mt.png
tns6mt	countries/malta/tns-6-mt.png
tns7mt	countries/malta/tns-7-mt.png
tns8mt	countries/malta/tns-8-mt.png
tokismt	countries/malta/tokis-mt.png
tvmmt	countries/malta/tvm-mt.png
tvmnewsplusmt	countries/malta/tvm-news-plus-mt.png
tvmsportplusmt	countries/malta/tvm-sport-plus-mt.png
xejkmt	countries/malta/xejk-mt.png
amas	countries/mexico/a-mas-mx.png
adnnoticias	countries/mexico/adn-noticias-mx.png
adrenalinasportsnetwork	countries/mexico/adrenalina-sports-network-mx.png
azteca7	countries/mexico/azteca-7-mx.png
aztecaclic	countries/mexico/azteca-clic-mx.png
azteca	countries/united-states/us-local/azteca/azteca-us.png
aztecanoticias	countries/mexico/azteca-noticias-mx.png
aztecauno	countries/mexico/azteca-uno-mx.png
bandamax	countries/mexico/bandamax-mx.png
bitme	countries/mexico/bitme-mx.png
canal22	countries/mexico/canal-22-mx.png
canal5	countries/mexico/canal-5-mx.png
canal6hz	countries/mexico/canal-6-hz-mx.png
canal6	countries/mexico/canal-6-mx.png
canalonce	countries/mexico/canal-once-mx.png
corazon	countries/mexico/corazon-mx.png
peliculaclasico	countries/mexico/de-pelicula-clasico-mx.png
pelicula	countries/mexico/de-pelicula-mx.png
peliculaplus	countries/mexico/de-pelicula-plus-mx.png
distritocomedia	countries/mexico/distrito-comedia-mx.png
goldenedge	countries/mexico/golden-edge-mx.png
golden	countries/mexico/golden-mx.png
goldenplus	countries/mexico/golden-plus-mx.png
goldenpremier	countries/mexico/golden-premier-mx.png
imagentelevisionhz	countries/mexico/imagen-television-hz-mx.png
imagentelevision	countries/mexico/imagen-television-mx.png
lasestrellas2horas	countries/mexico/las-estrellas-2-horas-mx.png
lasestrellas	countries/mexico/las-estrellas-mx.png
multimedios	countries/mexico/multimedios-mx.png
nmas	countries/mexico/n-mas-mx.png
nplusforo	countries/mexico/n-plus-foro-mx.png
nueve	countries/mexico/nueve-mx.png
telehitmusica	countries/mexico/telehit-musica-mx.png
telehitmusicaplus	countries/mexico/telehit-musica-plus-mx.png
telehit	countries/mexico/telehit-mx.png
telehitplus	countries/mexico/telehit-plus-mx.png
telehiturbano	countries/mexico/telehit-urbano-mx.png
tln	countries/mexico/tln-mx.png
tlnovelas	countries/mexico/tlnovelas-mx.png
tudn	countries/united-states/tudn-us.png
unicable	countries/mexico/unicable-mx.png
100ptv	countries/netherlands/100p-nl-tv-nl.png
192tv	countries/netherlands/192-tv-nl.png
3voor12	countries/netherlands/3voor12-nl.png
at5	countries/netherlands/at5-nl.png
bbcentertainment	countries/netherlands/bbc-entertainment-nl.png
bbc	countries/united-kingdom/bbc-uhd-uk.png
cbsreality	countries/united-kingdom/cbs-reality-uk.png
comedycentralextrahz	countries/united-kingdom/comedy-central-extra-hz-uk.png
comedycentralextra	countries/united-kingdom/comedy-central-extra-uk.png
dancetelevision	countries/netherlands/dance-television-nl.png
dreamworkschannelhz	countries/netherlands/dreamworks-channel-hz-nl.png
dusk	countries/netherlands/dusk-nl.png
espn6	countries/netherlands/espn-6-nl.png
espnultra	countries/netherlands/espn-ultra-hd-nl.png
evangelischeomroep	countries/netherlands/evangelische-omroep-nl.png
extremesportschannel	countries/united-kingdom/extreme-sports-channel-uk.png
family7	countries/netherlands/family7-nl.png
fashiontv	countries/netherlands/fashion-tv-nl.png
film1actionhz	countries/netherlands/film1-action-hz-nl.png
film1action	countries/netherlands/film1-action-nl.png
film1dramahz	countries/netherlands/film1-drama-hz-nl.png
film1drama	countries/netherlands/film1-drama-nl.png
film1familyhz	countries/netherlands/film1-family-hz-nl.png
film1family	countries/netherlands/film1-family-nl.png
film1premierehz	countries/netherlands/film1-premiere-hz-nl.png
film1premiere	countries/netherlands/film1-premiere-nl.png
horseandcountry	countries/united-kingdom/horse-and-country-uk.png
l1tv	countries/netherlands/l1-tv-nl.png
meidenvanhollandhard	countries/netherlands/meiden-van-holland-hard-nl.png
mtv90s	countries/united-kingdom/mtv-90s-uk.png
mtvlive	countries/united-kingdom/hd/mtv-live-hd-uk.png
myzentv	countries/netherlands/my-zen-tv-nl.png
net5	countries/netherlands/net5-nl.png
nhnieuws	countries/netherlands/nh-nieuws-nl.png
nh	countries/netherlands/nh-nl.png
nponieuws	countries/netherlands/npo-nieuws-nl.png
npopolitiekennieuws	countries/netherlands/npo-politiek-en-nieuws-nl.png
npopolitiek	countries/netherlands/npo-politiek-nl.png
nposport	countries/netherlands/npo-sport-nl.png
npothemakanalen	countries/netherlands/npo-themakanalen-nl.png
npozapp	countries/netherlands/npo-zapp-nl.png
npozappelinextra	countries/netherlands/npo-zappelin-extra-nl.png
npozappelin	countries/netherlands/npo-zappelin-nl.png
npo1extra	countries/netherlands/npo1-extra-nl.png
npo1	countries/netherlands/npo1-nl.png
npo2extra	countries/netherlands/npo2-extra-nl.png
npo2	countries/netherlands/npo2-nl.png
npo3	countries/netherlands/npo3-nl.png
omroepbrabant	countries/netherlands/omroep-brabant-nl.png
omroepflevoland	countries/netherlands/omroep-flevoland-nl.png
omroepgelderland	countries/netherlands/omroep-gelderland-nl.png
omroepwest	countries/netherlands/omroep-west-nl.png
omroepzeeland	countries/netherlands/omroep-zeeland-nl.png
omropfryslan	countries/netherlands/omrop-fryslan-nl.png
ons	countries/netherlands/ons-nl.png
outtv	countries/new-zealand/out-tv-nz.png
passiexxx	countries/netherlands/passie-xxx-nl.png
pebbletv	countries/netherlands/pebble-tv-nl.png
rtllounge	countries/netherlands/rtl-lounge-nl.png
rtltelekids	countries/netherlands/rtl-telekids-nl.png
rtl4	countries/netherlands/rtl4-nl.png
rtl5	countries/netherlands/rtl5-nl.png
rtl7	countries/netherlands/rtl7-nl.png
rtl8	countries/netherlands/rtl8-nl.png
rtlz	countries/netherlands/rtlz-nl.png
rtvdrenthe	countries/netherlands/rtv-drenthe-nl.png
rtvnoord	countries/netherlands/rtv-noord-nl.png
rtvoost	countries/netherlands/rtv-oost-nl.png
rtvrijnmond	countries/netherlands/rtv-rijnmond-nl.png
rtvutrecht	countries/netherlands/rtv-utrecht-nl.png
rtv7	countries/netherlands/rtv7-nl.png
sbs6	countries/netherlands/sbs6-nl.png
sbs9	countries/netherlands/sbs9-nl.png
secretcircle	countries/netherlands/secret-circle-nl.png
shortstv	countries/united-states/shorts-tv-us.png
slamtv	countries/netherlands/slam-tv-nl.png
tommytv	countries/netherlands/tommy-tv-nl.png
tv538	countries/netherlands/tv-538-nl.png
tvoranje	countries/netherlands/tv-oranje-nl.png
tvrain	countries/netherlands/tv-rain-nl.png
utsavgold	countries/united-kingdom/hd/utsav-gold-hd-uk.png
utsavplus	countries/united-kingdom/hd/utsav-plus-hd-uk.png
veronicadisneyxd	countries/netherlands/veronica-disney-xd-nl.png
veronica	countries/netherlands/veronica-nl.png
viaplayhz	countries/netherlands/viaplay-hz-nl.png
viaplay	countries/netherlands/viaplay-nl.png
viaplaytvhz	countries/netherlands/viaplay-tv-hz-nl.png
viaplaytv	countries/netherlands/viaplay-tv-nl.png
viaplayxtrahz	countries/united-kingdom/viaplay-xtra-hz-uk.png
viaplayxtra	countries/united-kingdom/viaplay-xtra-uk.png
videoland	countries/netherlands/videoland-nl.png
xmo	countries/netherlands/x-mo-nl.png
ziggosport2	countries/netherlands/ziggo-sport-2-nl.png
ziggosport3	countries/netherlands/ziggo-sport-3-nl.png
ziggosport4	countries/netherlands/ziggo-sport-4-nl.png
ziggosport5	countries/netherlands/ziggo-sport-5-nl.png
ziggosport6	countries/netherlands/ziggo-sport-6-nl.png
ziggosportextra	countries/netherlands/ziggo-sport-extra-nl.png
ziggosportextra1	countries/netherlands/ziggo-sport-extra1-nl.png
ziggosportextra2	countries/netherlands/ziggo-sport-extra2-nl.png
ziggosport	countries/netherlands/ziggo-sport-nl.png
ziggotv	countries/netherlands/ziggo-tv-nl.png
arts	countries/new-zealand/arts-nz.png
bravo	countries/united-states/bravo-us.png
bravoplus	countries/new-zealand/bravo-plus-nz.png
choicetv	countries/new-zealand/choice-tv-nz.png
countrytv	countries/new-zealand/country-tv-nz.png
eden	countries/united-kingdom/eden-uk.png
edenplus	countries/united-kingdom/eden-plus-uk.png
edge	countries/new-zealand/edge-nz.png
edgeslogan	countries/new-zealand/edge-slogan-nz.png
facetv	countries/new-zealand/face-tv-nz.png
j2	countries/new-zealand/j2-nz.png
jones	countries/new-zealand/jones-nz.png
jonestoo	countries/new-zealand/jones-too-nz.png
juicetv	countries/new-zealand/juice-tv-nz.png
juicex	countries/new-zealand/juice-x-nz.png
maoritelevision	countries/new-zealand/maori-television-nz.png
parliamenttv	countries/new-zealand/parliament-tv-nz.png
primeplus	countries/new-zealand/prime-plus-nz.png
rialto	countries/new-zealand/rialto-nz.png
rush	countries/new-zealand/rush-nz.png
shine	countries/new-zealand/shine-nz.png
sky5	countries/new-zealand/sky-5-nz.png
skyboxoffice	countries/new-zealand/sky-box-office-nz.png
skykids	countries/united-kingdom/hd/sky-kids-hd-uk.png
skymoviesaction	countries/new-zealand/sky-movies-action-nz.png
skymoviesclassics	countries/new-zealand/sky-movies-classics-nz.png
skymoviesextra	countries/new-zealand/sky-movies-extra-nz.png
skymoviesfamily	countries/new-zealand/sky-movies-family-nz.png
skymoviesgreats	countries/new-zealand/sky-movies-greats-nz.png
skymoviespopup	countries/new-zealand/sky-movies-pop-up-nz.png
skymoviespremiere	countries/new-zealand/sky-movies-premiere-nz.png
skymoviesvintage	countries/new-zealand/sky-movies-vintage-nz.png
skysport1hz	countries/new-zealand/sky-sport-1-hz-nz.png
skysport2hz	countries/new-zealand/sky-sport-2-hz-nz.png
skysport3hz	countries/new-zealand/sky-sport-3-hz-nz.png
skysport4hz	countries/new-zealand/sky-sport-4-hz-nz.png
skysport5hz	countries/new-zealand/sky-sport-5-hz-nz.png
skysport6hz	countries/new-zealand/sky-sport-6-hz-nz.png
skysport7hz	countries/new-zealand/sky-sport-7-hz-nz.png
skysport8hz	countries/new-zealand/sky-sport-8-hz-nz.png
skysport9hz	countries/new-zealand/sky-sport-9-hz-nz.png
skysporthz	countries/new-zealand/sky-sport-hz-nz.png
skysportnowhz	countries/new-zealand/sky-sport-now-hz-nz.png
skysportnow	countries/new-zealand/sky-sport-now-nz.png
skysportpopup1hz	countries/new-zealand/sky-sport-pop-up-1-hz-nz.png
skysportpopup1	countries/new-zealand/sky-sport-pop-up-1-nz.png
skysportpopup2hz	countries/new-zealand/sky-sport-pop-up-2-hz-nz.png
skysportpopup2	countries/new-zealand/sky-sport-pop-up-2-nz.png
skysportpopup3hz	countries/new-zealand/sky-sport-pop-up-3-hz-nz.png
skysportpopup3	countries/new-zealand/sky-sport-pop-up-3-nz.png
skysportselecthz	countries/new-zealand/sky-sport-select-hz-nz.png
skysportselect	countries/new-zealand/sky-sport-select-nz.png
soho2	countries/new-zealand/soho-2-nz.png
soho	countries/new-zealand/soho-nz.png
sparksporthz	countries/new-zealand/spark-sport-hz-nz.png
sparksport	countries/new-zealand/spark-sport-nz.png
tereo	countries/new-zealand/te-reo-nz.png
theshoppingchannel	countries/new-zealand/the-shopping-channel-nz.png
3life	countries/new-zealand/three-life-nz.png
3lifeplus	countries/new-zealand/three-life-plus-nz.png
3now	countries/new-zealand/three-now-nz.png
3	countries/new-zealand/three-nz.png
3plus	countries/new-zealand/three-plus-nz.png
trackside1	countries/new-zealand/trackside-1-nz.png
trackside2	countries/new-zealand/trackside-2-nz.png
tracksidepremier	countries/new-zealand/trackside-premier-nz.png
tvnz1hz	countries/new-zealand/tvnz-1-hz-nz.png
tvnz1icon	countries/new-zealand/tvnz-1-icon-nz.png
tvnz1	countries/new-zealand/tvnz-1-nz.png
tvnz1plushz	countries/new-zealand/tvnz-1-plus-hz-nz.png
tvnz1plusicon	countries/new-zealand/tvnz-1-plus-icon-nz.png
tvnz1plus	countries/new-zealand/tvnz-1-plus-nz.png
tvnz2hz	countries/new-zealand/tvnz-2-hz-nz.png
tvnz2icon	countries/new-zealand/tvnz-2-icon-nz.png
tvnz2	countries/new-zealand/tvnz-2-nz.png
tvnz2plushz	countries/new-zealand/tvnz-2-plus-hz-nz.png
tvnz2plusicon	countries/new-zealand/tvnz-2-plus-icon-nz.png
tvnz2plus	countries/new-zealand/tvnz-2-plus-nz.png
tvnzdukehz	countries/new-zealand/tvnz-duke-hz-nz.png
tvnzdukeicon	countries/new-zealand/tvnz-duke-icon-nz.png
tvnzduke	countries/new-zealand/tvnz-duke-nz.png
tvnzhz	countries/new-zealand/tvnz-hz-nz.png
tvnzicon	countries/new-zealand/tvnz-icon-nz.png
tvnz	countries/new-zealand/tvnz-nz.png
tvnzondemandhz	countries/new-zealand/tvnz-on-demand-hz-nz.png
tvnzondemandicon	countries/new-zealand/tvnz-on-demand-icon-nz.png
tvnzondemand	countries/new-zealand/tvnz-on-demand-nz.png
vibe	countries/new-zealand/vibe-nz.png
6eren	countries/nordic/denmark/6eren-dk.png
bbcbrit	countries/nordic/denmark/bbc-brit-dk.png
bbcnordic	countries/nordic/denmark/bbc-nordic-dk.png
cmorefirst	countries/nordic/denmark/c-more-first-dk.png
cmorehits	countries/nordic/denmark/c-more-hits-dk.png
cmoreseries	countries/nordic/denmark/c-more-series-dk.png
cmorestars	countries/nordic/denmark/c-more-stars-dk.png
canal9	countries/nordic/denmark/canal-9-dk.png
danskfilmskat	countries/nordic/denmark/dansk-filmskat-dk.png
dk4	countries/nordic/denmark/dk4-dk.png
drramasjang	countries/nordic/denmark/dr-ramasjang-dk.png
dr1	countries/nordic/denmark/dr1-dk.png
dr2	countries/nordic/denmark/dr2-dk.png
folketinget	countries/nordic/denmark/folketinget-dk.png
kanal4	countries/nordic/denmark/kanal-4-dk.png
kanal5	countries/nordic/denmark/kanal-5-dk.png
minbio	countries/nordic/denmark/min-bio-dk.png
mtv80s	countries/united-kingdom/mtv-80s-uk.png
nordiskfilm	countries/nordic/denmark/nordisk-film-dk.png
see	countries/nordic/denmark/see-dk.png
sfkanalen	countries/nordic/denmark/sf-kanalen-dk.png
skyshowtime1	countries/nordic/denmark/sky-showtime-1-dk.png
skyshowtime2	countries/nordic/denmark/sky-showtime-2-dk.png
sportlive	countries/nordic/denmark/sport-live-dk.png
tvmidtvest	countries/nordic/denmark/tv-midtvest-dk.png
tvsyd	countries/nordic/denmark/tv-syd-dk.png
tv2bornholm	countries/nordic/denmark/tv2-bornholm-dk.png
tv2charlie	countries/nordic/denmark/tv2-charlie-dk.png
tv2echo	countries/nordic/denmark/tv2-echo-dk.png
tv2fri	countries/nordic/denmark/tv2-fri-dk.png
tv2fyn	countries/nordic/denmark/tv2-fyn-dk.png
tv2kosmopol	countries/nordic/denmark/tv2-kosmopol-dk.png
tv2kosmopolhz	countries/nordic/denmark/tv2-kosmopol-hz-dk.png
tv2news	countries/nordic/denmark/tv2-news-dk.png
tv2nord	countries/nordic/denmark/tv2-nord-dk.png
tv2ost	countries/nordic/denmark/tv2-ost-dk.png
tv2ostjylland	countries/nordic/denmark/tv2-ostjylland-dk.png
tv2sportx	countries/nordic/denmark/tv2-sport-x-dk.png
tv3	countries/nordic/denmark/tv3-dk.png
tv3max	countries/nordic/denmark/tv3-max-dk.png
tv3plus	countries/nordic/denmark/tv3-plus-dk.png
tv3puls	countries/nordic/denmark/tv3-puls-dk.png
tv3sport	countries/nordic/denmark/tv3-sport-dk.png
vclassics	countries/nordic/denmark/v-classics-dk.png
vcrime	countries/nordic/denmark/v-crime-dk.png
vfilmaction	countries/nordic/denmark/v-film-action-dk.png
vfilmfamily	countries/nordic/denmark/v-film-family-dk.png
vfilmhits	countries/nordic/denmark/v-film-hits-dk.png
vfilmpremiere	countries/nordic/denmark/v-film-premiere-dk.png
vseries	countries/nordic/denmark/v-series-dk.png
vsportgolf	countries/nordic/denmark/v-sport-golf-dk.png
vsportlive	countries/nordic/denmark/v-sport-live-dk.png
vsportultrahd	countries/nordic/denmark/v-sport-ultrahd-dk.png
vh1	countries/united-kingdom/vh1-uk.png
viaplaysportnews	countries/nordic/denmark/viaplay-sport-news-dk.png
viaplaysportnewshz	countries/nordic/denmark/viaplay-sport-news-hz-dk.png
deed	countries/nordic/finland/deed-fi.png
frii	countries/nordic/finland/frii-fi.png
hero	countries/nordic/finland/hero-fi.png
irrtv	countries/nordic/finland/irr-tv-fi.png
jim	countries/nordic/finland/jim-fi.png
kutonen	countries/nordic/finland/kutonen-fi.png
liiga	countries/nordic/finland/liiga-fi.png
liv	countries/nordic/finland/liv-fi.png
mt	countries/nordic/finland/mt-fi.png
mtvaitio	countries/nordic/finland/mtv-aitio-fi.png
mtvava	countries/nordic/finland/mtv-ava-fi.png
mtvjuniori	countries/nordic/finland/mtv-juniori-fi.png
mtvkatsomo	countries/nordic/finland/mtv-katsomo-fi.png
mtvliiga1	countries/nordic/finland/mtv-liiga-1-fi.png
mtvliiga2	countries/nordic/finland/mtv-liiga-2-fi.png
mtvliiga3	countries/nordic/finland/mtv-liiga-3-fi.png
mtvliiga4	countries/nordic/finland/mtv-liiga-4-fi.png
mtvliiga5	countries/nordic/finland/mtv-liiga-5-fi.png
mtvliiga6	countries/nordic/finland/mtv-liiga-6-fi.png
mtvliiga7	countries/nordic/finland/mtv-liiga-7-fi.png
mtvliiga	countries/nordic/finland/mtv-liiga-uhd-fi.png
mtvmax	countries/nordic/finland/mtv-max-fi.png
mtvsub	countries/nordic/finland/mtv-sub-fi.png
mtvurheilu1	countries/nordic/finland/mtv-urheilu-1-fi.png
mtvurheilu2	countries/nordic/finland/mtv-urheilu-2-fi.png
mtvurheilu3	countries/nordic/finland/mtv-urheilu-3-fi.png
mtvviihde	countries/nordic/finland/mtv-viihde-fi.png
mtv3	countries/nordic/finland/mtv3-fi.png
nelonen	countries/nordic/finland/nelonen-fi.png
1waytv	countries/nordic/finland/one-way-tv-fi.png
onnitv	countries/nordic/finland/onni-tv-fi.png
tapahtumatveveo	countries/nordic/finland/tapahtuma-tv-eveo-fi.png
vsport1	countries/nordic/finland/v-sport-1-fi.png
vsport	countries/nordic/finland/v-sport-fi.png
vsportfootball	countries/nordic/finland/v-sport-football-fi.png
vsportlive1	countries/nordic/finland/v-sport-live-1-fi.png
vsportlive2	countries/nordic/finland/v-sport-live-2-fi.png
vsportlive3	countries/nordic/finland/v-sport-live-3-fi.png
vsportlive4	countries/nordic/finland/v-sport-live-4-fi.png
vsportlive5	countries/nordic/finland/v-sport-live-5-fi.png
vsportpremium	countries/nordic/finland/v-sport-premium-fi.png
vsportvinter	countries/nordic/finland/v-sport-vinter-fi.png
viaplay1urheilu	countries/nordic/finland/viaplay-1-urheilu-fi.png
viaplay2urheilu	countries/nordic/finland/viaplay-2-urheilu-fi.png
viaplay3urheilu	countries/nordic/finland/viaplay-3-urheilu-fi.png
yleteemafem	countries/nordic/finland/yle-teema-fem-fi.png
yletv1	countries/nordic/finland/yle-tv1-fi.png
yletv2	countries/nordic/finland/yle-tv2-fi.png
althingiis	countries/nordic/iceland/althingi-is.png
bbcnordicis	countries/nordic/iceland/bbc-nordic-is.png
hringbrautis	countries/nordic/iceland/hringbraut-is.png
n4is	countries/nordic/iceland/n4-is.png
ruvis	countries/nordic/iceland/ruv-is.png
ruv2is	countries/nordic/iceland/ruv2-is.png
siminnsportis	countries/nordic/iceland/siminn-sport-is.png
siminnsport2is	countries/nordic/iceland/siminn-sport2-is.png
siminnsport3is	countries/nordic/iceland/siminn-sport3-is.png
siminnsport4is	countries/nordic/iceland/siminn-sport4-is.png
sjonvarpsimansis	countries/nordic/iceland/sjonvarp-simans-is.png
synis	countries/nordic/iceland/syn-is.png
synsport2is	countries/nordic/iceland/syn-sport-2-is.png
synsport3is	countries/nordic/iceland/syn-sport-3-is.png
synsport4is	countries/nordic/iceland/syn-sport-4-is.png
synsport5is	countries/nordic/iceland/syn-sport-5-is.png
synsport6is	countries/nordic/iceland/syn-sport-6-is.png
synsportis	countries/nordic/iceland/syn-sport-is.png
synsportisland2is	countries/nordic/iceland/syn-sport-island-2-is.png
synsportisland3is	countries/nordic/iceland/syn-sport-island-3-is.png
synsportislandis	countries/nordic/iceland/syn-sport-island-is.png
synsportviaplayis	countries/nordic/iceland/syn-sport-viaplay-is.png
visiris	countries/nordic/iceland/visir-is.png
vodafonesportis	countries/nordic/iceland/vodafone-sport-is.png
bedehuskanalen	countries/nordic/norway/bedehuskanalen-no.png
bilkanalenautomotorsporttv	countries/nordic/norway/bilkanalen-auto-motor-sport-tv-no.png
cmorefirsthz	countries/nordic/norway/c-more-first-hd-hz-no.png
cmoreserieshz	countries/nordic/norway/c-more-series-hd-hz-no.png
eurosport1hz	countries/nordic/norway/eurosport-1-hz-no.png
eurosportnorgehz	countries/nordic/norway/eurosport-norge-hz-no.png
eurosportnorge	countries/nordic/norway/eurosport-norge-no.png
eurosportpluss1	countries/nordic/norway/eurosport-pluss1-no.png
eurosportpluss10	countries/nordic/norway/eurosport-pluss10-no.png
eurosportpluss11	countries/nordic/norway/eurosport-pluss11-no.png
eurosportpluss12	countries/nordic/norway/eurosport-pluss12-no.png
eurosportpluss2	countries/nordic/norway/eurosport-pluss2-no.png
eurosportpluss3	countries/nordic/norway/eurosport-pluss3-no.png
eurosportpluss4	countries/nordic/norway/eurosport-pluss4-no.png
eurosportpluss5	countries/nordic/norway/eurosport-pluss5-no.png
eurosportpluss6	countries/nordic/norway/eurosport-pluss6-no.png
eurosportpluss7	countries/nordic/norway/eurosport-pluss7-no.png
eurosportpluss8	countries/nordic/norway/eurosport-pluss8-no.png
eurosportpluss9	countries/nordic/norway/eurosport-pluss9-no.png
fem	countries/nordic/norway/fem-no.png
frikanalen	countries/nordic/norway/frikanalen-no.png
hits	countries/nordic/norway/hits-no.png
kanal10	countries/nordic/norway/kanal10-no.png
laligatv	countries/united-kingdom/laliga-tv-uk.png
matkanalen	countries/nordic/norway/mat-kanalen-no.png
norwaylive	countries/nordic/norway/norway-live-no.png
nrk1	countries/nordic/norway/nrk1-no.png
nrk2	countries/nordic/norway/nrk2-no.png
nrk3	countries/nordic/norway/nrk3-no.png
rex	countries/nordic/norway/rex-no.png
rikstotodirekte	countries/nordic/norway/rikstoto-direkte-no.png
stars	countries/nordic/norway/stars-no.png
tvnord	countries/nordic/norway/tv-nord-no.png
tvnorge	countries/nordic/norway/tv-norge-no.png
tvost	countries/nordic/norway/tv-ost-no.png
tv2direktehz	countries/nordic/norway/tv2-direkte-hz-no.png
tv2direkte	countries/nordic/norway/tv2-direkte-no.png
tv2livsstilhz	countries/nordic/norway/tv2-livsstil-hz-no.png
tv2livsstil	countries/nordic/norway/tv2-livsstil-no.png
tv2nyheterhz	countries/nordic/norway/tv2-nyheter-hz-no.png
tv2nyheter	countries/nordic/norway/tv2-nyheter-no.png
tv2nyhetskanalenhz	countries/nordic/norway/tv2-nyhetskanalen-hz-no.png
tv2nyhetskanalen	countries/nordic/norway/tv2-nyhetskanalen-no.png
tv2oiii	countries/nordic/norway/tv2-oiii-no.png
tv2sportpremiumhz	countries/nordic/norway/tv2-sport-premium-hz-no.png
tv2sportpremium	countries/nordic/norway/tv2-sport-premium-no.png
tv2sportpremium2hz	countries/nordic/norway/tv2-sport-premium2-hz-no.png
tv2sportpremium2	countries/nordic/norway/tv2-sport-premium2-no.png
tv2sport1hz	countries/nordic/norway/tv2-sport1-hz-no.png
tv2sport1	countries/nordic/norway/tv2-sport1-no.png
tv2sport2hz	countries/nordic/norway/tv2-sport2-hz-no.png
tv2sport2	countries/nordic/norway/tv2-sport2-no.png
tv2zebrahz	countries/nordic/norway/tv2-zebra-hz-no.png
tv2zebra	countries/nordic/norway/tv2-zebra-no.png
tv6	countries/nordic/norway/tv6-no.png
vsport2	countries/nordic/norway/v-sport-2-no.png
vsport3	countries/nordic/norway/v-sport-3-no.png
vsportplus	countries/nordic/norway/v-sport-plus-no.png
vsportpremierleague1	countries/nordic/norway/v-sport-premier-league-1-no.png
vsportpremierleague2	countries/nordic/norway/v-sport-premier-league-2-no.png
vsportpremierleague3	countries/nordic/norway/v-sport-premier-league-3-no.png
vsportpremierleague4	countries/nordic/norway/v-sport-premier-league-4-no.png
vsportpremierleague	countries/nordic/norway/v-sport-premier-league-no.png
vgtv	countries/nordic/norway/vg-tv-no.png
visjonnorge	countries/nordic/norway/visjon-norge-no.png
24corren	countries/nordic/sweden/24-corren-se.png
kanal11	countries/nordic/sweden/kanal-11-se.png
kanal9	countries/nordic/sweden/kanal-9-se.png
kunskapskanalen	countries/nordic/sweden/kunskapskanalen-se.png
paramountplusmovies	countries/nordic/sweden/paramount-plus-movies-se.png
paramountplusseries	countries/nordic/sweden/paramount-plus-series-se.png
sjuan	countries/nordic/sweden/sjuan-se.png
svtbarn	countries/nordic/sweden/svt-barn-se.png
svt1	countries/nordic/sweden/svt1-se.png
svt2	countries/nordic/sweden/svt2-se.png
svt24	countries/nordic/sweden/svt24-se.png
tv12	countries/nordic/sweden/tv12-se.png
tv4fakta	countries/nordic/sweden/tv4-fakta-se.png
tv4film	countries/nordic/sweden/tv4-film-se.png
tv4fotboll	countries/nordic/sweden/tv4-fotboll-se.png
tv4guld	countries/nordic/sweden/tv4-guld-se.png
tv4hits	countries/nordic/sweden/tv4-hits-se.png
tv4hockey	countries/nordic/sweden/tv4-hockey-se.png
tv4motor	countries/nordic/sweden/tv4-motor-se.png
tv4sportlive1	countries/nordic/sweden/tv4-sport-live-1-se.png
tv4sportlive2	countries/nordic/sweden/tv4-sport-live-2-se.png
tv4sportlive3	countries/nordic/sweden/tv4-sport-live-3-se.png
tv4sportlive4	countries/nordic/sweden/tv4-sport-live-4-se.png
tv4sportkanalen	countries/nordic/sweden/tv4-sportkanalen-se.png
tv4stars	countries/nordic/sweden/tv4-stars-se.png
tv4tennis	countries/nordic/sweden/tv4-tennis-se.png
vfilm	countries/nordic/sweden/v-film-se.png
vsportextra	countries/nordic/sweden/v-sport-extra-se.png
vsportmotor	countries/nordic/sweden/v-sport-motor-se.png
viaplaysport	countries/nordic/sweden/viaplay-sport-se.png
vsport1nordic	countries/nordic/v-sport-1-nordic.png
vsportnordic	countries/nordic/v-sport-nordic.png
a2z	countries/philippines/a2z-ph.png
aliwchannel23	countries/philippines/aliw-channel-23-ph.png
allsportsnetwork	countries/philippines/all-sports-network-ph.png
alltv	countries/philippines/alltv-ph.png
anc	countries/philippines/anc-ph.png
aniplus	countries/philippines/aniplus-ph.png
beamtv	countries/philippines/beam-tv-ph.png
buko	countries/philippines/buko-ph.png
celestialmoviespinoy	countries/philippines/celestial-movies-pinoy-ph.png
cinemo	countries/philippines/cine-mo-ph.png
cinema1	countries/philippines/cinema-one-ph.png
cltv	countries/philippines/cltv-ph.png
cnnphilippines	countries/philippines/cnn-philippines-ph.png
dzmmteleradyo	countries/philippines/dzmm-teleradyo-ph.png
dzrhtv	countries/philippines/dzrh-tv-ph.png
dzrj810amtv	countries/philippines/dzrj-810-am-tv-ph.png
gctv	countries/philippines/gctv-ph.png
gma	countries/philippines/gma-ph.png
gtv	countries/philippines/gtv-ph.png
hbohits	countries/united-states/hbo-hits-us.png
horseracing	countries/philippines/horse-racing-ph.png
ibc	countries/philippines/ibc-ph.png
inctv	countries/philippines/inc-tv-ph.png
iztv	countries/philippines/iztv-ph.png
jeepneytv	countries/philippines/jeepney-tv-ph.png
kapamilyachannel	countries/philippines/kapamilya-channel-ph.png
kix	countries/philippines/kix-ph.png
knowledgechannel	countries/philippines/knowledge-channel-ph.png
miaomi	countries/philippines/miao-mi-ph.png
mptv	countries/philippines/mptv-ph.png
nbatvphilippines	countries/philippines/nba-tv-philippines-ph.png
net25	countries/philippines/net25-ph.png
newswatchplus	countries/philippines/newswatch-plus-ph.png
1news	countries/philippines/one-news-ph.png
1sportsplus	countries/philippines/one-sports-plus-ph.png
pbarush	countries/philippines/pba-rush-ph.png
pinoxtremechannel	countries/philippines/pino-xtreme-channel-ph.png
pinoyboxoffice	countries/philippines/pinoy-box-office-ph.png
pinoyhits	countries/philippines/pinoy-hits-ph.png
premierfootball	countries/philippines/premier-football-ph.png
premiersports2	countries/united-kingdom/hd/premier-sports-2-hd-uk.png
premiersports	countries/united-kingdom/premier-sports-uk.png
ptv	countries/philippines/ptv-ph.png
radyobandidotv	countries/philippines/radyo-bandido-tv-ph.png
rjtv	countries/philippines/rj-tv-ph.png
rockaction	countries/philippines/rock-action-ph.png
rptv	countries/philippines/rptv-ph.png
sarisarichannel	countries/philippines/sari-sari-channel-ph.png
smni	countries/philippines/smni-ph.png
solarflix	countries/philippines/solar-flix-ph.png
solarsports	countries/philippines/solar-sports-ph.png
sonshinechannel	countries/philippines/sonshine-channel-ph.png
spotv	countries/philippines/spotv-ph.png
spotv2	countries/philippines/spotv2-ph.png
tapactionflix	countries/philippines/tap-action-flix-ph.png
tapmovies	countries/philippines/tap-movies-ph.png
tapsports	countries/philippines/tap-sports-ph.png
techstorm	countries/philippines/techstorm-ph.png
tvmaria	countries/philippines/tv-maria-ph.png
tvnmoviespinoy	countries/philippines/tvn-movies-pinoy-ph.png
tvup	countries/philippines/tvup-ph.png
untv	countries/philippines/untv-ph.png
vivacinema	countries/philippines/viva-cinema-ph.png
wordofgod	countries/philippines/word-of-god-ph.png
yey	countries/philippines/yey-ph.png
zoetv	countries/philippines/zoe-tv-ph.png
13ulica	countries/poland/13-ulica-pl.png
4fundance	countries/poland/4fun-dance-pl.png
4fungold	countries/poland/4fun-gold-pl.png
4funkids	countries/poland/4fun-kids-pl.png
4funtv	countries/poland/4fun-tv-pl.png
activefamily	countries/poland/active-family-pl.png
adventure	countries/poland/adventure-hd-pl.png
alekinoplus	countries/poland/ale-kino-plus-pl.png
antena	countries/poland/antena-hd-pl.png
axnspin	countries/poland/axn-spin-hd-pl.png
bbclifestyle	countries/poland/bbc-lifestyle-pl.png
belsattv	countries/poland/belsat-tv-pl.png
biznes24	countries/poland/biznes24-pl.png
bluehustler	countries/poland/blue-hustler-pl.png
brazzerstveurope	countries/poland/brazzers-tv-europe-pl.png
canalplus1	countries/poland/canal-plus-1-pl.png
canalplus360	countries/poland/canal-plus-360-pl.png
canalplusultra	countries/poland/canal-plus-4k-ultra-hd-pl.png
canalplusdokument	countries/poland/canal-plus-dokument-pl.png
canalplusdomo	countries/poland/canal-plus-domo-hd-pl.png
canalplusfilm	countries/poland/canal-plus-film-pl.png
canalpluskuchnia	countries/poland/canal-plus-kuchnia-hd-pl.png
canalplusnow	countries/poland/canal-plus-now-pl.png
canalpluspremium	countries/poland/canal-plus-premium-pl.png
canalplusseriale	countries/poland/canal-plus-seriale-pl.png
canalplussport3	countries/poland/canal-plus-sport-3-pl.png
canalplussport4	countries/poland/canal-plus-sport-4-pl.png
canalplussport5	countries/poland/canal-plus-sport-5-pl.png
cbseuropa	countries/poland/cbs-europa-pl.png
discopolomusic	countries/poland/disco-polo-music-pl.png
discoveryhistoria	countries/poland/discovery-historia-pl.png
discoverylife	countries/united-states/discovery-life-us.png
dorceltv	countries/poland/dorcel-tv-pl.png
esporttv	countries/poland/e-sport-tv-pl.png
englishclubtv	countries/poland/english-club-tv-pl.png
eskarocktv	countries/poland/eska-rock-tv-pl.png
eskatvextra	countries/poland/eska-tv-extra-pl.png
eskatv	countries/poland/eska-tv-pl.png
ezotv	countries/poland/ezo-tv-pl.png
fightklub	countries/poland/fightklub-hd-pl.png
filmax	countries/poland/filmax-pl.png
filmboxaction	countries/poland/filmbox-action-hd-pl.png
fokustv	countries/poland/fokus-tv-pl.png
fxcomedy	countries/poland/fx-comedy-pl.png
golfzone	countries/poland/golf-zone-pl.png
hometv	countries/poland/home-tv-hd-pl.png
ipla	countries/poland/ipla-pl.png
itvnextra	countries/poland/itvn-extra-pl.png
itvn	countries/poland/itvn-pl.png
jazz	countries/poland/jazz-pl.png
juniormusic	countries/poland/junior-music-pl.png
kinopolskamuzyka	countries/poland/kino-polska-muzyka-pl.png
kinopolska	countries/poland/kino-polska-pl.png
lovetv	countries/poland/love-tv-pl.png
miniminiplus	countries/poland/minimini-plus-pl.png
motowizja	countries/poland/motowizja-hd-pl.png
music00s	countries/poland/music-00s-pl.png
music80s	countries/poland/music-80s-pl.png
music90s	countries/poland/music-90s-pl.png
musicbox00s	countries/poland/music-box-00s-pl.png
musicbox80s	countries/poland/music-box-80s-pl.png
musicbox90s	countries/poland/music-box-90s-pl.png
musicboxclassic	countries/poland/music-box-classic-pl.png
musicboxdance	countries/poland/music-box-dance-pl.png
musicboxhits	countries/poland/music-box-hits-pl.png
musicbox	countries/poland/music-box-pl.png
musicboxsexy	countries/poland/music-box-sexy-pl.png
musicclub	countries/poland/music-club-pl.png
musichits	countries/poland/music-hits-pl.png
musiclive	countries/poland/music-live-hd-pl.png
natgeopeople	countries/poland/nat-geo-people-hd-pl.png
novelasplus	countries/poland/novelas-plus-pl.png
novelasplus1	countries/poland/novelas-plus1-pl.png
nowatv	countries/poland/nowa-tv-pl.png
nsportplus	countries/poland/nsport-plus-pl.png
nutagold	countries/poland/nuta-gold-pl.png
nutatv	countries/poland/nuta-tv-pl.png
planetwater	countries/poland/planet-water-pl.png
polotv	countries/poland/polo-tv-pl.png
polonia1	countries/poland/polonia1-pl.png
polsat1	countries/poland/polsat-1-pl.png
polsat2	countries/poland/polsat-2-pl.png
polsatcafe	countries/poland/polsat-cafe-pl.png
polsatcomedycentralextra	countries/poland/polsat-comedy-central-extra-pl.png
polsatcrimeandinvestigation	countries/poland/polsat-crime-and-investigation-pl.png
polsatdoku	countries/poland/polsat-doku-pl.png
polsatfilm	countries/poland/polsat-film-pl.png
polsatfilm2	countries/poland/polsat-film2-pl.png
polsatgames	countries/poland/polsat-games-pl.png
polsatjimjam	countries/poland/polsat-jimjam-pl.png
polsatmusic	countries/poland/polsat-music-hd-pl.png
polsatnews	countries/poland/polsat-news-pl.png
polsatnewspolityka	countries/poland/polsat-news-polityka-pl.png
polsatnews2	countries/poland/polsat-news2-pl.png
polsat	countries/poland/polsat-pl.png
polsatplay	countries/poland/polsat-play-pl.png
polsatreality	countries/poland/polsat-reality-pl.png
polsatrodzina	countries/poland/polsat-rodzina-pl.png
polsatseriale	countries/poland/polsat-seriale-pl.png
polsatsport1	countries/poland/polsat-sport-1-pl.png
polsatsport2	countries/poland/polsat-sport-2-pl.png
polsatsport3	countries/poland/polsat-sport-3-pl.png
polsatsportextra1	countries/poland/polsat-sport-extra-1-pl.png
polsatsportextra2	countries/poland/polsat-sport-extra-2-pl.png
polsatsportextra3	countries/poland/polsat-sport-extra-3-pl.png
polsatsportextra4	countries/poland/polsat-sport-extra-4-pl.png
polsatsportextra	countries/poland/polsat-sport-extra-pl.png
polsatsportfight	countries/poland/polsat-sport-fight-pl.png
polsatsportnews	countries/poland/polsat-sport-news-pl.png
polsatsport	countries/poland/polsat-sport-pl.png
polsatsportpremium1	countries/poland/polsat-sport-premium-1-pl.png
polsatsportpremium2	countries/poland/polsat-sport-premium-2-pl.png
polsatviasatexplore	countries/poland/polsat-viasat-explore-hd-pl.png
polsatviasathistory	countries/poland/polsat-viasat-history-hd-pl.png
polsatviasatnature	countries/poland/polsat-viasat-nature-hd-pl.png
polsatx	countries/poland/polsat-x-pl.png
powertv	countries/poland/power-tv-hd-pl.png
puls2	countries/poland/puls2-pl.png
redlight	countries/poland/redlight-hd-pl.png
sci	countries/poland/sci-fi-pl.png
showtv	countries/poland/show-tv-pl.png
starstv	countries/poland/stars-tv-pl.png
stopklatka	countries/poland/stopklatka-pl.png
studiomedtv	countries/poland/studiomed-tv-pl.png
sundancetv	countries/united-states/sundance-tv-us.png
superpolsat	countries/poland/super-polsat-pl.png
superstacja	countries/poland/superstacja-pl.png
tbnpolska	countries/poland/tbn-polska-pl.png
topkids	countries/poland/top-kids-hd-pl.png
topkidsjr	countries/poland/top-kids-jr-pl.png
trwam	countries/poland/trwam-pl.png
ttv	countries/poland/ttv-pl.png
tvokazje	countries/poland/tv-okazje-pl.png
tvpuls	countries/poland/tv-puls-pl.png
tvrepublika	countries/poland/tv-republika-pl.png
tvc	countries/poland/tvc-pl.png
tvcreality	countries/poland/tvc-reality-pl.png
tvcsuper	countries/poland/tvc-super-pl.png
tvnfabula	countries/poland/tvn-fabula-pl.png
tvn	countries/poland/tvn-pl.png
tvnstyle	countries/poland/tvn-style-pl.png
tvnturbo	countries/poland/tvn-turbo-pl.png
tvn24bis	countries/poland/tvn24-bis-pl.png
tvn24	countries/poland/tvn24-pl.png
tvn7	countries/poland/tvn7-hd-pl.png
tvp	countries/poland/tvp-4k-pl.png
tvpabc	countries/poland/tvp-abc-pl.png
tvpabc2	countries/poland/tvp-abc2-pl.png
tvpdokument	countries/poland/tvp-dokument-pl.png
tvphistoria2	countries/poland/tvp-historia-2-pl.png
tvphistoria	countries/poland/tvp-historia-pl.png
tvpinfo	countries/poland/tvp-info-pl.png
tvpkobieta	countries/poland/tvp-kobieta-pl.png
tvpkultura2	countries/poland/tvp-kultura-2-pl.png
tvpkultura	countries/poland/tvp-kultura-pl.png
tvpparlament	countries/poland/tvp-parlament-pl.png
tvppolonia	countries/poland/tvp-polonia-pl.png
tvprozrywka	countries/poland/tvp-rozrywka-pl.png
tvpseriale	countries/poland/tvp-seriale-pl.png
tvpsport	countries/poland/tvp-sport-hd-pl.png
tvpwilno	countries/poland/tvp-wilno-pl.png
tvp1	countries/poland/tvp1-hd-pl.png
tvp2	countries/poland/tvp2-hd-pl.png
tvp3	countries/poland/tvp3-pl.png
twojatv	countries/poland/twoja-tv-hd-pl.png
ultratv	countries/poland/ultra-tv-4k-pl.png
viasattruecrime	countries/poland/viasat-true-crime-pl.png
vidoctv	countries/poland/vidoc-tv-pl.png
vidoctv1	countries/poland/vidoc-tv1-pl.png
vividred	countries/united-kingdom/hd/vivid-red-hd-uk.png
vividtouch	countries/poland/vivid-touch-pl.png
voxmusictv	countries/poland/vox-music-tv-pl.png
wpolsce	countries/poland/w-polsce-pl-pl.png
wp	countries/poland/wp-pl.png
wpolsce24	countries/poland/wpolsce24-pl.png
wydarzenia24	countries/poland/wydarzenia-24-pl.png
zoomtv	countries/poland/zoom-tv-pl.png
abolatv	countries/portugal/a-bola-tv-pt.png
axnmovies	countries/portugal/axn-movies-hd-pt.png
biggs	countries/portugal/biggs-pt.png
cacaepesca	countries/portugal/caca-e-pesca-pt.png
cacavision	countries/portugal/cacavision-pt.png
canalhollywood	countries/portugal/canal-hollywood-hd-pt.png
canalpanda	countries/portugal/canal-panda-pt.png
canalq	countries/portugal/canal-q-pt.png
canalsmais	countries/portugal/canal-s-mais-pt.png
canal11	countries/portugal/canal11-pt.png
cinemundo	countries/portugal/cine-mundo-hd-pt.png
cmtv	countries/portugal/cmtv-pt.png
cnnportugal	countries/portugal/cnn-portugal-pt.png
docubox	countries/portugal/docubox-hd-pt.png
11sports1icon	countries/portugal/eleven-sports-1-icon-pt.png
11sports2icon	countries/portugal/eleven-sports-2-icon-pt.png
11sports3icon	countries/portugal/eleven-sports-3-icon-pt.png
11sports4icon	countries/portugal/eleven-sports-4-icon-pt.png
11sports4	countries/portugal/eleven-sports-4-pt.png
11sports5icon	countries/portugal/eleven-sports-5-icon-pt.png
11sports5	countries/portugal/eleven-sports-5-pt.png
11sports6icon	countries/portugal/eleven-sports-6-icon-pt.png
11sports6	countries/portugal/eleven-sports-6-pt.png
11sportsicon	countries/portugal/eleven-sports-icon-pt.png
11sports	countries/portugal/eleven-sports-pt.png
fueltv	countries/portugal/fueltv-hd-pt.png
globointernacional	countries/portugal/globo-internacional-pt.png
localvisaotv	countries/portugal/localvisao-tv-pt.png
odisseia	countries/portugal/odisseia-hd-pt.png
pfc	countries/portugal/pfc-pt.png
portocanal	countries/portugal/porto-canal-hd-pt.png
rtp1	countries/portugal/rtp-1-hd-pt.png
rtp2	countries/portugal/rtp-2-hd-pt.png
rtpacores	countries/portugal/rtp-acores-pt.png
rtpafrica	countries/portugal/rtp-africa-pt.png
rtpmadeira	countries/portugal/rtp-madeira-pt.png
rtpmemoria	countries/portugal/rtp-memoria-pt.png
rtpnoticias	countries/portugal/rtp-noticias-pt.png
siccaras	countries/portugal/sic-caras-hd-pt.png
sic	countries/portugal/sic-hd-pt.png
sick	countries/portugal/sic-k-hd-pt.png
sicmulher	countries/portugal/sic-mulher-pt.png
sicnoticias	countries/portugal/sic-noticias-pt.png
sicradical	countries/portugal/sic-radical-hd-pt.png
sporttv1	countries/portugal/sport-tv-1-pt.png
sporttv2	countries/portugal/sport-tv-2-pt.png
sporttv3	countries/portugal/sport-tv-3-pt.png
sporttv4	countries/portugal/sport-tv-4-pt.png
sporttv5	countries/portugal/sport-tv-5-pt.png
sporttv6	countries/portugal/sport-tv-6-pt.png
sporttvmais	countries/portugal/sport-tv-mais-pt.png
sportingtv	countries/portugal/sporting-tv-hd-pt.png
torostv	countries/portugal/toros-tv-pt.png
tvcineaction	countries/portugal/tvcine-action-hd-pt.png
tvcineedition	countries/portugal/tvcine-edition-hd-pt.png
tvcineemotion	countries/portugal/tvcine-emotion-hd-pt.png
tvcinetop	countries/portugal/tvcine-top-hd-pt.png
tvi24	countries/portugal/tvi-24-hd-pt.png
tvi	countries/portugal/tvi-hd-pt.png
tviinternacional	countries/portugal/tvi-internacional-pt.png
tvireality	countries/portugal/tvi-reality-hd-pt.png
vtvi	countries/portugal/v+tvi-pt.png
a7tv	countries/romania/a7-tv-ro.png
acasagold	countries/romania/acasa-gold-ro.png
acasa	countries/romania/acasa-ro.png
alephbusiness	countries/romania/aleph-business-ro.png
alfaomegatv	countries/romania/alfa-omega-tv-ro.png
angelustv	countries/romania/angelus-tv-ro.png
antena1	countries/romania/antena-1-ro.png
antena3cnn	countries/romania/antena-3-cnn-ro.png
antena3iasi	countries/romania/antena-3-iasi-ro.png
antena3	countries/romania/antena-3-ro.png
antenainternational	countries/romania/antena-international-ro.png
antenastars	countries/romania/antena-stars-ro.png
ardealtv	countries/romania/ardeal-tv-ro.png
atomic	countries/romania/atomic-ro.png
b1tv	countries/romania/b1-tv-ro.png
balcanmusictv	countries/romania/balcan-music-tv-ro.png
bollyshow	countries/romania/bollyshow-ro.png
bollywoodfilm	countries/romania/bollywood-film-ro.png
bollywood	countries/romania/bollywood-ro.png
cinemaraton	countries/romania/cine-maraton-ro.png
cinemaest	countries/romania/cinema-est-ro.png
cinewow	countries/romania/cinewow-ro.png
comedyplay	countries/romania/comedy-play-ro.png
credotv	countries/romania/credo-tv-ro.png
digi24	countries/romania/digi-24-ro.png
digi	countries/romania/digi-4k-ro.png
digianimalworld	countries/romania/digi-animal-world-ro.png
digilife	countries/romania/digi-life-ro.png
digisport1	countries/romania/digi-sport-1-ro.png
digisport2	countries/romania/digi-sport-2-ro.png
digisport3	countries/romania/digi-sport-3-ro.png
digisport4	countries/romania/digi-sport-4-ro.png
digiworld	countries/romania/digi-world-ro.png
emitv	countries/romania/emi-tv-ro.png
etno	countries/romania/etno-ro.png
euronewsromania	countries/romania/euronews-romania-ro.png
favorittv	countries/romania/favorit-tv-ro.png
filmmania	countries/romania/film-mania-ro.png
filmnow	countries/romania/film-now-ro.png
happychannel	countries/romania/happy-channel-ro.png
hitmusicchannel	countries/romania/hit-music-channel-ro.png
horatv	countries/romania/hora-tv-ro.png
kanald	countries/romania/kanal-d-ro.png
kanald2	countries/romania/kanal-d2-ro.png
kapitaltv	countries/romania/kapital-tv-ro.png
kisstv	countries/united-kingdom/kiss-tv-uk.png
mariatv	countries/romania/maria-tv-ro.png
medikatv	countries/romania/medika-tv-ro.png
medikatv1	countries/romania/medika-tv_1-ro.png
metropolatv	countries/romania/metropola-tv-ro.png
moldovatv	countries/romania/moldova-tv-ro.png
moneynews	countries/romania/money-news-ro.png
mooz	countries/romania/mooz-4k-ro.png
moozdance	countries/romania/mooz-dance-ro.png
moozhits	countries/romania/mooz-hits-ro.png
moozretro	countries/romania/mooz-retro-ro.png
musicchannel	countries/romania/music-channel-ro.png
nasultv	countries/romania/nasul-tv-ro.png
national24plus	countries/romania/national-24-plus-ro.png
nationaltv	countries/romania/national-tv-ro.png
ncn	countries/romania/ncn-ro.png
orangesport1	countries/romania/orange-sport-1-ro.png
orangesport2	countries/romania/orange-sport-2-ro.png
orangesport3	countries/romania/orange-sport-3-ro.png
orangesport4	countries/romania/orange-sport-4-ro.png
orizonttv	countries/romania/orizont-tv-ro.png
partymix	countries/romania/party-mix-ro.png
partymania	countries/romania/partymania-ro.png
penthousequickies	countries/united-states/penthouse-quickies-us.png
pinkoclub	countries/romania/pink-o-club-ro.png
ploiestitv	countries/romania/ploiesti-tv-ro.png
primacomedy	countries/romania/prima-comedy-ro.png
primahistory	countries/romania/prima-history-ro.png
primanews	countries/romania/prima-news-ro.png
primasport1	countries/romania/prima-sport-1-ro.png
primasport2	countries/romania/prima-sport-2-ro.png
primasport3	countries/romania/prima-sport-3-ro.png
primasport4	countries/romania/prima-sport-4-ro.png
primasport5	countries/romania/prima-sport-5-ro.png
primasportppv1	countries/romania/prima-sport-ppv-1-ro.png
primasportppv2	countries/romania/prima-sport-ppv-2-ro.png
primasportppv3	countries/romania/prima-sport-ppv-3-ro.png
primasportppv4	countries/romania/prima-sport-ppv-4-ro.png
primasport	countries/romania/prima-sport-ro.png
primatv	countries/romania/prima-tv-ro.png
primaworldandtravel	countries/romania/prima-world-and-travel-ro.png
pro24tv	countries/romania/pro-24-tv-ro.png
proarena	countries/romania/pro-arena-ro.png
procinema	countries/romania/pro-cinema-ro.png
protvinternational	countries/romania/pro-tv-international-ro.png
protv	countries/romania/pro-tv-ro.png
profitnews	countries/romania/profit-news-ro.png
realitateaplus	countries/romania/realitatea-plus-ro.png
realitateasportiva	countries/romania/realitatea-sportiva-ro.png
realitateastar	countries/romania/realitatea-star-ro.png
reperultv	countries/romania/reperul-tv-ro.png
rocktv	countries/romania/rock-tv-ro.png
romaniatv	countries/romania/romania-tv-ro.png
senstv	countries/romania/sens-tv-ro.png
sperantatv	countries/romania/speranta-tv-ro.png
sportextra	countries/romania/sport-extra-ro.png
taraftv	countries/romania/taraf-tv-ro.png
telemoldovaplus	countries/romania/tele-moldova-plus-ro.png
telestar1	countries/romania/telestar-1-ro.png
traditionaltv	countries/romania/traditional-tv-ro.png
tralala	countries/romania/tralala-ro.png
travelmix	countries/romania/travel-mix-ro.png
trinitastv	countries/romania/trinitas-tv-ro.png
ttvoradea	countries/romania/ttv-oradea-ro.png
tvsud	countries/romania/tv-sud-ro.png
tvr1	countries/romania/tvr-1-ro.png
tvr2	countries/romania/tvr-2-ro.png
tvr3	countries/romania/tvr-3-ro.png
tvrcluj	countries/romania/tvr-cluj-ro.png
tvrcraiova	countries/romania/tvr-craiova-ro.png
tvrcultural	countries/romania/tvr-cultural-ro.png
tvrfolclor	countries/romania/tvr-folclor-ro.png
tvriasi	countries/romania/tvr-iasi-ro.png
tvrinfo	countries/romania/tvr-info-ro.png
tvrinternational	countries/romania/tvr-international-ro.png
tvrmoldova	countries/romania/tvr-moldova-ro.png
tvrsport	countries/romania/tvr-sport-ro.png
tvrtimisoara	countries/romania/tvr-timisoara-ro.png
tvrtirgumures	countries/romania/tvr-tirgu-mures-ro.png
utv	countries/united-kingdom/u-tv-uk.png
zutv	countries/romania/zu-tv-ro.png
2x2	countries/russia/2x2-ru.png
365dney	countries/russia/365-dney-ru.png
autoplus	countries/russia/auto-plus-ru.png
bokstv	countries/russia/boks-tv-ru.png
bridge	countries/russia/bridge-ru.png
channel5	countries/united-kingdom/channel-5-uk.png
channel1	countries/russia/channel-one-ru.png
che	countries/russia/che-ru.png
domashniy	countries/russia/domashniy-ru.png
fonmusic	countries/russia/fon-music-ru.png
gpmrtv	countries/russia/gpm-rtv-ru.png
life	countries/russia/hd-life-ru.png
kanaldisney	countries/russia/kanal-disney-ru.png
khlprime	countries/russia/khl-prime-ru.png
khl	countries/russia/khl-ru.png
kionhit	countries/russia/kion-hit-ru.png
konnyymir	countries/russia/konnyy-mir-ru.png
kukhnya	countries/russia/kukhnya-ru.png
kvntv	countries/russia/kvn-tv-ru.png
laminor	countries/russia/la-minor-ru.png
matcharena	countries/russia/match-arena-ru.png
matchboets	countries/russia/match-boets-ru.png
matchfutbol1	countries/russia/match-futbol-1-ru.png
matchfutbol2	countries/russia/match-futbol-2-ru.png
matchfutbol3	countries/russia/match-futbol-3-ru.png
matchigra	countries/russia/match-igra-ru.png
matchplaneta	countries/russia/match-planeta-ru.png
matchpremier	countries/russia/match-premier-ru.png
match	countries/russia/match-ru.png
matchstrana	countries/russia/match-strana-ru.png
minijam	countries/russia/mini-jam-ru.png
muztv	countries/russia/muz-tv-ru.png
muzykalive	countries/russia/muzyka-live-ru.png
nostalgiya	countries/russia/nostalgiya-ru.png
ntvhit	countries/russia/ntv-hit-ru.png
ntvpravo	countries/russia/ntv-pravo-ru.png
ntvserial	countries/russia/ntv-serial-ru.png
ntvstil	countries/russia/ntv-stil-ru.png
otr	countries/russia/otr-ru.png
plusminus16	countries/russia/plus-minus-16-ru.png
pyatnitsa	countries/russia/pyatnitsa-ru.png
russkayaistoriya	countries/russia/russkaya-istoriya-ru.png
russkayanoch	countries/russia/russkaya-noch-ru.png
shivi	countries/russia/shivi-ru.png
solntse	countries/russia/solntse-ru.png
sonychannelblue	countries/russia/sony-channel-blue-ru.png
sonychannelicon	countries/russia/sony-channel-icon-ru.png
sonyscigreen	countries/russia/sony-sci-fi-green-ru.png
sonysciicon	countries/russia/sony-sci-fi-icon-ru.png
sonysci	countries/russia/sony-sci-fi-ru.png
sonyturboicon	countries/russia/sony-turbo-icon-ru.png
sonyturbored	countries/russia/sony-turbo-red-ru.png
sonyturbo	countries/russia/sony-turbo-ru.png
startair	countries/russia/start-air-ru.png
stskids	countries/russia/sts-kids-ru.png
stslove	countries/russia/sts-love-ru.png
sts	countries/russia/sts-ru.png
subbota	countries/russia/subbota-ru.png
supergeroi	countries/russia/supergeroi-ru.png
svobodaplus	countries/russia/svoboda-plus-ru.png
tntmusic	countries/russia/tnt-music-ru.png
tnt4	countries/russia/tnt4-ru.png
tv31	countries/russia/tv3_1-ru.png
vijuexplore	countries/russia/viju-explore-ru.png
vijuhistory	countries/russia/viju-history-ru.png
vijunature	countries/russia/viju-nature-ru.png
vijupluscomedy	countries/russia/viju-plus-comedy-ru.png
vijuplusmegahit	countries/russia/viju-plus-megahit-ru.png
vijuplusplanet	countries/russia/viju-plus-planet-ru.png
vijupluspremiere	countries/russia/viju-plus-premiere-ru.png
vijuplusserial	countries/russia/viju-plus-serial-ru.png
vijuplussport	countries/russia/viju-plus-sport-ru.png
vijutv1000action	countries/russia/viju-tv1000-action-ru.png
vijutv1000novella	countries/russia/viju-tv1000-novella-ru.png
vijutv1000	countries/russia/viju-tv1000-ru.png
vijutv1000russkoe	countries/russia/viju-tv1000-russkoe-ru.png
zhara	countries/russia/zhara-ru.png
zvezdaplus	countries/russia/zvezda-plus-ru.png
360tunebox	countries/serbia/360-tunebox-rs.png
adultchannel1	countries/serbia/adult-channel-1-rs.png
adultchannel2	countries/serbia/adult-channel-2-rs.png
adultchannel3	countries/serbia/adult-channel-3-rs.png
adultchannel4	countries/serbia/adult-channel-4-rs.png
adultchannel5	countries/serbia/adult-channel-5-rs.png
adultchannel6	countries/serbia/adult-channel-6-rs.png
adultchannel7	countries/serbia/adult-channel-7-rs.png
arena1premiumicon	countries/serbia/arena-1-premium-icon-rs.png
arena1premium	countries/serbia/arena-1-premium-rs.png
arena2premiumicon	countries/serbia/arena-2-premium-icon-rs.png
arena2premium	countries/serbia/arena-2-premium-rs.png
arena3premiumicon	countries/serbia/arena-3-premium-icon-rs.png
arena3premium	countries/serbia/arena-3-premium-rs.png
arenafighticon	countries/serbia/arena-fight-icon-rs.png
arenasport1x2icon	countries/serbia/arena-sport-1x2-icon-rs.png
arenasport1x2	countries/serbia/arena-sport-1x2-rs.png
b92	countries/serbia/b92-rs.png
babestv	countries/serbia/babes-tv-rs.png
balkantrip	countries/serbia/balkan-trip-rs.png
balkantv	countries/serbia/balkan-tv-rs.png
bangu	countries/united-states/bangu-us.png
bnmusic	countries/serbia/bn-music-rs.png
bravomusic	countries/serbia/bravo-music-rs.png
cityplay	countries/serbia/city-play-rs.png
decijatv	countries/serbia/decija-tv-rs.png
dexytv	countries/serbia/dexy-tv-rs.png
dmsat	countries/serbia/dm-sat-rs.png
doxtv	countries/serbia/dox-tv-rs.png
ducktv	countries/serbia/duck-tv-rs.png
dunavtelevizija	countries/serbia/dunav-televizija-rs.png
erotic2	countries/serbia/erotic-2-rs.png
erotic3	countries/serbia/erotic-3-rs.png
erotic4	countries/serbia/erotic-4-rs.png
erotic5	countries/serbia/erotic-5-rs.png
erotic6	countries/serbia/erotic-6-rs.png
erotic7	countries/serbia/erotic-7-rs.png
erotic8	countries/serbia/erotic-8-rs.png
erotic	countries/serbia/erotic-rs.png
euronewsserbia	countries/serbia/euronews-serbia-rs.png
fashionbox	countries/serbia/fashionbox-rs.png
filmklubextra	countries/serbia/film-klub-extra-rs.png
filmklub	countries/serbia/film-klub-rs.png
haha	countries/serbia/ha-ha-rs.png
happyreality1	countries/serbia/happy-reality-1-rs.png
happyreality2	countries/serbia/happy-reality-2-rs.png
happytv	countries/serbia/happy-tv-rs.png
hayatfolk	countries/serbia/hayat-folk-rs.png
hayatmusic	countries/serbia/hayat-music-rs.png
hayatplus	countries/serbia/hayat-plus-rs.png
hayat	countries/serbia/hayat-rs.png
hayatovci	countries/serbia/hayatovci-rs.png
hypetv	countries/serbia/hype-tv-rs.png
insajdertv	countries/serbia/insajder-tv-rs.png
jeka	countries/serbia/jeka-rs.png
jimjam	countries/serbia/jimjam-rs.png
k1	countries/serbia/k1-rs.png
kazbuka	countries/serbia/kazbuka-rs.png
kcn1kopernikus	countries/serbia/kcn1-kopernikus-rs.png
kcn2music	countries/serbia/kcn2-music-rs.png
kcn3svetplus	countries/serbia/kcn3-svet-plus-rs.png
kitchentv	countries/serbia/kitchen-tv-rs.png
kurirtv	countries/serbia/kurir-tv-rs.png
kuvotv	countries/serbia/kuvo-tv-rs.png
lol	countries/serbia/lol-rs.png
luxetv	countries/serbia/luxe-tv-rs.png
mojhappyzivot	countries/serbia/moj-happy-zivot-rs.png
mojahappymuzika	countries/serbia/moja-happy-muzika-rs.png
mojahappyzemlja	countries/serbia/moja-happy-zemlja-rs.png
mojehappydrustvo	countries/serbia/moje-happy-drustvo-rs.png
mrezamost	countries/serbia/mreza-most-rs.png
museum	countries/serbia/museum-rs.png
novatv	countries/serbia/nova-tv-rs.png
okk	countries/serbia/okk-rs.png
palmaplus	countries/serbia/palma-plus-rs.png
pinkaction	countries/serbia/pink-action-rs.png
pinkbh	countries/serbia/pink-bh-rs.png
pinkclassic	countries/serbia/pink-classic-rs.png
pinkcomedy	countries/serbia/pink-comedy-rs.png
pinkcrimeandmystery	countries/serbia/pink-crime-and-mystery-rs.png
pinkextra	countries/serbia/pink-extra-rs.png
pinkfamily	countries/serbia/pink-family-rs.png
pinkfashion	countries/serbia/pink-fashion-rs.png
pinkfilm	countries/serbia/pink-film-rs.png
pinkfolk1	countries/serbia/pink-folk-1-rs.png
pinkfolk2	countries/serbia/pink-folk-2-rs.png
pinkhits2	countries/serbia/pink-hits-2-rs.png
pinkhits	countries/serbia/pink-hits-rs.png
pinkhorror	countries/serbia/pink-horror-rs.png
pinkkoncert	countries/serbia/pink-koncert-rs.png
pinkkuvar	countries/serbia/pink-kuvar-rs.png
pinkm	countries/serbia/pink-m-rs.png
pinkmovies	countries/serbia/pink-movies-rs.png
pinkmusic2	countries/serbia/pink-music-2-rs.png
pinkmusic	countries/serbia/pink-music-rs.png
pinknroll	countries/serbia/pink-n-roll-rs.png
pinkpedia	countries/serbia/pink-pedia-rs.png
pinkplus	countries/serbia/pink-plus-rs.png
pinkpremium	countries/serbia/pink-premium-rs.png
pinkreality	countries/serbia/pink-reality-rs.png
pinkromance	countries/serbia/pink-romance-rs.png
pink	countries/serbia/pink-rs.png
pinksciandfantasy	countries/serbia/pink-sci-fi-and-fantasy-rs.png
pinkserije	countries/serbia/pink-serije-rs.png
pinkshow	countries/serbia/pink-show-rs.png
pinksoap	countries/serbia/pink-soap-rs.png
pinkstyle	countries/serbia/pink-style-rs.png
pinksuperkids	countries/serbia/pink-super-kids-rs.png
pinkthriller	countries/serbia/pink-thriller-rs.png
pinkwestern	countries/serbia/pink-western-rs.png
pinkworldcinema	countries/serbia/pink-world-cinema-rs.png
pinkworld	countries/serbia/pink-world-rs.png
pinkzabava	countries/serbia/pink-zabava-rs.png
pinkids	countries/serbia/pinkids-rs.png
prvafiles	countries/serbia/prva-files-rs.png
prvakick	countries/serbia/prva-kick-rs.png
prvalife	countries/serbia/prva-life-rs.png
prvamax	countries/serbia/prva-max-rs.png
prvaplus	countries/serbia/prva-plus-rs.png
prva	countries/serbia/prva-rs.png
prvaworld	countries/serbia/prva-world-rs.png
radiostv	countries/serbia/radio-s-tv-rs.png
rastv	countries/serbia/ras-tv-rs.png
realitykingstv	countries/serbia/reality-kings-tv-rs.png
red	countries/serbia/red-rs.png
rtkkrusevac	countries/serbia/rtk-krusevac-rs.png
rtrsplus	countries/serbia/rtrs-plus-rs.png
rtrs	countries/serbia/rtrs-rs.png
rtsdrama	countries/serbia/rts-drama-rs.png
rtsklasika	countries/serbia/rts-klasika-rs.png
rtskolo	countries/serbia/rts-kolo-rs.png
rtsmuzika	countries/serbia/rts-muzika-rs.png
rtsnauka	countries/serbia/rts-nauka-rs.png
rtspoletarac	countries/serbia/rts-poletarac-rs.png
rtssvet	countries/serbia/rts-svet-rs.png
rtstrezor	countries/serbia/rts-trezor-rs.png
rtszivot	countries/serbia/rts-zivot-rs.png
rts1	countries/serbia/rts1-rs.png
rts2	countries/serbia/rts2-rs.png
rts3	countries/serbia/rts3-rs.png
rtv1	countries/serbia/rtv-1-rs.png
rtv2	countries/serbia/rtv-2-rs.png
rtvpancevo	countries/serbia/rtv-pancevo-rs.png
rtvbn2	countries/serbia/rtvbn-2-rs.png
rtvbn	countries/serbia/rtvbn-rs.png
soskanalplus	countries/serbia/sos-kanal-plus-rs.png
stingrayiconcerts	countries/serbia/stingray-iconcerts-rs.png
studiob	countries/serbia/studio-b-rs.png
supersat	countries/serbia/super-sat-rs.png
superstartv	countries/serbia/superstar-tv-rs.png
superstar2	countries/serbia/superstar2-rs.png
tanjugtv	countries/serbia/tanjug-tv-rs.png
toxicfolk	countries/serbia/toxic-folk-rs.png
toxicrap	countries/serbia/toxic-rap-rs.png
toxic	countries/serbia/toxic-rs.png
turizamtv	countries/serbia/turizam-tv-rs.png
tv5uzice	countries/serbia/tv-5-uzice-rs.png
tvdr	countries/serbia/tv-dr-rs.png
tvdugaplus	countries/serbia/tv-duga-plus-rs.png
tvfront	countries/serbia/tv-front-rs.png
tvhram	countries/serbia/tv-hram-rs.png
tvpartizan	countries/serbia/tv-partizan-rs.png
tvplus	countries/serbia/tv-plus-rs.png
tvvujic	countries/serbia/tv-vujic-rs.png
una	countries/serbia/una-rs.png
vesti	countries/serbia/vesti-rs.png
zadrugalive1	countries/serbia/zadruga-live-1-rs.png
zadrugalive2	countries/serbia/zadruga-live-2-rs.png
zadrugalive3	countries/serbia/zadruga-live-3-rs.png
zadrugalive4	countries/serbia/zadruga-live-4-rs.png
zdravljetv	countries/serbia/zdravlje-tv-rs.png
zvezdatv	countries/serbia/zvezda-tv-rs.png
asiatravelsg	countries/singapore/asia-travel-sg.png
cctv4sg	countries/singapore/cctv4-sg.png
channel5sg	countries/singapore/channel-5-sg.png
channel8sg	countries/singapore/channel-8-sg.png
channelusg	countries/singapore/channel-u-sg.png
cnasg	countries/singapore/cna-sg.png
gemsg	countries/singapore/gem-sg.png
hubecitysg	countries/singapore/hub-e-city-sg.png
hubpremier1sg	countries/singapore/hub-premier-1-sg.png
hubpremier10sg	countries/singapore/hub-premier-10-sg.png
hubpremier11sg	countries/singapore/hub-premier-11-sg.png
hubpremier2sg	countries/singapore/hub-premier-2-sg.png
hubpremier3sg	countries/singapore/hub-premier-3-sg.png
hubpremier4sg	countries/singapore/hub-premier-4-sg.png
hubpremier5sg	countries/singapore/hub-premier-5-sg.png
hubpremier6sg	countries/singapore/hub-premier-6-sg.png
hubpremier7sg	countries/singapore/hub-premier-7-sg.png
hubpremier8sg	countries/singapore/hub-premier-8-sg.png
hubpremier9sg	countries/singapore/hub-premier-9-sg.png
hubsensasisg	countries/singapore/hub-sensasi-sg.png
hubsports1sg	countries/singapore/hub-sports-1-sg.png
hubsports2sg	countries/singapore/hub-sports-2-sg.png
hubsports3sg	countries/singapore/hub-sports-3-sg.png
hubsports4sg	countries/singapore/hub-sports-4-sg.png
hubsports5sg	countries/singapore/hub-sports-5-sg.png
karismasg	countries/singapore/karisma-sg.png
live1sg	countries/singapore/live-1-sg.png
live2sg	countries/singapore/live-2-sg.png
liveplus1sg	countries/singapore/live-plus-1-sg.png
ohksg	countries/singapore/ohk-sg.png
1sg	countries/singapore/one-sg.png
suriasg	countries/singapore/suria-sg.png
vasanthamsg	countries/singapore/vasantham-sg.png
vijaytvsg	countries/singapore/vijay-tv-sg.png
csfilm	countries/slovakia/cs-film-sk.png
cshorror	countries/slovakia/cs-horror-sk.png
dvojka	countries/slovakia/dvojka-sk.png
folklorika	countries/slovakia/folklorika-sk.png
jednotka	countries/slovakia/jednotka-sk.png
joj24	countries/slovakia/joj-24-sk.png
jojplus	countries/slovakia/joj-plus-sk.png
joj	countries/slovakia/joj-sk.png
jojsport2	countries/slovakia/joj-sport-2-sk.png
jojsport	countries/slovakia/joj-sport-sk.png
jojwau	countries/slovakia/joj-wau-sk.png
jojko	countries/slovakia/jojko-sk.png
markizadajto	countries/slovakia/markiza-dajto-sk.png
markizadoma	countries/slovakia/markiza-doma-sk.png
markizakrimi	countries/slovakia/markiza-krimi-sk.png
markiza	countries/slovakia/markiza-sk.png
novainternational	countries/slovakia/nova-international-sk.png
parktv	countries/slovakia/park-tv-sk.png
rtvs24	countries/slovakia/rtvs-24-sk.png
rtvssport	countries/slovakia/rtvs-sport-sk.png
senzi	countries/slovakia/senzi-sk.png
skylink7	countries/slovakia/skylink-7-sk.png
ta3	countries/slovakia/ta3-sk.png
tukitv	countries/slovakia/tuki-tv-sk.png
tvosem	countries/slovakia/tv-osem-sk.png
brio	countries/slovenia/brio-si.png
kanala	countries/slovenia/kanal-a-si.png
nova24	countries/slovenia/nova-24-si.png
oto	countries/slovenia/oto-si.png
popkino	countries/slovenia/pop-kino-si.png
pop	countries/united-kingdom/pop-uk.png
rtvslo	countries/slovenia/rtvslo-si.png
tvslo1	countries/slovenia/tv-slo-1-si.png
tvslo2	countries/slovenia/tv-slo-2-si.png
tvslo3	countries/slovenia/tv-slo-3-si.png
1kzntv	countries/south-africa/1kzn-tv-za.png
1magic	countries/south-africa/1magic-za.png
baytv	countries/south-africa/bay-tv-za.png
businessdaytv	countries/south-africa/business-day-tv-za.png
capetowntv	countries/south-africa/cape-town-tv-za.png
channelo	countries/south-africa/channel-o-za.png
eextra	countries/south-africa/e-extra-za.png
emoviesextra	countries/south-africa/e-movies-extra-za.png
emovies	countries/south-africa/e-movies-za.png
enca	countries/south-africa/e-nca-za.png
enewsandsport	countries/south-africa/e-news-and-sport-za.png
ereality	countries/south-africa/e-reality-za.png
erewind	countries/south-africa/e-rewind-za.png
etoonz	countries/south-africa/e-toonz-za.png
etv	countries/south-africa/e-tv-za.png
flieknet	countries/south-africa/fliek-net-za.png
gautv	countries/south-africa/gau-tv-za.png
glowtv	countries/south-africa/glow-tv-za.png
ignition	countries/south-africa/ignition-za.png
itvchoice	countries/south-africa/itv-choice-za.png
kyknetandkie	countries/south-africa/kyknet-and-kie-za.png
kyknetlekker	countries/south-africa/kyknet-lekker-za.png
kyknetnou	countries/south-africa/kyknet-nou-za.png
kyknet	countries/south-africa/kyknet-za.png
lnbs	countries/south-africa/lnbs-za.png
mnetchannel101	countries/south-africa/m-net-channel-101-za.png
mnetchannelme	countries/south-africa/m-net-channel-me-za.png
mnetcity	countries/south-africa/m-net-city-za.png
mnet	countries/south-africa/m-net-hd-za.png
mnetmovies1	countries/south-africa/m-net-movies-1-za.png
mnetmovies2	countries/south-africa/m-net-movies-2-za.png
mnetmovies3	countries/south-africa/m-net-movies-3-za.png
mnetmovies4	countries/south-africa/m-net-movies-4-za.png
mnetmoviespremiere	countries/south-africa/m-net-movies-premiere-za.png
mnetmovies	countries/south-africa/m-net-movies-za.png
maishamagicbongo	countries/south-africa/maisha-magic-bongo-za.png
maishamagiceast	countries/south-africa/maisha-magic-east-za.png
maishamagicmovies	countries/south-africa/maisha-magic-movies-za.png
maishamagicplus	countries/south-africa/maisha-magic-plus-za.png
mindset	countries/south-africa/mindset-za.png
mojalove	countries/south-africa/moja-love-za.png
mtvbase	countries/united-kingdom/mtv-base-uk.png
mzansibioskop	countries/south-africa/mzansi-bioskop-za.png
mzansimagicmusic	countries/south-africa/mzansi-magic-music-za.png
mzansimagic	countries/south-africa/mzansi-magic-za.png
mzansiwethu	countries/south-africa/mzansi-wethu-za.png
newzroomafrika	countries/south-africa/newzroom-afrika-za.png
novelamagic	countries/south-africa/novela-magic-za.png
supersport1maximoobsolete	countries/south-africa/obsolete/supersport-1-maximo-za-obsolete.png
supersport1selectobsolete	countries/south-africa/obsolete/supersport-1-select-za-obsolete.png
supersport1obsolete	countries/south-africa/obsolete/supersport-1-za-obsolete.png
supersport10obsolete	countries/south-africa/obsolete/supersport-10-hd-za-obsolete.png
supersport11obsolete	countries/south-africa/obsolete/supersport-11-hd-za-obsolete.png
supersport12obsolete	countries/south-africa/obsolete/supersport-12-hd-za-obsolete.png
supersport2obsolete	countries/south-africa/obsolete/supersport-2-hd-za-obsolete.png
supersport2maximoobsolete	countries/south-africa/obsolete/supersport-2-maximo-za-obsolete.png
supersport2selectobsolete	countries/south-africa/obsolete/supersport-2-select-za-obsolete.png
supersport3obsolete	countries/south-africa/obsolete/supersport-3-hd-za-obsolete.png
supersport3maximoobsolete	countries/south-africa/obsolete/supersport-3-maximo-za-obsolete.png
supersport4obsolete	countries/south-africa/obsolete/supersport-4-hd-za-obsolete.png
supersport5obsolete	countries/south-africa/obsolete/supersport-5-hd-za-obsolete.png
supersport6obsolete	countries/south-africa/obsolete/supersport-6-hd-za-obsolete.png
supersport7obsolete	countries/south-africa/obsolete/supersport-7-hd-za-obsolete.png
supersport8obsolete	countries/south-africa/obsolete/supersport-8-hd-za-obsolete.png
supersport9obsolete	countries/south-africa/obsolete/supersport-9-hd-za-obsolete.png
supersportblitzobsolete	countries/south-africa/obsolete/supersport-blitz-hd-za-obsolete.png
supersportmaximo360obsolete	countries/south-africa/obsolete/supersport-maximo-360-za-obsolete.png
supersportselectobsolete	countries/south-africa/obsolete/supersport-select-za-obsolete.png
parliamentarytv	countries/south-africa/parliamentary-tv-za.png
pearlmagicprime	countries/south-africa/pearl-magic-prime-za.png
peoplesweather	countries/south-africa/peoples-weather-za.png
rok	countries/united-kingdom/rok-uk.png
sabc1	countries/south-africa/sabc-1-za.png
sabc2	countries/south-africa/sabc-2-za.png
sabc3	countries/south-africa/sabc-3-za.png
sabcnews	countries/south-africa/sabc-news-za.png
supersportactionbug	countries/south-africa/screen-bug/supersport-action-bug-za.png
supersportblitzbug	countries/south-africa/screen-bug/supersport-blitz-bug-za.png
supersportcricketbug	countries/south-africa/screen-bug/supersport-cricket-bug-za.png
supersportcsnbug	countries/south-africa/screen-bug/supersport-csn-bug-za.png
supersportfootballbug	countries/south-africa/screen-bug/supersport-football-bug-za.png
supersportfootballplusbug	countries/south-africa/screen-bug/supersport-football-plus-bug-za.png
supersportgolfbug	countries/south-africa/screen-bug/supersport-golf-bug-za.png
supersportgrandstandbug	countries/south-africa/screen-bug/supersport-grandstand-bug-za.png
supersportlaligabug	countries/south-africa/screen-bug/supersport-laliga-bug-za.png
supersportmaximo1bug	countries/south-africa/screen-bug/supersport-maximo1-bug-za.png
supersportmaximo2bug	countries/south-africa/screen-bug/supersport-maximo2-bug-za.png
supersportmotorsportbug	countries/south-africa/screen-bug/supersport-motorsport-bug-za.png
supersportplaybug	countries/south-africa/screen-bug/supersport-play-bug-za.png
supersportpremierleaguebug	countries/south-africa/screen-bug/supersport-premier-league-bug-za.png
supersportpslbug	countries/south-africa/screen-bug/supersport-psl-bug-za.png
supersportrugbybug	countries/south-africa/screen-bug/supersport-rugby-bug-za.png
supersporttennisbug	countries/south-africa/screen-bug/supersport-tennis-bug-za.png
supersportvariety1bug	countries/south-africa/screen-bug/supersport-variety1-bug-za.png
supersportvariety2bug	countries/south-africa/screen-bug/supersport-variety2-bug-za.png
supersportvariety3bug	countries/south-africa/screen-bug/supersport-variety3-bug-za.png
supersportvariety4bug	countries/south-africa/screen-bug/supersport-variety4-bug-za.png
supersportwwebug	countries/south-africa/screen-bug/supersport-wwe-bug-za.png
sowetotv	countries/south-africa/soweto-tv-za.png
supersportaction	countries/south-africa/supersport-action-za.png
supersportblitz	countries/south-africa/supersport-blitz-za.png
supersportcricket	countries/south-africa/supersport-cricket-za.png
supersportcsn	countries/south-africa/supersport-csn-za.png
supersportfootballplus	countries/south-africa/supersport-football-plus-za.png
supersportfootball	countries/south-africa/supersport-football-za.png
supersportgolf	countries/south-africa/supersport-golf-za.png
supersportgrandstand	countries/south-africa/supersport-grandstand-za.png
supersportlaliga	countries/south-africa/supersport-laliga-za.png
supersportmaximo1	countries/south-africa/supersport-maximo1-za.png
supersportmaximo2	countries/south-africa/supersport-maximo2-za.png
supersportmotorsport	countries/south-africa/supersport-motorsport-za.png
supersportplay	countries/south-africa/supersport-play-za.png
supersportpremierleague	countries/south-africa/supersport-premier-league-za.png
supersportpsl	countries/south-africa/supersport-psl-za.png
supersportrugby	countries/south-africa/supersport-rugby-za.png
supersporttennis	countries/south-africa/supersport-tennis-za.png
supersportvariety1	countries/south-africa/supersport-variety1-za.png
supersportvariety2	countries/south-africa/supersport-variety2-za.png
supersportvariety3	countries/south-africa/supersport-variety3-za.png
supersportvariety4	countries/south-africa/supersport-variety4-za.png
supersportwwe	countries/south-africa/supersport-wwe-za.png
supersport	countries/south-africa/supersport-za.png
thehomechannel	countries/south-africa/the-home-channel-za.png
tshwanetv	countries/south-africa/tshwane-tv-za.png
via	countries/south-africa/via-za.png
vuzu	countries/south-africa/vuzu-za.png
zambezimagic	countries/south-africa/zambezi-magic-za.png
24h	countries/spain/24h-es.png
324	countries/spain/3-24-es.png
7televisionregionmurcia	countries/spain/7-television-region-de-murcia-es.png
8tv	countries/spain/8tv-es.png
apunt	countries/spain/a-punt-es.png
accionpormovistarplus	countries/spain/accion-por-movistar-plus-es.png
allflamenco	countries/spain/all-flamenco-4k-es.png
amcbreak	countries/spain/amc-break-es.png
amccrime	countries/spain/amc-crime-es.png
amcselekt	countries/spain/amc-selekt-es.png
andaluciatv	countries/spain/andalucia-tv-es.png
aragontv	countries/spain/aragon-tv-es.png
barcatv	countries/spain/barca-tv-es.png
madtv	countries/spain/be-mad-tv-es.png
beteve	countries/spain/beteve-es.png
betistv	countries/spain/betis-tv-es.png
bomcine	countries/spain/bom-cine-es.png
calle13	countries/spain/calle-13-es.png
canal11lapalma	countries/spain/canal-11-la-palma-es.png
canal4tenerife	countries/spain/canal-4-tenerife-es.png
canalcocina	countries/spain/canal-cocina-es.png
canalextremadura	countries/spain/canal-extremadura-es.png
canalfutbolreplay	countries/spain/canal-futbol-replay-es.png
canalgaleria	countries/spain/canal-galeria-es.png
canalsur1	countries/spain/canal-sur-1-es.png
canalsur2	countries/spain/canal-sur-2-es.png
canalsurandalucia	countries/spain/canal-sur-andalucia-es.png
castillamancha	countries/spain/castilla-de-mancha-es.png
cazaypesca	countries/spain/caza-y-pesca-es.png
cazavision	countries/spain/cazavision-es.png
cero	countries/spain/cero-es.png
cgtnespanol	countries/spain/cgtn-espanol-es.png
cineespanolpormovistarplus	countries/spain/cine-espanol-por-movistar-plus-es.png
cinepormovistarplus	countries/spain/cine-por-movistar-plus-es.png
clan	countries/spain/clan-es.png
clasicospormovistarplus	countries/spain/clasicos-por-movistar-plus-es.png
comediapormovistarplus	countries/spain/comedia-por-movistar-plus-es.png
cosmo	countries/spain/cosmo-es.png
cuatro	countries/spain/cuatro-es.png
dark	countries/spain/dark-es.png
daznf1	countries/spain/dazn-f1-4k-es.png
daznlaliga2	countries/spain/dazn-laliga-2-es.png
daznlaliga3	countries/spain/dazn-laliga-3-es.png
daznlaliga4	countries/spain/dazn-laliga-4-es.png
daznlaliga5	countries/spain/dazn-laliga-5-es.png
daznlaliga	countries/spain/dazn-laliga-es.png
decasa	countries/spain/decasa-es.png
deportes2pormovistarplus	countries/spain/deportes-2-por-movistar-plus-es.png
deportes3pormovistarplus	countries/spain/deportes-3-por-movistar-plus-es.png
deportes4pormovistarplus	countries/spain/deportes-4-por-movistar-plus-es.png
deportes5pormovistarplus	countries/spain/deportes-5-por-movistar-plus-es.png
deportes6pormovistarplus	countries/spain/deportes-6-por-movistar-plus-es.png
deportes7pormovistarplus	countries/spain/deportes-7-por-movistar-plus-es.png
deportes8pormovistarplus	countries/spain/deportes-8-por-movistar-plus-es.png
deportespormovistarplus	countries/spain/deportes-por-movistar-plus-es.png
divinity	countries/spain/divinity-es.png
dkiss	countries/spain/dkiss-es.png
documentalespormovistarplus	countries/spain/documentales-por-movistar-plus-es.png
dramapormovistarplus	countries/spain/drama-por-movistar-plus-es.png
el33	countries/spain/el-33-es.png
eltorotv	countries/spain/el-toro-tv-es.png
ellasvamospormovistarplus	countries/spain/ellas-vamos-por-movistar-plus-es.png
energy	countries/spain/energy-es.png
escapatv	countries/spain/escapa-tv-es.png
esport3	countries/spain/esport-3-es.png
etbbasque	countries/spain/etb-basque-es.png
etb1	countries/spain/etb1-es.png
etb2	countries/spain/etb2-es.png
etb3	countries/spain/etb3-es.png
etb4	countries/spain/etb4-es.png
fdf	countries/spain/fdf-es.png
fibracattv	countries/spain/fibracat-tv-es.png
fibwi4	countries/spain/fibwi4-es.png
fightsports	countries/spain/fight-sports-es.png
galicia2	countries/spain/galicia-2-es.png
galicia	countries/spain/galicia-es.png
garagetv	countries/spain/garage-tv-es.png
gol	countries/spain/gol-es.png
golplay	countries/spain/gol-play-es.png
golf2pormovistarplus	countries/spain/golf-2-por-movistar-plus-es.png
golfpormovistarplus	countries/spain/golf-por-movistar-plus-es.png
ib3	countries/spain/ib3-es.png
iberaliatv	countries/spain/iberalia-tv-es.png
indiepormovistarplus	countries/spain/indie-por-movistar-plus-es.png
inti	countries/spain/inti-es.png
laocho	countries/spain/la-ocho-es.png
la8	countries/spain/la8-es.png
laligahdr2pormovistarplus	countries/spain/laliga-hdr-2-por-movistar-plus-es.png
laligahdrpormovistarplus	countries/spain/laliga-hdr-por-movistar-plus-es.png
laligatv2pormovistarplus	countries/spain/laliga-tv-2-por-movistar-plus-es.png
laligatv3pormovistarplus	countries/spain/laliga-tv-3-por-movistar-plus-es.png
laligatv4pormovistarplus	countries/spain/laliga-tv-4-por-movistar-plus-es.png
laligatv5pormovistarplus	countries/spain/laliga-tv-5-por-movistar-plus-es.png
laligatv6pormovistarplus	countries/spain/laliga-tv-6-por-movistar-plus-es.png
laligatv7pormovistarplus	countries/spain/laliga-tv-7-por-movistar-plus-es.png
laligatvhypermotion2	countries/spain/laliga-tv-hypermotion-2-es.png
laligatvhypermotion3	countries/spain/laliga-tv-hypermotion-3-es.png
laligatvhypermotion4	countries/spain/laliga-tv-hypermotion-4-es.png
laligatvhypermotion5	countries/spain/laliga-tv-hypermotion-5-es.png
laligatvhypermotion	countries/spain/laliga-tv-hypermotion-es.png
laligatvpormovistarplus	countries/spain/laliga-tv-por-movistar-plus-es.png
laotra	countries/spain/laotra-es.png
lasexta	countries/spain/lasexta-es.png
ligacampeones10pormovistarplus	countries/spain/liga-de-campeones-10-por-movistar-plus-es.png
ligacampeones11pormovistarplus	countries/spain/liga-de-campeones-11-por-movistar-plus-es.png
ligacampeones12pormovistarplus	countries/spain/liga-de-campeones-12-por-movistar-plus-es.png
ligacampeones13pormovistarplus	countries/spain/liga-de-campeones-13-por-movistar-plus-es.png
ligacampeones14pormovistarplus	countries/spain/liga-de-campeones-14-por-movistar-plus-es.png
ligacampeones15pormovistarplus	countries/spain/liga-de-campeones-15-por-movistar-plus-es.png
ligacampeones16pormovistarplus	countries/spain/liga-de-campeones-16-por-movistar-plus-es.png
ligacampeones17pormovistarplus	countries/spain/liga-de-campeones-17-por-movistar-plus-es.png
ligacampeones2hdrpormovistarplus	countries/spain/liga-de-campeones-2-hdr-por-movistar-plus-es.png
ligacampeones2pormovistarplus	countries/spain/liga-de-campeones-2-uhd-por-movistar-plus-es.png
ligacampeones3pormovistarplus	countries/spain/liga-de-campeones-3-por-movistar-plus-es.png
ligacampeones4pormovistarplus	countries/spain/liga-de-campeones-4-por-movistar-plus-es.png
ligacampeones5pormovistarplus	countries/spain/liga-de-campeones-5-por-movistar-plus-es.png
ligacampeones6pormovistarplus	countries/spain/liga-de-campeones-6-por-movistar-plus-es.png
ligacampeones7pormovistarplus	countries/spain/liga-de-campeones-7-por-movistar-plus-es.png
ligacampeones8pormovistarplus	countries/spain/liga-de-campeones-8-por-movistar-plus-es.png
ligacampeones9pormovistarplus	countries/spain/liga-de-campeones-9-por-movistar-plus-es.png
ligacampeoneshdrpormovistarplus	countries/spain/liga-de-campeones-hdr-por-movistar-plus-es.png
ligacampeonespormovistarplus	countries/spain/liga-de-campeones-por-movistar-plus-es.png
localia	countries/spain/localia-es.png
lollykids	countries/spain/lolly-kids-es.png
luxmallorcatv	countries/spain/lux-mallorca-tv-es.png
mega	countries/spain/mega-es.png
mirametv	countries/spain/mirame-tv-es.png
motoadv	countries/spain/moto-adv-es.png
movistarplus	countries/spain/movistar-plus-es.png
musicapormovistarplus	countries/spain/musica-por-movistar-plus-es.png
nauticalchannel	countries/united-states/nautical-channel-us.png
navarratelevision2	countries/spain/navarra-television-2-es.png
navarratelevision	countries/spain/navarra-television-es.png
negocios	countries/spain/negocios-es.png
neox	countries/spain/neox-es.png
odisea	countries/spain/odisea-4k-es.png
originalespormovistarplus	countries/spain/originales-por-movistar-plus-es.png
populartvcantabria	countries/spain/popular-tv-cantabria-es.png
populartvlarioja	countries/spain/popular-tv-la-rioja-es.png
populartvmelilla	countries/spain/popular-tv-melilla-es.png
qwesttvmix	countries/spain/qwest-tv-mix-es.png
realmadridtv	countries/spain/real-madrid-tv-es.png
rtvce	countries/spain/rtvce-es.png
runtime	countries/spain/run-time-es.png
selekt	countries/spain/selekt-es.png
seriespormovistarplus	countries/spain/series-por-movistar-plus-es.png
solmusica	countries/spain/sol-musica-es.png
somos	countries/spain/somos-es.png
speedfactor	countries/spain/speed-factor-es.png
squirreldos	countries/spain/squirrel-dos-es.png
star	countries/spain/star-es.png
stingrayfestival	countries/spain/stingray-festival-4k-es.png
super3el33	countries/spain/super3-el-33-es.png
super3	countries/spain/super3-es.png
suspensepormovistarplus	countries/spain/suspense-por-movistar-plus-es.png
tdp	countries/spain/tdp-es.png
teftelevisiodeivissaiformentera	countries/spain/tef-televisio-deivissa-i-formentera-es.png
telemadrid	countries/spain/tele-madrid-es.png
telecinco	countries/spain/telecinco-es.png
televisioncanaria	countries/spain/television-canaria-es.png
televisionmelilla	countries/spain/television-melilla-es.png
televisionmurciana	countries/spain/television-murciana-es.png
10	countries/spain/ten-es.png
toros	countries/spain/toros-es.png
tpa	countries/spain/tpa-es.png
tpa7	countries/spain/tpa7-es.png
tpa8	countries/spain/tpa8-es.png
tpa9	countries/spain/tpa9-es.png
trece	countries/spain/trece-es.png
tv3cat	countries/spain/tv3-cat-es.png
tve1	countries/spain/tve-1-es.png
tve2cat	countries/spain/tve-2-cat-es.png
tve2	countries/spain/tve-2-es.png
ubeat	countries/spain/u-beat-es.png
vamospormovistarplus	countries/spain/vamos-por-movistar-plus-es.png
veo7	countries/spain/veo7-es.png
xtrm	countries/spain/xtrm-es.png
4plus	countries/switzerland/4-plus-ch.png
6plus	countries/switzerland/6-plus-ch.png
7plus	countries/switzerland/7-plus-ch.png
curioustv	countries/switzerland/be-curious-tv-ch.png
boostertv	countries/switzerland/booster-tv-ch.png
canalalpha	countries/switzerland/canal-alpha-ch.png
canalalphaju	countries/switzerland/canal-alpha-ju-ch.png
canalalphane	countries/switzerland/canal-alpha-ne-ch.png
carac1	countries/switzerland/carac1-ch.png
carac2	countries/switzerland/carac2-ch.png
carac3	countries/switzerland/carac3-ch.png
carac4	countries/switzerland/carac4-ch.png
grandgenevetv	countries/switzerland/grand-geneve-tv-ch.png
latele	countries/switzerland/la-tele-ch.png
lemanbleutv	countries/switzerland/lemanbleu-tv-ch.png
lfmtv	countries/switzerland/lfm-tv-ch.png
maxtv	countries/switzerland/max-tv-ch.png
mysports10	countries/switzerland/my-sports-10-ch.png
mysports2	countries/switzerland/my-sports-2-ch.png
mysports3	countries/switzerland/my-sports-3-ch.png
mysports4	countries/switzerland/my-sports-4-ch.png
mysports5	countries/switzerland/my-sports-5-ch.png
mysports6	countries/switzerland/my-sports-6-ch.png
mysports7	countries/switzerland/my-sports-7-ch.png
mysports8	countries/switzerland/my-sports-8-ch.png
mysports9	countries/switzerland/my-sports-9-ch.png
mysportseins	countries/switzerland/my-sports-eins-ch.png
mysportsun	countries/switzerland/my-sports-un-ch.png
nickelodeonschweiz	countries/switzerland/nickelodeon-schweiz-ch.png
nrtv	countries/switzerland/nrtv-ch.png
rougetv	countries/switzerland/rouge-tv-ch.png
rsila1	countries/switzerland/rsi-la1-ch.png
rsila2	countries/switzerland/rsi-la2-ch.png
rtrtelevisiunrumantscha	countries/switzerland/rtr-televisiun-rumantscha-ch.png
rtsdeux	countries/switzerland/rts-deux-ch.png
rtsinfo	countries/switzerland/rts-info-ch.png
rtsun	countries/switzerland/rts-un-ch.png
s1	countries/switzerland/s1-ch.png
schaffhauserfernsehen	countries/switzerland/schaffhauser-fernsehen-ch.png
srf1	countries/switzerland/srf-1-ch.png
srfinfo	countries/switzerland/srf-info-ch.png
srfzwei	countries/switzerland/srf-zwei-ch.png
startv	countries/switzerland/star-tv-ch.png
swiss1	countries/switzerland/swiss1-ch.png
telebarn	countries/switzerland/tele-barn-ch.png
telebielingue	countries/switzerland/tele-bielingue-ch.png
telem1	countries/switzerland/tele-m1-ch.png
teleticino	countries/switzerland/tele-ticino-ch.png
teletop	countries/switzerland/tele-top-ch.png
telezuri	countries/switzerland/tele-zuri-ch.png
tele1	countries/switzerland/tele1-ch.png
telebasel	countries/switzerland/telebasel-ch.png
tvsudostschweiz	countries/switzerland/tv-sudostschweiz-ch.png
tv24	countries/switzerland/tv24-ch.png
tv25	countries/switzerland/tv25-ch.png
360	countries/turkey/360-tr.png
4eylul	countries/turkey/4-eylul-tr.png
ahaber	countries/turkey/a-haber-tr.png
anews	countries/turkey/a-news-tr.png
apara	countries/turkey/a-para-tr.png
aspor	countries/turkey/a-spor-tr.png
a2	countries/turkey/a2-tr.png
adatv	countries/turkey/ada-tv-tr.png
akittv	countries/turkey/akit-tv-tr.png
aksutv	countries/turkey/aksu-tv-tr.png
altastv	countries/turkey/altas-tv-tr.png
anadoludernek	countries/turkey/anadolu-dernek-tr.png
atvavrupa	countries/turkey/atv-avrupa-tr.png
baharturk	countries/turkey/bahar-turk-tr.png
bbnturk	countries/turkey/bbn-turk-tr.png
beinboxoffice1hz	countries/turkey/bein-box-office-1-hz-tr.png
beinboxoffice1	countries/turkey/bein-box-office-1-tr.png
beinboxoffice2hz	countries/turkey/bein-box-office-2-hz-tr.png
beinboxoffice2	countries/turkey/bein-box-office-2-tr.png
beinboxoffice3hz	countries/turkey/bein-box-office-3-hz-tr.png
beinboxoffice3	countries/turkey/bein-box-office-3-tr.png
beingurmehz	countries/turkey/bein-gurme-hd-hz-tr.png
beingurme	countries/turkey/bein-gurme-hd-tr.png
beinhandehz	countries/turkey/bein-h-and-e-hd-hz-tr.png
beinhande	countries/turkey/bein-h-and-e-hd-tr.png
bein	countries/turkey/bein-hd-tr.png
beinizhz	countries/turkey/bein-iz-hd-hz-tr.png
beiniz	countries/turkey/bein-iz-hd-tr.png
beinmoviesaction2hz	countries/turkey/bein-movies-action-2-hd-hz-tr.png
beinmoviesaction2	countries/turkey/bein-movies-action-2-hd-tr.png
beinmoviesactionhz	countries/turkey/bein-movies-action-hd-hz-tr.png
beinmoviesaction	countries/turkey/bein-movies-action-hd-tr.png
beinmoviesfamilyhz	countries/turkey/bein-movies-family-hd-hz-tr.png
beinmoviesfamily	countries/turkey/bein-movies-family-hd-tr.png
beinmoviespremiere2hz	countries/turkey/bein-movies-premiere-2-hd-hz-tr.png
beinmoviespremiere2	countries/turkey/bein-movies-premiere-2-hd-tr.png
beinmoviespremierehz	countries/turkey/bein-movies-premiere-hd-hz-tr.png
beinmoviespremiere	countries/turkey/bein-movies-premiere-hd-tr.png
beinmoviesstarshz	countries/turkey/bein-movies-stars-hd-hz-tr.png
beinmoviesstars	countries/turkey/bein-movies-stars-hd-tr.png
beinmoviesturkhz	countries/turkey/bein-movies-turk-hd-hz-tr.png
beinmoviesturk	countries/turkey/bein-movies-turk-hd-tr.png
beinseriescomedyhz	countries/turkey/bein-series-comedy-hd-hz-tr.png
beinseriescomedy	countries/turkey/bein-series-comedy-hd-tr.png
beinseriesdramahz	countries/turkey/bein-series-drama-hd-hz-tr.png
beinseriesdrama	countries/turkey/bein-series-drama-hd-tr.png
beinseriesscihz	countries/turkey/bein-series-sci-fi-hd-hz-tr.png
beinseriessci	countries/turkey/bein-series-sci-fi-hd-tr.png
beinseriesvicehz	countries/turkey/bein-series-vice-hd-hz-tr.png
beinseriesvice	countries/turkey/bein-series-vice-hd-tr.png
beinsportshaberhz	countries/turkey/bein-sports-haber-hz-tr.png
beinsportshaber	countries/turkey/bein-sports-haber-tr.png
benguturk	countries/turkey/bengu-turk-tr.png
berattv	countries/turkey/berat-tv-tr.png
beyaztv	countries/turkey/beyaz-tv-tr.png
beykenttv	countries/turkey/beykent-tv-tr.png
bizimevtv	countries/turkey/bizimev-tv-tr.png
bloomberght	countries/turkey/bloomberg-ht-tr.png
brt1	countries/turkey/brt-1-hd-tr.png
brt2	countries/turkey/brt-2-hd-tr.png
brt3	countries/turkey/brt-3-tr.png
brtv	countries/turkey/brtv-tr.png
bursasportv	countries/turkey/bursaspor-tv-tr.png
caytv	countries/turkey/cay-tv-tr.png
cemtv	countries/turkey/cem-tv-tr.png
ciftcitv	countries/turkey/ciftci-tv-tr.png
cnbce	countries/turkey/cnbc-e-tr.png
cnnturk	countries/turkey/cnn-turk-tr.png
cocuksmart	countries/turkey/cocuk-smart-hd-tr.png
diyanettv	countries/turkey/diyanet-tv-tr.png
diyartv	countries/turkey/diyar-tv-tr.png
dizismartmax	countries/turkey/dizi-smart-max-hd-tr.png
dizismartpremium	countries/turkey/dizi-smart-premium-hd-tr.png
dosttv	countries/turkey/dost-tv-tr.png
dreamturk	countries/turkey/dream-turk-tr.png
drtdenizli	countries/turkey/drt-denizli-tr.png
ebatvilkokul	countries/turkey/eba-tv-ilkokul-tr.png
ebatvlise	countries/turkey/eba-tv-lise-tr.png
ebatvortaokul	countries/turkey/eba-tv-ortaokul-tr.png
edessatv	countries/turkey/edessa-tv-tr.png
egetv	countries/turkey/ege-tv-tr.png
ekintvturk	countries/turkey/ekin-tv-turk-tr.png
ekoturk	countries/turkey/ekoturk-tr.png
eurod	countries/turkey/euro-d-tr.png
eurostar	countries/turkey/euro-star-tr.png
fashion1tv	countries/turkey/fashion-one-tv-tr.png
fenerbahcetv	countries/turkey/fenerbahce-tv-tr.png
fmtv	countries/turkey/fm-tv-tr.png
galatasaraytv	countries/turkey/galatasaray-tv-tr.png
gaziantepolaytv	countries/turkey/gaziantep-olay-tv-tr.png
guneydogutv	countries/turkey/guneydogu-tv-tr.png
haberglobal	countries/turkey/haber-global-tr.png
haberturk	countries/turkey/haberturk-tr.png
halktv	countries/turkey/halk-tv-tr.png
hrtakdeniz	countries/turkey/hrt-akdeniz-tr.png
hthayat	countries/turkey/ht-hayat-tr.png
kadirga	countries/turkey/kadirga-tr.png
kanal15	countries/turkey/kanal-15-tr.png
kanal16	countries/turkey/kanal-16-tr.png
kanal23	countries/turkey/kanal-23-tr.png
kanal26	countries/turkey/kanal-26-tr.png
kanal33	countries/turkey/kanal-33-tr.png
kanal42	countries/turkey/kanal-42-tr.png
kanal58	countries/turkey/kanal-58-tr.png
kanal7avrupa	countries/turkey/kanal-7-avrupa-tr.png
kanal7	countries/turkey/kanal-7-tr.png
kanalavrupa	countries/turkey/kanal-avrupa-tr.png
kanalb	countries/turkey/kanal-b-tr.png
kanalege	countries/turkey/kanal-ege-tr.png
kanalfirat	countries/turkey/kanal-firat-tr.png
kanalsim	countries/turkey/kanal-sim-tr.png
kanalt	countries/turkey/kanal-t-tr.png
kanalurfa	countries/turkey/kanal-urfa-tr.png
kanalv	countries/turkey/kanal-v-tr.png
kanalz	countries/turkey/kanal-z-tr.png
kardelentv	countries/turkey/kardelen-tv-tr.png
kentturk	countries/turkey/kent-turk-tr.png
kocaelitv	countries/turkey/kocaeli-tv-tr.png
kontv	countries/turkey/kon-tv-hd-tr.png
koytv	countries/turkey/koy-tv-tr.png
kozatv	countries/turkey/koza-tv-tr.png
kralpop	countries/turkey/kral-pop-tr.png
kraltv	countries/turkey/kral-tv-hd-tr.png
krt	countries/turkey/krt-tr.png
lalegultv	countries/turkey/lalegul-tv-tr.png
linetv	countries/turkey/line-tv-tr.png
manisatv	countries/turkey/manisa-tv-tr.png
mavikaradeniz	countries/turkey/mavi-karadeniz-tr.png
mercantv	countries/turkey/mercan-tv-tr.png
milyontv	countries/turkey/milyon-tv-tr.png
minikacocuk	countries/turkey/minika-cocuk-tr.png
minikago	countries/turkey/minika-go-tr.png
moviesmartaction	countries/turkey/movie-smart-action-hd-tr.png
moviesmartclassic	countries/turkey/movie-smart-classic-hd-tr.png
moviesmartfamily	countries/turkey/movie-smart-family-hd-tr.png
moviesmartfest	countries/turkey/movie-smart-fest-hd-tr.png
moviesmartgold	countries/turkey/movie-smart-gold-hd-tr.png
moviesmartplatin	countries/turkey/movie-smart-platin-hd-tr.png
moviesmartplatin2	countries/turkey/movie-smart-platin2-hd-tr.png
moviesmartpremium	countries/turkey/movie-smart-premium-hd-tr.png
moviesmartpremium2	countries/turkey/movie-smart-premium2-hd-tr.png
moviesmartturk	countries/turkey/movie-smart-turk-hd-tr.png
now	countries/turkey/now-tr.png
nr1ask	countries/turkey/nr1-ask-hd-tr.png
nr1damar	countries/turkey/nr1-damar-hd-tr.png
nr1dance	countries/turkey/nr1-dance-hd-tr.png
nr1	countries/turkey/nr1-hd-tr.png
nr1turk	countries/turkey/nr1-turk-hd-tr.png
on4tv	countries/turkey/on4-tv-tr.png
pamukkaletv	countries/turkey/pamukkale-tv-tr.png
planetcocuk	countries/turkey/planet-cocuk-tr.png
planetpembe	countries/turkey/planet-pembe-tr.png
planetsinema	countries/turkey/planet-sinema-tr.png
planetturk	countries/turkey/planet-turk-tr.png
planettv	countries/turkey/planet-tv-tr.png
powerturk	countries/turkey/powerturk-tr.png
rehbertv	countries/turkey/rehber-tv-tr.png
rumelitv	countries/turkey/rumeli-tv-tr.png
ssport2	countries/turkey/s-sport-2-tr.png
ssportplus	countries/turkey/s-sport-plus-tr.png
ssport	countries/turkey/s-sport-tr.png
sat7turk	countries/turkey/sat7-turk-tr.png
semerkandtv	countries/turkey/semerkand-tv-tr.png
showmax	countries/turkey/show-max-tr.png
show	countries/turkey/show-tr.png
showturk	countries/turkey/show-turk-tr.png
sinema1001hz	countries/turkey/sinema-1001-hz-tr.png
sinema1001	countries/turkey/sinema-1001-tr.png
sinema1002hz	countries/turkey/sinema-1002-hz-tr.png
sinema1002	countries/turkey/sinema-1002-tr.png
sinemaailehz	countries/turkey/sinema-aile-hz-tr.png
sinemaaile	countries/turkey/sinema-aile-tr.png
sinemaaile2hz	countries/turkey/sinema-aile2-hz-tr.png
sinemaaile2	countries/turkey/sinema-aile2-tr.png
sinemaaksiyonhz	countries/turkey/sinema-aksiyon-hz-tr.png
sinemaaksiyon	countries/turkey/sinema-aksiyon-tr.png
sinemaaksiyon2hz	countries/turkey/sinema-aksiyon2-hz-tr.png
sinemaaksiyon2	countries/turkey/sinema-aksiyon2-tr.png
sinemakomedihz	countries/turkey/sinema-komedi-hz-tr.png
sinemakomedi	countries/turkey/sinema-komedi-tr.png
sinemakomedi2hz	countries/turkey/sinema-komedi2-hz-tr.png
sinemakomedi2	countries/turkey/sinema-komedi2-tr.png
sinematvhz	countries/turkey/sinema-tv-hz-tr.png
sinematv	countries/turkey/sinema-tv-tr.png
sinematv2hz	countries/turkey/sinema-tv2-hz-tr.png
sinematv2	countries/turkey/sinema-tv2-tr.png
sinemayerlihz	countries/turkey/sinema-yerli-hz-tr.png
sinemayerli	countries/turkey/sinema-yerli-tr.png
sinemayerli2hz	countries/turkey/sinema-yerli2-hz-tr.png
sinemayerli2	countries/turkey/sinema-yerli2-tr.png
sporsmart	countries/turkey/spor-smart-hd-tr.png
sportstv	countries/turkey/sports-tv-tr.png
stingrayambiance	countries/turkey/stingray-ambiance-4k-tr.png
tarimturk	countries/turkey/tarim-turk-tr.png
tarimtv	countries/turkey/tarim-tv-tr.png
tatlisestv	countries/turkey/tatlises-tv-tr.png
taytv	countries/turkey/tay-tv-tr.png
tbmmtv	countries/turkey/tbmm-tv-tr.png
tekrumeli	countries/turkey/tek-rumeli-tr.png
tempotv	countries/turkey/tempo-tv-tr.png
teve2	countries/turkey/teve2-tr.png
tgrtbelgesel	countries/turkey/tgrt-belgesel-tr.png
tgrteu	countries/turkey/tgrt-eu-tr.png
tgrthaber	countries/turkey/tgrt-haber-tr.png
tivi6	countries/turkey/tivi6-tr.png
tjktv	countries/turkey/tjk-tv-tr.png
tmb	countries/turkey/tmb-tr.png
topraktv	countries/turkey/toprak-tv-tr.png
35	countries/turkey/tr-35-tr.png
trt1	countries/turkey/trt-1-hd-tr.png
trt2	countries/turkey/trt-2-tr.png
trt3spor	countries/turkey/trt-3-spor-tr.png
trt3	countries/turkey/trt-3-tr.png
trtarabi	countries/turkey/trt-arabi-tr.png
trtavaz	countries/turkey/trt-avaz-tr.png
trtbelgesel	countries/turkey/trt-belgesel-tr.png
trtcocuk	countries/turkey/trt-cocuk-tr.png
trtgen	countries/turkey/trt-genç-tr.png
trthaber	countries/turkey/trt-haber-hd-tr.png
trtkurdi	countries/turkey/trt-kurdi-tr.png
trtmuzik	countries/turkey/trt-muzik-tr.png
trtspor2	countries/turkey/trt-spor-2-tr.png
trtspor	countries/turkey/trt-spor-hd-tr.png
trtsporyildiz	countries/turkey/trt-spor-yildiz-tr.png
trtturk	countries/turkey/trt-turk-tr.png
trtworld	countries/turkey/trt-world-hd-tr.png
turkhaber	countries/turkey/turk-haber-tr.png
tv35	countries/turkey/tv-35-tr.png
tvden	countries/turkey/tv-den-tr.png
tvkayseri	countries/turkey/tv-kayseri-tr.png
tv1	countries/turkey/tv1-tr.png
tv264	countries/turkey/tv264-tr.png
tv52	countries/turkey/tv52-tr.png
tv8int	countries/turkey/tv8-int-tr.png
tv85	countries/turkey/tv85-tr.png
tvnet	countries/turkey/tvnet-tr.png
ucankus	countries/turkey/ucankus-tr.png
ulketv	countries/turkey/ulke-tv-tr.png
ulusaltv	countries/turkey/ulusal-tv-tr.png
uzayhaber	countries/turkey/uzay-haber-tr.png
uzaytv	countries/turkey/uzay-tv-tr.png
vatantv	countries/turkey/vatan-tv-tr.png
vavtv	countries/turkey/vav-tv-tr.png
vizyon58	countries/turkey/vizyon-58-tr.png
vizyonturk	countries/turkey/vizyon-turk-tr.png
yaban	countries/turkey/yaban-tr.png
yildizentv	countries/turkey/yildiz-en-tv-tr.png
yoltv	countries/turkey/yol-tv-tr.png
zaroktv	countries/turkey/zarok-tv-tr.png
1plus1international	countries/ukraine/1-plus-1-international-ua.png
1plus1marafon	countries/ukraine/1-plus-1-marafon-ua.png
1plus1	countries/ukraine/1-plus-1-ua.png
1plus1ukraina	countries/ukraine/1-plus-1-ukraina-ua.png
100news	countries/ukraine/100%-news-ua.png
2plus2	countries/ukraine/2-plus-2-ua.png
24kanal	countries/ukraine/24-kanal-ua.png
366tv	countries/ukraine/366-tv-ua.png
4evercinema	countries/ukraine/4ever-cinema-ua.png
4everdrama	countries/ukraine/4ever-drama-ua.png
4evermusic	countries/ukraine/4ever-music-ua.png
4evertheater	countries/ukraine/4ever-theater-ua.png
6	countries/ukraine/6-соток-ua.png
a1	countries/ukraine/a1-ua.png
armytv	countries/ukraine/army-tv-ua.png
bambarbiatv	countries/ukraine/bambarbia-tv-ua.png
bigudi	countries/ukraine/bigudi-ua.png
black	countries/ukraine/black-ua.png
bolt	countries/ukraine/bolt-ua.png
dim	countries/ukraine/dim-ua.png
enterfilm	countries/ukraine/enter-film-ua.png
espresotv	countries/ukraine/espreso-tv-ua.png
filmdrama	countries/ukraine/film-ua-drama-ua.png
freedom	countries/ukraine/freedom-ua.png
ictvukraine	countries/ukraine/ictv-ukraine-ua.png
ictv2	countries/ukraine/ictv2-ua.png
interplus	countries/ukraine/inter-plus-ua.png
inter	countries/ukraine/inter-ua.png
kvartaltv	countries/ukraine/kvartal-tv-ua.png
kyivtv	countries/ukraine/kyiv-tv-ua.png
mmoviehit	countries/ukraine/m-movie-hit-hd-ua.png
mparamountplus2	countries/ukraine/m-paramount-plus-2-hd-ua.png
mparamountplus3	countries/ukraine/m-paramount-plus-3-hd-ua.png
mparamountplus4	countries/ukraine/m-paramount-plus-4-hd-ua.png
mparamountplus5	countries/ukraine/m-paramount-plus-5-hd-ua.png
mparamountplus	countries/ukraine/m-paramount-plus-hd-ua.png
mseriestop2	countries/ukraine/m-series-top-2-ua.png
m	countries/ukraine/m-бойовик-hd-ua.png
maincastsport	countries/ukraine/maincast-sport-ua.png
myukrainaplus	countries/ukraine/my-ukraina-plus-ua.png
nickelodeonukraine	countries/ukraine/nickelodeon-ukraine-ua.png
nlotv1	countries/ukraine/nlo-tv-1-ua.png
nlotv2	countries/ukraine/nlo-tv-2-ua.png
novyikanal	countries/ukraine/novyi-kanal-ua.png
ntn	countries/ukraine/ntn-ua.png
oce	countries/ukraine/oce-ua.png
ostwest24	countries/ukraine/ost-west-24-ua.png
ostwest	countries/ukraine/ost-west-ua.png
paramountcomedy	countries/ukraine/paramount-comedy-ua.png
pershyi	countries/ukraine/pershyi-ua.png
pixeltv	countries/ukraine/pixel-tv-ua.png
plusplus	countries/ukraine/plusplus-ua.png
pryamiykanal	countries/ukraine/pryamiy-kanal-ua.png
radatv	countries/ukraine/rada-tv-ua.png
starfamily	countries/ukraine/star-family-ua.png
stb	countries/ukraine/stb-ua.png
suspilnekultura	countries/ukraine/suspilne-kultura-ua.png
tet	countries/ukraine/tet-ua.png
tv1000action	countries/ukraine/tv1000-action-ua.png
tv1000worldkino	countries/ukraine/tv1000-world-kino-ua.png
ukraine1	countries/ukraine/ukraine-1-ua.png
ukraine2	countries/ukraine/ukraine-2-ua.png
unian	countries/ukraine/unian-ua.png
viasatserial	countries/ukraine/viasat-serial-ua.png
megahit	countries/ukraine/vip-megahit-ua.png
serial	countries/ukraine/vip-serial-ua.png
vivalatino	countries/ukraine/viva-latino-ua.png
abudhabisportstv	countries/united-arab-emirates/abu-dhabi-sports-tv-ae.png
ajmantv	countries/united-arab-emirates/ajman-tv-ae.png
alarabiya	countries/united-arab-emirates/al-arabiya-ae.png
alarabiyaalhadath	countries/united-arab-emirates/al-arabiya-al-hadath-ae.png
aldafrahtv	countries/united-arab-emirates/al-dafrah-tv-ae.png
alemarattv	countries/united-arab-emirates/al-emarat-tv-ae.png
alrayyantv	countries/united-arab-emirates/al-rayyan-tv-ae.png
alruwadtv	countries/united-arab-emirates/al-ruwad-tv-ae.png
alsaudiya	countries/united-arab-emirates/al-saudiya-ae.png
alshallaltv	countries/united-arab-emirates/al-shallal-tv-ae.png
alwahatv	countries/united-arab-emirates/al-waha-tv-ae.png
alwoustafromaldhaid	countries/united-arab-emirates/al-wousta-from-al-dhaid-ae.png
alfaalyawm	countries/united-arab-emirates/alfa-al-yawm-ae.png
alfacinema1	countries/united-arab-emirates/alfa-cinema-1-ae.png
alfacinema2	countries/united-arab-emirates/alfa-cinema-2-ae.png
alfafann	countries/united-arab-emirates/alfa-fann-ae.png
alfamusicnow	countries/united-arab-emirates/alfa-music-now-ae.png
alfasafwa	countries/united-arab-emirates/alfa-safwa-ae.png
alfaserieschannel2	countries/united-arab-emirates/alfa-series-channel-2-ae.png
alfaserieschannel	countries/united-arab-emirates/alfa-series-channel-ae.png
baynounahtv	countries/united-arab-emirates/baynounah-tv-ae.png
capitaltv	countries/united-arab-emirates/capital-tv-ae.png
dubai1	countries/united-arab-emirates/dubai-one-ae.png
dubairacingtv	countries/united-arab-emirates/dubai-racing-tv-ae.png
dubaisportstv	countries/united-arab-emirates/dubai-sports-tv-ae.png
dubaitv	countries/united-arab-emirates/dubai-tv-ae.png
dubaizaman	countries/united-arab-emirates/dubai-zaman-ae.png
fujairahtv	countries/united-arab-emirates/fujairah-tv-ae.png
hawastv	countries/united-arab-emirates/hawas-tv-ae.png
kuwaitdrama	countries/united-arab-emirates/kuwait-drama-ae.png
majidtv	countries/united-arab-emirates/majid-tv-ae.png
mbc1	countries/united-arab-emirates/mbc-1-ae.png
mbc2	countries/united-arab-emirates/mbc-2-ae.png
mbc3	countries/united-arab-emirates/mbc-3-ae.png
mbc4	countries/united-arab-emirates/mbc-4-ae.png
mbc5	countries/united-arab-emirates/mbc-5-ae.png
mbcaction	countries/united-arab-emirates/mbc-action-ae.png
mbcbollywood	countries/united-arab-emirates/mbc-bollywood-ae.png
mbcdrama	countries/united-arab-emirates/mbc-drama-ae.png
mbciraq	countries/united-arab-emirates/mbc-iraq-ae.png
mbcmaser2	countries/united-arab-emirates/mbc-maser-2-ae.png
mbcmaser	countries/united-arab-emirates/mbc-maser-ae.png
mbcmax	countries/united-arab-emirates/mbc-max-ae.png
mbcpersia	countries/united-arab-emirates/mbc-persia-ae.png
mbcplusdrama	countries/united-arab-emirates/mbc-plus-drama-ae.png
mbcpluselife	countries/united-arab-emirates/mbc-plus-elife-ae.png
mbcpluspower	countries/united-arab-emirates/mbc-plus-power-ae.png
mbcplusvariety	countries/united-arab-emirates/mbc-plus-variety-ae.png
mbc	countries/united-arab-emirates/mbc-usa-ae.png
moonbug	countries/united-arab-emirates/moonbug-ae.png
nationalgeographicabudhabi	countries/united-arab-emirates/national-geographic-abu-dhabi-ae.png
noordubai	countries/united-arab-emirates/noor-dubai-ae.png
osntvcomedy	countries/united-arab-emirates/osn-tv-comedy-ae.png
osntvcrime	countries/united-arab-emirates/osn-tv-crime-ae.png
osntvkidzone	countries/united-arab-emirates/osn-tv-kid-zone-ae.png
osntvkids	countries/united-arab-emirates/osn-tv-kids-ae.png
osntvmezze	countries/united-arab-emirates/osn-tv-mezze-ae.png
osntvmoviesaction	countries/united-arab-emirates/osn-tv-movies-action-ae.png
osntvmoviescomedy	countries/united-arab-emirates/osn-tv-movies-comedy-ae.png
osntvmoviesfamily	countries/united-arab-emirates/osn-tv-movies-family-ae.png
osntvmovieshollywood	countries/united-arab-emirates/osn-tv-movies-hollywood-ae.png
osntvmovieshorror	countries/united-arab-emirates/osn-tv-movies-horror-ae.png
osntvmoviespremiere	countries/united-arab-emirates/osn-tv-movies-premiere-ae.png
osntvmoviespremiereplus2	countries/united-arab-emirates/osn-tv-movies-premiere-plus-2-ae.png
osntvnews	countries/united-arab-emirates/osn-tv-news-ae.png
osntvnow	countries/united-arab-emirates/osn-tv-now-ae.png
osntv1	countries/united-arab-emirates/osn-tv-one-ae.png
osntvpopup	countries/united-arab-emirates/osn-tv-pop-up-ae.png
osntvshowcase	countries/united-arab-emirates/osn-tv-showcase-ae.png
osntvshowcaseclassics	countries/united-arab-emirates/osn-tv-showcase-classics-ae.png
osntvyahala	countries/united-arab-emirates/osn-tv-yahala-ae.png
osntvyahalaaflam	countries/united-arab-emirates/osn-tv-yahala-aflam-ae.png
osntvyahalabilarabi	countries/united-arab-emirates/osn-tv-yahala-bil-arabi-ae.png
qatartv	countries/united-arab-emirates/qatar-tv-ae.png
samadubai	countries/united-arab-emirates/sama-dubai-ae.png
sbc	countries/united-arab-emirates/sbc-ae.png
sharjahtv	countries/united-arab-emirates/sharjah-tv-ae.png
sharqiyakalba	countries/united-arab-emirates/sharqiya-kalba-ae.png
wanasah	countries/united-arab-emirates/wanasah-ae.png
yastv	countries/united-arab-emirates/yas-tv-ae.png
zekrayattv	countries/united-arab-emirates/zekrayat-tv-ae.png
4moreplus	countries/united-kingdom/4-more-plus-uk.png
4more	countries/united-kingdom/4-more-uk.png
4music	countries/united-kingdom/4-music-uk.png
47	countries/united-kingdom/4-seven-uk.png
5action	countries/united-kingdom/5-action-uk.png
5select	countries/united-kingdom/5-select-uk.png
5starplus	countries/united-kingdom/5-star-plus-uk.png
5star	countries/united-kingdom/5-star-uk.png
5	countries/united-kingdom/5-usa-uk.png
92news	countries/united-kingdom/92-news-uk-uk.png
adultchannel	countries/united-kingdom/adult-channel-uk.png
aka	countries/united-kingdom/aka-uk.png
alibiplus	countries/united-kingdom/alibi-plus-uk.png
alibi	countries/united-kingdom/alibi-uk.png
aljazeera	countries/united-kingdom/aljazeera-uk.png
all4	countries/united-kingdom/all-4-uk.png
animalplanetplus	countries/united-kingdom/animal-planet-plus-uk.png
arisenews	countries/united-kingdom/arise-news-uk.png
ariseplay	countries/united-kingdom/arise-play-uk.png
aryfamily	countries/united-kingdom/ary-family-uk.png
babestvbrazzerstveurope	countries/united-kingdom/babes-tv-brazzers-tv-europe-uk.png
babestation	countries/united-kingdom/babestation-uk.png
bbcalba	countries/united-kingdom/bbc-alba-uk.png
bbccbbc	countries/united-kingdom/bbc-cbbc-uk.png
bbccymruwales	countries/united-kingdom/bbc-cymru-wales-uk.png
bbc4cbeebies	countries/united-kingdom/bbc-four-cbeebies-uk.png
bbc4	countries/united-kingdom/bbc-four-uk.png
bbcnewshz	countries/united-kingdom/bbc-news-hz-uk.png
bbcnewshzwhite	countries/united-kingdom/bbc-news-hz-white-uk.png
bbcnews	countries/united-kingdom/bbc-news-uk.png
bbcnorthernireland	countries/united-kingdom/bbc-northern-ireland-uk.png
bbc1northernireland	countries/united-kingdom/bbc-one-northern-ireland-uk.png
bbc1scotland	countries/united-kingdom/bbc-one-scotland-uk.png
bbc1	countries/united-kingdom/bbc-one-uk.png
bbc1wales	countries/united-kingdom/bbc-one-wales-uk.png
bbcparliamenthz	countries/united-kingdom/bbc-parliament-hz-uk.png
bbcparliament	countries/united-kingdom/bbc-parliament-uk.png
bbcredbutton	countries/united-kingdom/bbc-red-button-uk.png
bbcscotland	countries/united-kingdom/bbc-scotland-uk.png
bbc3cbbc	countries/united-kingdom/bbc-three-cbbc-uk.png
bbc3	countries/united-kingdom/bbc-three-uk.png
bbc2northernireland	countries/united-kingdom/bbc-two-northern-ireland-uk.png
bbc2	countries/united-kingdom/bbc-two-uk.png
bbc2wales	countries/united-kingdom/bbc-two-wales-uk.png
bbcworldnewshz	countries/united-kingdom/bbc-world-news-hz-uk.png
bbcworldnews	countries/united-kingdom/bbc-world-news-uk.png
bbcworldnewswhitehz	countries/united-kingdom/bbc-world-news-white-hz-uk.png
bbcworldservice	countries/united-kingdom/bbc-world-service-uk.png
bentv	countries/united-kingdom/ben-tv-uk.png
bestdirect	countries/united-kingdom/best-direct-uk.png
blazeplus	countries/united-kingdom/blaze-plus-uk.png
boxhits	countries/united-kingdom/box-hits-uk.png
boxnationhz	countries/united-kingdom/box-nation-hz-uk.png
boxnation	countries/united-kingdom/box-nation-uk.png
boxmas	countries/united-kingdom/boxmas-uk.png
britasiatv	countries/united-kingdom/brit-asia-tv-uk.png
btsport1	countries/united-kingdom/bt-sport-1-uk.png
btsport10	countries/united-kingdom/bt-sport-10-uk.png
btsport2	countries/united-kingdom/bt-sport-2-uk.png
btsport3	countries/united-kingdom/bt-sport-3-uk.png
btsport4	countries/united-kingdom/bt-sport-4-uk.png
btsport	countries/united-kingdom/bt-sport-4k-uhd-uk.png
btsport5	countries/united-kingdom/bt-sport-5-uk.png
btsport6	countries/united-kingdom/bt-sport-6-uk.png
btsport7	countries/united-kingdom/bt-sport-7-uk.png
btsport8	countries/united-kingdom/bt-sport-8-uk.png
btsport9	countries/united-kingdom/bt-sport-9-uk.png
btsportboxoffice2	countries/united-kingdom/bt-sport-box-office-2-uk.png
btsportboxofficeicon	countries/united-kingdom/bt-sport-box-office-icon-uk.png
btsportboxoffice	countries/united-kingdom/bt-sport-box-office-uk.png
btsportboxofficewwehz	countries/united-kingdom/bt-sport-box-office-wwe-hz-uk.png
btsportboxofficewweicon	countries/united-kingdom/bt-sport-box-office-wwe-icon-uk.png
btsportboxofficewwe	countries/united-kingdom/bt-sport-box-office-wwe-uk.png
btsportespnhz	countries/united-kingdom/bt-sport-espn-hz-uk.png
btsportespn	countries/united-kingdom/bt-sport-espn-uk.png
btsportmosaichz	countries/united-kingdom/bt-sport-mosaic-hz-uk.png
btsportmosaic	countries/united-kingdom/bt-sport-mosaic-uk.png
btsportultimatehz	countries/united-kingdom/bt-sport-ultimate-hz-uk.png
btsportultimate	countries/united-kingdom/bt-sport-ultimate-uk.png
citv	countries/united-kingdom/c-itv-uk.png
cbsdrama	countries/united-kingdom/cbs-drama-uk.png
cbsjusticeplus	countries/united-kingdom/cbs-justice-plus-uk.png
cbsjustice	countries/united-kingdom/cbs-justice-uk.png
cbsrealityplus	countries/united-kingdom/cbs-reality-plus-uk.png
ccxtv	countries/united-kingdom/ccx-tv-uk.png
challengeplus	countries/united-kingdom/challenge-plus-uk.png
challenge	countries/united-kingdom/challenge-uk.png
channel4plus	countries/united-kingdom/channel-4-plus-uk.png
channel4	countries/united-kingdom/channel-4-uk.png
channel5plus	countries/united-kingdom/channel-5-plus-uk.png
channel7	countries/united-kingdom/channel7-uk.png
chartshowretro	countries/united-kingdom/chart-show-retro-uk.png
chelseatvbadgehz	countries/united-kingdom/chelsea-tv-badge-hz-uk.png
chelseatvbadge	countries/united-kingdom/chelsea-tv-badge-uk.png
chelseatv	countries/united-kingdom/chelsea-tv-uk.png
christmas24plus	countries/united-kingdom/christmas-24-plus-uk.png
christmas24	countries/united-kingdom/christmas-24-uk.png
classichits	countries/united-kingdom/classic-hits-uk.png
clubland	countries/united-kingdom/clubland-uk.png
colorsgujarati	countries/united-kingdom/colors-gujarati-uk.png
comedycentralextraplushz	countries/united-kingdom/comedy-central-extra-plus-hz-uk.png
comedycentralextraplus	countries/united-kingdom/comedy-central-extra-plus-uk.png
comedycentralicon	countries/united-kingdom/comedy-central-icon-uk.png
comedycentralplusicon	countries/united-kingdom/comedy-central-plus-icon-uk.png
comedycentralplus	countries/united-kingdom/comedy-central-plus-uk.png
courttv	countries/united-kingdom/court-tv-uk.png
createandcraft	countries/united-kingdom/create-and-craft-uk.png
cricket365	countries/united-kingdom/cricket-365-uk.png
crimeandinvestigationplus	countries/united-kingdom/crime-and-investigation-plus-uk.png
cruise1sttv	countries/united-kingdom/cruise-1st-tv-uk.png
cula4	countries/united-kingdom/cula-4-uk.png
davejavu	countries/united-kingdom/dave-ja-vu-uk.png
dave	countries/united-kingdom/dave-uk.png
daznppv	countries/united-kingdom/dazn-ppv-uk.png
directstortv	countries/united-kingdom/direct-stortv-uk.png
discoverychannelicon2plus	countries/united-kingdom/discovery-channel-icon-2-plus-uk.png
discoverychannelicon2	countries/united-kingdom/discovery-channel-icon-2-uk.png
discoverychannelicon3plus	countries/united-kingdom/discovery-channel-icon-3-plus-uk.png
discoverychannelicon3	countries/united-kingdom/discovery-channel-icon-3-uk.png
discoverychanneliconplus	countries/united-kingdom/discovery-channel-icon-plus-uk.png
discoverychannelicon	countries/united-kingdom/discovery-channel-icon-uk.png
discoveryhistoryplus	countries/united-kingdom/discovery-history-plus-uk.png
discoveryhistory	countries/united-kingdom/discovery-history-uk.png
discoveryhomeandhealthicon	countries/united-kingdom/discovery-home-and-health-icon-uk.png
discoveryhomeandhealthplusicon	countries/united-kingdom/discovery-home-and-health-plus-icon-uk.png
discoveryhomeandhealthplus	countries/united-kingdom/discovery-home-and-health-plus-uk.png
discoveryscienceicon	countries/united-kingdom/discovery-science-icon-uk.png
discoveryscienceplusicon	countries/united-kingdom/discovery-science-plus-icon-uk.png
discoveryscienceplus	countries/united-kingdom/discovery-science-plus-uk.png
discoveryshed	countries/united-kingdom/discovery-shed-uk.png
discoveryturboplus	countries/united-kingdom/discovery-turbo-plus-uk.png
disneychannelplus	countries/united-kingdom/disney-channel-plus-uk.png
disneyxdplus	countries/united-kingdom/disney-xd-plus-uk.png
dmaxplus	countries/united-kingdom/dmax-plus-uk.png
dramaplus	countries/united-kingdom/drama-plus-uk.png
drama	countries/united-kingdom/drama-uk.png
e4extra	countries/united-kingdom/e-4-extra-uk.png
e4plus	countries/united-kingdom/e-4-plus-uk.png
e4	countries/united-kingdom/e-4-uk.png
emergency247	countries/united-kingdom/emergency-24-7-uk.png
eurosport3	countries/united-kingdom/eurosport-3-uk.png
eurosport4	countries/united-kingdom/eurosport-4-uk.png
eurosport5	countries/united-kingdom/eurosport-5-uk.png
eurosport6	countries/united-kingdom/eurosport-6-uk.png
eurosport7	countries/united-kingdom/eurosport-7-uk.png
eurosport8	countries/united-kingdom/eurosport-8-uk.png
eurosport9	countries/united-kingdom/eurosport-9-uk.png
eva	countries/united-kingdom/eva-uk.png
faith	countries/united-kingdom/faith-uk-uk.png
film4plus	countries/united-kingdom/film-4-plus-uk.png
foodnetworkplus	countries/united-kingdom/food-network-plus-uk.png
foodxp	countries/united-kingdom/food-xp-uk.png
forcestv	countries/united-kingdom/forces-tv-uk.png
freesports	countries/united-kingdom/free-sports-uk.png
gaago	countries/united-kingdom/gaa-go-uk.png
gbnews	countries/united-kingdom/gb-news-uk.png
gemporiacraft	countries/united-kingdom/gemporia-craft-uk.png
gemporia	countries/united-kingdom/gemporia-uk.png
getluckytv	countries/united-kingdom/get-lucky-tv-uk.png
goldplus	countries/united-kingdom/gold-plus-uk.png
gold	countries/united-kingdom/gold-uk.png
goodnewstv	countries/united-kingdom/good-news-tv-uk.png
greatactionplus	countries/united-kingdom/great-action-plus-uk.png
greataction	countries/united-kingdom/great-action-uk.png
greatchristmasplus	countries/united-kingdom/great-christmas-plus-uk.png
greatchristmas	countries/united-kingdom/great-christmas-uk.png
greatmovies	countries/united-kingdom/great-movies-uk.png
greatmysteryplus	countries/united-kingdom/great-mystery-plus-uk.png
greatmystery	countries/united-kingdom/great-mystery-uk.png
greatromance	countries/united-kingdom/great-romance-uk.png
greattvplus	countries/united-kingdom/great-tv-plus-uk.png
greattv	countries/united-kingdom/great-tv-uk.png
itv1	countries/united-kingdom/hd/itv-1-hd-uk.png
itv2	countries/united-kingdom/hd/itv-2-hd-uk.png
itv3	countries/united-kingdom/hd/itv-3-hd-uk.png
itv4	countries/united-kingdom/hd/itv-4-hd-uk.png
itvquiz	countries/united-kingdom/hd/itv-quiz-hd-uk.png
lfctv	countries/united-kingdom/hd/lfctv-hd-uk.png
mutv	countries/united-kingdom/hd/mutv-hd-uk.png
paramountnetworkicon	countries/united-kingdom/hd/paramount-network-icon-hd-uk.png
paramountnetworkiconlight	countries/united-kingdom/hd/paramount-network-icon-light-hd-uk.png
paramountnetworklight	countries/united-kingdom/hd/paramount-network-light-hd-uk.png
pick	countries/united-kingdom/hd/pick-hd-uk.png
premiersports1	countries/united-kingdom/hd/premier-sports-1-hd-uk.png
quest	countries/united-kingdom/hd/quest-hd-uk.png
qvcbeauty	countries/united-kingdom/hd/qvc-beauty-hd-uk.png
racingtv	countries/united-kingdom/hd/racing-tv-hd-uk.png
s4c	countries/united-kingdom/hd/s4c-hd-uk.png
skyarts	countries/united-kingdom/hd/sky-arts-hd-uk.png
skycinema5starmovies	countries/united-kingdom/hd/sky-cinema-5-star-movies-hd-uk.png
skycinemaadventure	countries/united-kingdom/hd/sky-cinema-adventure-hd-uk.png
skycinemaanimationhz	countries/united-kingdom/hd/sky-cinema-animation-hd-hz-uk.png
skycinemaanimation	countries/united-kingdom/hd/sky-cinema-animation-hd-uk.png
skycinemaassassins	countries/united-kingdom/hd/sky-cinema-assassins-hd-uk.png
skycinemabacktoschool	countries/united-kingdom/hd/sky-cinema-back-to-school-hd-uk.png
skycinemabatman	countries/united-kingdom/hd/sky-cinema-batman-alt-hd-uk.png
skycinemabatmanhz	countries/united-kingdom/hd/sky-cinema-batman-hd-hz-uk.png
skycinemabestof2020	countries/united-kingdom/hd/sky-cinema-best-of-2020-hd-uk.png
skycinemabestof2021	countries/united-kingdom/hd/sky-cinema-best-of-2021-hd-uk.png
skycinemabestofthe80s	countries/united-kingdom/hd/sky-cinema-best-of-the-80s-hd-uk.png
skycinemablockbusters	countries/united-kingdom/hd/sky-cinema-blockbusters-hd-uk.png
skycinemabookday	countries/united-kingdom/hd/sky-cinema-book-day-hd-uk.png
skycinemacopsandrobbers	countries/united-kingdom/hd/sky-cinema-cops-and-robbers-hd-uk.png
skycinemacornetto	countries/united-kingdom/hd/sky-cinema-cornetto-hd-uk.png
skycinemadivergent	countries/united-kingdom/hd/sky-cinema-divergent-hd-uk.png
skycinemaepic	countries/united-kingdom/hd/sky-cinema-epic-hd-uk.png
skycinemafastandfurious	countries/united-kingdom/hd/sky-cinema-fast-and-furious-alt-hd-uk.png
skycinemafastandfurioushz	countries/united-kingdom/hd/sky-cinema-fast-and-furious-hz-hd-uk.png
skycinemafeelgood	countries/united-kingdom/hd/sky-cinema-feel-good-hd-uk.png
skycinemagangsters	countries/united-kingdom/hd/sky-cinema-gangsters-hd-uk.png
skycinemagodfather	countries/united-kingdom/hd/sky-cinema-godfather-hd-uk.png
skycinemagreatshz	countries/united-kingdom/hd/sky-cinema-greats-hd-hz-uk.png
skycinemagreats	countries/united-kingdom/hd/sky-cinema-greats-hd-uk.png
skycinemahalloween	countries/united-kingdom/hd/sky-cinema-halloween-hd-uk.png
skycinemaharrypotter	countries/united-kingdom/hd/sky-cinema-harry-potter-alt-hd-uk.png
skycinemaharrypotterhz	countries/united-kingdom/hd/sky-cinema-harry-potter-hd-hz-uk.png
skycinemahitshz	countries/united-kingdom/hd/sky-cinema-hits-hd-hz-uk.png
skycinemahits	countries/united-kingdom/hd/sky-cinema-hits-hd-uk.png
skycinemaindianajones	countries/united-kingdom/hd/sky-cinema-indiana-jones-hd-uk.png
skycinemajokers	countries/united-kingdom/hd/sky-cinema-jokers-hd-uk.png
skycinemakidsbooks	countries/united-kingdom/hd/sky-cinema-kids-books-hd-uk.png
skycinemakillermovies	countries/united-kingdom/hd/sky-cinema-killer-movies-hd-uk.png
skycinemalordoftherings	countries/united-kingdom/hd/sky-cinema-lord-of-the-rings-alt-hd-uk.png
skycinemalordoftheringshz	countries/united-kingdom/hd/sky-cinema-lord-of-the-rings-hd-hz-uk.png
skycinemamagic	countries/united-kingdom/hd/sky-cinema-magic-hd-uk.png
skycinemamegahits	countries/united-kingdom/hd/sky-cinema-megahits-hd-uk.png
skycinemamisfits	countries/united-kingdom/hd/sky-cinema-misfits-hd-uk.png
skycinemamonsters	countries/united-kingdom/hd/sky-cinema-monsters-hd-uk.png
skycinemamusic	countries/united-kingdom/hd/sky-cinema-music-hd-uk.png
skycinemamusicals	countries/united-kingdom/hd/sky-cinema-musicals-hd-uk.png
skycinemamustseemovies	countries/united-kingdom/hd/sky-cinema-must-see-movies-hd-uk.png
skycinemaoriginalvsremake	countries/united-kingdom/hd/sky-cinema-original-vs-remake-hd-uk.png
skycinemaoscars	countries/united-kingdom/hd/sky-cinema-oscars-alt-hd-uk.png
skycinemaoscarshz	countries/united-kingdom/hd/sky-cinema-oscars-hd-hz-uk.png
skycinemaraceagainsttime	countries/united-kingdom/hd/sky-cinema-race-against-time-hd-uk.png
skycinemaroadmovies	countries/united-kingdom/hd/sky-cinema-road-movies-hd-uk.png
skycinemasciandhorrorhz	countries/united-kingdom/hd/sky-cinema-sci-fi-and-horror-hd-hz-uk.png
skycinemasciandhorror	countries/united-kingdom/hd/sky-cinema-sci-fi-and-horror-hd-uk.png
skycinemaselecthz	countries/united-kingdom/hd/sky-cinema-select-hd-hz-uk.png
skycinemaselect	countries/united-kingdom/hd/sky-cinema-select-hd-uk.png
skycinemaspaceweek	countries/united-kingdom/hd/sky-cinema-space-week-hd-uk.png
skycinemaspies	countries/united-kingdom/hd/sky-cinema-spies-hd-uk.png
skycinemaspooky	countries/united-kingdom/hd/sky-cinema-spooky-hd-uk.png
skycinemastarwars	countries/united-kingdom/hd/sky-cinema-star-wars-alt-hd-uk.png
skycinemastarwarshz	countries/united-kingdom/hd/sky-cinema-star-wars-hd-hz-uk.png
skycinemasuperheroes	countries/united-kingdom/hd/sky-cinema-superheroes-alt-hd-uk.png
skycinemasuperheroeshz	countries/united-kingdom/hd/sky-cinema-superheroes-hd-hz-uk.png
skycinemathematrix	countries/united-kingdom/hd/sky-cinema-the-matrix-hd-uk.png
skycinematransformers	countries/united-kingdom/hd/sky-cinema-transformers-alt-hd-uk.png
skycinematransformersalt2hz	countries/united-kingdom/hd/sky-cinema-transformers-alt2-hd-hz-uk.png
skycinematransformershz	countries/united-kingdom/hd/sky-cinema-transformers-hd-hz-uk.png
skycinemavalentine	countries/united-kingdom/hd/sky-cinema-valentine-hd-uk.png
skycinemavengeance	countries/united-kingdom/hd/sky-cinema-vengeance-hd-uk.png
skycinemavillains	countries/united-kingdom/hd/sky-cinema-villains-hd-uk.png
skycinemawizardingworld	countries/united-kingdom/hd/sky-cinema-wizarding-world-hd-uk.png
skycinemawomenfilm	countries/united-kingdom/hd/sky-cinema-women-in-film-hd-uk.png
skydocs	countries/united-kingdom/hd/sky-docs-hd-uk.png
skydocslight	countries/united-kingdom/hd/sky-docs-light-hd-uk.png
skydocumentarieslight	countries/united-kingdom/hd/sky-documentaries-light-hd-uk.png
skyhistory2	countries/united-kingdom/hd/sky-history-2-hd-uk.png
skyhistory2light	countries/united-kingdom/hd/sky-history-2-light-hd-uk.png
skyhistory	countries/united-kingdom/hd/sky-history-hd-uk.png
skyhistorylight	countries/united-kingdom/hd/sky-history-light-uk.png
skymax	countries/united-kingdom/hd/sky-max-hd-uk.png
skymix	countries/united-kingdom/hd/sky-mix-hd-uk.png
skynaturelight	countries/united-kingdom/hd/sky-nature-light-hd-uk.png
skysportsactionhz	countries/united-kingdom/hd/sky-sports-action-hd-hz-uk.png
skysportsaction	countries/united-kingdom/hd/sky-sports-action-hd-uk.png
skysportsarenahz	countries/united-kingdom/hd/sky-sports-arena-hd-hz-uk.png
skysportsarena	countries/united-kingdom/hd/sky-sports-arena-hd-uk.png
skysportsboxofficehz	countries/united-kingdom/hd/sky-sports-box-office-hd-hz-uk.png
skysportsboxoffice	countries/united-kingdom/hd/sky-sports-box-office-hd-uk.png
skysportscrickethz	countries/united-kingdom/hd/sky-sports-cricket-hd-hz-uk.png
skysportscricket	countries/united-kingdom/hd/sky-sports-cricket-hd-uk.png
skysportsdartshz	countries/united-kingdom/hd/sky-sports-darts-hd-hz-uk.png
skysportsdarts	countries/united-kingdom/hd/sky-sports-darts-hd-uk.png
skysportsf1hz	countries/united-kingdom/hd/sky-sports-f1-hd-hz-uk.png
skysportsf1	countries/united-kingdom/hd/sky-sports-f1-hd-uk.png
skysportsfootballhz	countries/united-kingdom/hd/sky-sports-football-hd-hz-uk.png
skysportsfootball	countries/united-kingdom/hd/sky-sports-football-hd-uk.png
skysportsgolfhz	countries/united-kingdom/hd/sky-sports-golf-hd-hz-uk.png
skysportsgolf	countries/united-kingdom/hd/sky-sports-golf-hd-uk.png
skysportshz	countries/united-kingdom/hd/sky-sports-hd-hz-uk.png
skysportsmaineventhz	countries/united-kingdom/hd/sky-sports-main-event-hd-hz-uk.png
skysportsmainevent	countries/united-kingdom/hd/sky-sports-main-event-hd-uk.png
skysportsmaineventultrahdr	countries/united-kingdom/hd/sky-sports-main-event-ultra-hdr-uk.png
skysportsmastershz	countries/united-kingdom/hd/sky-sports-masters-hd-hz-uk.png
skysportsmasters	countries/united-kingdom/hd/sky-sports-masters-hd-uk.png
skysportsmixhz	countries/united-kingdom/hd/sky-sports-mix-hd-hz-uk.png
skysportsmix	countries/united-kingdom/hd/sky-sports-mix-hd-uk.png
skysportsnewshz	countries/united-kingdom/hd/sky-sports-news-hd-hz-uk.png
skysportsnews	countries/united-kingdom/hd/sky-sports-news-hd-uk.png
skysportsnflhz	countries/united-kingdom/hd/sky-sports-nfl-hd-hz-uk.png
skysportsnfl	countries/united-kingdom/hd/sky-sports-nfl-hd-uk.png
skysportsplushz	countries/united-kingdom/hd/sky-sports-plus-hd-hz-uk.png
skysportspremierleaguehz	countries/united-kingdom/hd/sky-sports-premier-league-hd-hz-uk.png
skysportspremierleague	countries/united-kingdom/hd/sky-sports-premier-league-hd-uk.png
skysportsracinghz	countries/united-kingdom/hd/sky-sports-racing-hd-hz-uk.png
skysportsracing	countries/united-kingdom/hd/sky-sports-racing-hd-uk.png
skysportsrydercuphz	countries/united-kingdom/hd/sky-sports-ryder-cup-hd-hz-uk.png
skysportsrydercup	countries/united-kingdom/hd/sky-sports-ryder-cup-hd-uk.png
skysportstennishz	countries/united-kingdom/hd/sky-sports-tennis-hd-hz-uk.png
skysportstennis	countries/united-kingdom/hd/sky-sports-tennis-hd-uk.png
skysportsthehundredhz	countries/united-kingdom/hd/sky-sports-the-hundred-hd-hz-uk.png
skysportsthehundred	countries/united-kingdom/hd/sky-sports-the-hundred-hd-uk.png
skysportsthelionshz	countries/united-kingdom/hd/sky-sports-the-lions-hd-hz-uk.png
skysportsthelions	countries/united-kingdom/hd/sky-sports-the-lions-hd-uk.png
skysportstheopenhz	countries/united-kingdom/hd/sky-sports-the-open-hd-hz-uk.png
skysportstheopen	countries/united-kingdom/hd/sky-sports-the-open-hd-uk.png
skysportstheplayershz	countries/united-kingdom/hd/sky-sports-the-players-hd-hz-uk.png
skysportstheplayers	countries/united-kingdom/hd/sky-sports-the-players-hd-uk.png
skysports	countries/united-kingdom/hd/sky-sports-uhd-uk.png
skysportsworldcuphz	countries/united-kingdom/hd/sky-sports-world-cup-hd-hz-uk.png
skysportsworldcup	countries/united-kingdom/hd/sky-sports-world-cup-hd-uk.png
skywitness	countries/united-kingdom/hd/sky-witness-hd-uk.png
stv	countries/united-kingdom/hd/stv-hd-uk.png
tjc	countries/united-kingdom/hd/tjc-hd-uk.png
tntsports1	countries/united-kingdom/hd/tnt-sports-1-hd-uk.png
tntsports10	countries/united-kingdom/hd/tnt-sports-10-hd-uk.png
tntsports2	countries/united-kingdom/hd/tnt-sports-2-hd-uk.png
tntsports3	countries/united-kingdom/hd/tnt-sports-3-hd-uk.png
tntsports4	countries/united-kingdom/hd/tnt-sports-4-hd-uk.png
tntsports5	countries/united-kingdom/hd/tnt-sports-5-hd-uk.png
tntsports6	countries/united-kingdom/hd/tnt-sports-6-hd-uk.png
tntsports7	countries/united-kingdom/hd/tnt-sports-7-hd-uk.png
tntsports8	countries/united-kingdom/hd/tnt-sports-8-hd-uk.png
tntsports9	countries/united-kingdom/hd/tnt-sports-9-hd-uk.png
tntsportsboxoffice2	countries/united-kingdom/hd/tnt-sports-box-office-2-hd-uk.png
tntsportsboxoffice	countries/united-kingdom/hd/tnt-sports-box-office-hd-uk.png
uanddave	countries/united-kingdom/hd/u-and-dave-hd-uk.png
uandw	countries/united-kingdom/hd/u-and-w-hd-uk.png
uandyesterday	countries/united-kingdom/hd/u-and-yesterday-hd-uk.png
hgtvplus	countries/united-kingdom/hgtv-plus-uk.png
hiimpacttv	countries/united-kingdom/hi-impact-tv-uk.png
highstreettv	countries/united-kingdom/high-street-tv-uk.png
hochanda	countries/united-kingdom/hochanda-uk.png
horrorchannelplus	countries/united-kingdom/horror-channel-plus-uk.png
horrorchannel	countries/united-kingdom/horror-channel-uk.png
horrorxtraplus	countries/united-kingdom/horror-xtra-plus-uk.png
horrorxtra	countries/united-kingdom/horror-xtra-uk.png
idealworld	countries/united-kingdom/ideal-world-uk.png
investigationdiscoveryplus	countries/united-kingdom/investigation-discovery-plus-uk.png
islamchannel	countries/united-kingdom/islam-channel-uk.png
islamtv	countries/united-kingdom/islam-tv-uk.png
itv1plus	countries/united-kingdom/itv-1-plus-uk.png
itv2plus	countries/united-kingdom/itv-2-plus-uk.png
itv3plus	countries/united-kingdom/itv-3-plus-uk.png
itv4plus	countries/united-kingdom/itv-4-plus-uk.png
itvplus	countries/united-kingdom/itv-be-plus-uk.png
itvencoreplus	countries/united-kingdom/itv-encore-plus-uk.png
itvencore	countries/united-kingdom/itv-encore-uk.png
itvxclassiccomedy	countries/united-kingdom/itvx-classic-comedy-uk.png
itvxclassicmovies	countries/united-kingdom/itvx-classic-movies-uk.png
itvxcomedy247	countries/united-kingdom/itvx-comedy-24-7-uk.png
itvxcrimedrama	countries/united-kingdom/itvx-crime-drama-uk.png
itvxessextv	countries/united-kingdom/itvx-essex-tv-uk.png
itvxhellskitchen	countries/united-kingdom/itvx-hells-kitchen-uk.png
itvxitvclassics	countries/united-kingdom/itvx-itv-classics-uk.png
itvxitvsigned	countries/united-kingdom/itvx-itv-signed-uk.png
itvxkids	countries/united-kingdom/itvx-kids-uk.png
itvxlegouniverse	countries/united-kingdom/itvx-lego-universe-uk.png
itvxloveislandinternational	countries/united-kingdom/itvx-love-island-international-uk.png
itvxloveisland	countries/united-kingdom/itvx-love-island-uk.png
itvxlovedup	countries/united-kingdom/itvx-loved-up-uk.png
itvxmassivelaughs	countries/united-kingdom/itvx-massive-laughs-uk.png
itvxmidsomermurders	countries/united-kingdom/itvx-midsomer-murders-uk.png
itvxoutofthisworld	countries/united-kingdom/itvx-out-of-this-world-uk.png
itvxreality247	countries/united-kingdom/itvx-reality-24-7-uk.png
itvxsaturdaynighteverynight	countries/united-kingdom/itvx-saturday-night-every-night-uk.png
itvxthechase	countries/united-kingdom/itvx-the-chase-uk.png
itvxtherealhousewives	countries/united-kingdom/itvx-the-real-housewives-uk-uk.png
itvxtruecrimeinternational	countries/united-kingdom/itvx-true-crime-international-uk.png
itvxunwind	countries/united-kingdom/itvx-unwind-uk.png
itvxvera	countries/united-kingdom/itvx-vera-uk.png
itvxworldofmorse	countries/united-kingdom/itvx-world-of-morse-uk.png
itvxxmasmovies	countries/united-kingdom/itvx-xmas-movies-uk.png
jewellerymaker	countries/united-kingdom/jewellery-maker-uk.png
jml	countries/united-kingdom/jml-uk.png
kerrangtv	countries/united-kingdom/kerrang-tv-uk.png
ketchuptv	countries/united-kingdom/ketchup-tv-uk.png
kicctv	countries/united-kingdom/kicc-tv-uk.png
legend	countries/united-kingdom/legend-uk.png
legendxtraplus	countries/united-kingdom/legend-xtra-plus-uk.png
legendxtra	countries/united-kingdom/legend-xtra-uk.png
live360	countries/united-kingdom/live-360-uk.png
localtvbirmingham	countries/united-kingdom/local-tv-birmingham-uk.png
localtvbristol	countries/united-kingdom/local-tv-bristol-uk.png
localtvcardiff	countries/united-kingdom/local-tv-cardiff-uk.png
localtvleeds	countries/united-kingdom/local-tv-leeds-uk.png
localtvliverpool	countries/united-kingdom/local-tv-liverpool-uk.png
localtvmanchester	countries/united-kingdom/local-tv-manchester-uk.png
localtvnorthwales	countries/united-kingdom/local-tv-north-wales-uk.png
localtvteesside	countries/united-kingdom/local-tv-teesside-uk.png
localtvtyneandwear	countries/united-kingdom/local-tv-tyne-and-wear-uk.png
localtv	countries/united-kingdom/local-tv-uk.png
londonlive	countries/united-kingdom/london-live-uk.png
loveworld	countries/united-kingdom/loveworld-uk.png
meetthebabes	countries/united-kingdom/meet-the-babes-uk.png
movies24plus	countries/united-kingdom/movies-24-plus-uk.png
mtvlove	countries/united-kingdom/mtv-love-uk.png
mtvmusicplus	countries/united-kingdom/mtv-music-plus-uk.png
mtvomghz	countries/united-kingdom/mtv-omg-hz-uk.png
mtvomg	countries/united-kingdom/mtv-omg-uk.png
mtvpride	countries/united-kingdom/mtv-pride-uk.png
mtvrocks	countries/united-kingdom/mtv-rocks-uk.png
mtvsummer	countries/united-kingdom/mtv-summer-uk.png
mtvxmas	countries/united-kingdom/mtv-xmas-uk.png
my5	countries/united-kingdom/my-5-uk.png
mytv	countries/united-kingdom/mytv-uk.png
nbcnewsnow	countries/united-kingdom/nbc-news-now-uk.png
newmedia	countries/united-kingdom/new-media-uk.png
nick2	countries/united-kingdom/nick-2-uk.png
nickhorridhenry	countries/united-kingdom/nick-horrid-henry-uk.png
nickjrpawpatrol	countries/united-kingdom/nick-jr-paw-patrol-uk.png
nickjrpeppa	countries/united-kingdom/nick-jr-peppa-uk.png
nickjrtoo	countries/united-kingdom/nick-jr-too-uk.png
nickspongebob	countries/united-kingdom/nick-spongebob-uk.png
now70s	countries/united-kingdom/now-70s-uk.png
now80s	countries/united-kingdom/now-80s-uk.png
now90s	countries/united-kingdom/now-90s-uk.png
nowchristmas	countries/united-kingdom/now-christmas-uk.png
nowrock	countries/united-kingdom/now-rock-uk.png
skycinemadisney	countries/united-kingdom/obsolete/sky-cinema-disney-alt-hd-uk.png
skycinemadisneyhz	countries/united-kingdom/obsolete/sky-cinema-disney-hd-hz-uk.png
sonychannellighthz	countries/united-kingdom/obsolete/sony-channel-light-hz-uk.png
sonychannelpluslighthz	countries/united-kingdom/obsolete/sony-channel-plus-light-hz-uk.png
sonychannelplus	countries/united-kingdom/obsolete/sony-channel-plus-uk.png
sonymoviesactionlighthz	countries/united-kingdom/obsolete/sony-movies-action-light-hz-uk.png
sonymoviesactionpluslighthz	countries/united-kingdom/obsolete/sony-movies-action-plus-light-hz-uk.png
sonymoviesactionplus	countries/united-kingdom/obsolete/sony-movies-action-plus-uk.png
sonymoviesaction	countries/united-kingdom/obsolete/sony-movies-action-uk.png
sonymovieschristmasplus	countries/united-kingdom/obsolete/sony-movies-christmas-plus-uk.png
sonymovieschristmas	countries/united-kingdom/obsolete/sony-movies-christmas-uk.png
sonymoviesclassiclighthz	countries/united-kingdom/obsolete/sony-movies-classic-light-hz-uk.png
sonymoviesclassicpluslighthz	countries/united-kingdom/obsolete/sony-movies-classic-plus-light-hz-uk.png
sonymoviesclassicplus	countries/united-kingdom/obsolete/sony-movies-classic-plus-uk.png
sonymoviesclassic	countries/united-kingdom/obsolete/sony-movies-classic-uk.png
sonymovieslighthz	countries/united-kingdom/obsolete/sony-movies-light-hz-uk.png
sonymoviespluslighthz	countries/united-kingdom/obsolete/sony-movies-plus-light-hz-uk.png
sonymoviesplus	countries/united-kingdom/obsolete/sony-movies-plus-uk.png
skysportsactionicon	countries/united-kingdom/other/sky-sports-action-icon-alt-uk.png
skysportsarenaicon	countries/united-kingdom/other/sky-sports-arena-icon-alt-uk.png
skysportsboxofficeicon	countries/united-kingdom/other/sky-sports-box-office-icon-alt-uk.png
skysportscricketicon	countries/united-kingdom/other/sky-sports-cricket-icon-alt-uk.png
skysportsdartsicon	countries/united-kingdom/other/sky-sports-darts-icon-alt-uk.png
skysportsf1icon	countries/united-kingdom/other/sky-sports-f1-icon-alt-uk.png
skysportsfootballicon	countries/united-kingdom/other/sky-sports-football-icon-alt-uk.png
skysportsgolficon	countries/united-kingdom/other/sky-sports-golf-icon-alt-uk.png
skysportsicon	countries/united-kingdom/other/sky-sports-icon-alt-uk.png
skysportsmaineventicon	countries/united-kingdom/other/sky-sports-main-event-icon-alt-uk.png
skysportsmastersicon	countries/united-kingdom/other/sky-sports-masters-icon-alt-uk.png
skysportsmixicon	countries/united-kingdom/other/sky-sports-mix-icon-alt-uk.png
skysportsnewsicon	countries/united-kingdom/other/sky-sports-news-icon-alt-uk.png
skysportsnflicon	countries/united-kingdom/other/sky-sports-nfl-icon-alt-uk.png
skysportspremierleagueicon	countries/united-kingdom/other/sky-sports-premier-league-icon-alt-uk.png
skysportsracingicon	countries/united-kingdom/other/sky-sports-racing-icon-alt-uk.png
skysportsthehundredicon	countries/united-kingdom/other/sky-sports-the-hundred-icon-alt-uk.png
skysportsthelionsicon	countries/united-kingdom/other/sky-sports-the-lions-icon-alt-uk.png
skysportstheopenicon	countries/united-kingdom/other/sky-sports-the-open-icon-alt-uk.png
skysportstheplayersicon	countries/united-kingdom/other/sky-sports-the-players-icon-alt-uk.png
skysportsworldcupicon	countries/united-kingdom/other/sky-sports-world-cup-icon-alt-uk.png
paramountnetworkpluslight	countries/united-kingdom/paramount-network-plus-light-uk.png
paramountnetworkplus	countries/united-kingdom/paramount-network-plus-uk.png
pbsamericaplus	countries/united-kingdom/pbs-america-plus-uk.png
pbsamerica	countries/united-kingdom/pbs-america-uk.png
pickmonkeyrescue	countries/united-kingdom/pick-monkey-rescue-uk.png
pickparanormal	countries/united-kingdom/pick-paranormal-uk.png
pickplus	countries/united-kingdom/pick-plus-uk.png
pitaaramovies	countries/united-kingdom/pitaara-movies-uk.png
popmaxplus	countries/united-kingdom/pop-max-plus-uk.png
popmax	countries/united-kingdom/pop-max-uk.png
popplus	countries/united-kingdom/pop-plus-uk.png
psychictoday	countries/united-kingdom/psychic-today-uk.png
purebabes	countries/united-kingdom/pure-babes-uk.png
questplus	countries/united-kingdom/quest-plus-uk.png
questredplus	countries/united-kingdom/quest-red-plus-uk.png
questred	countries/united-kingdom/quest-red-uk.png
qvcextra	countries/united-kingdom/qvc-extra-uk.png
realityxtra	countries/united-kingdom/reality-xtra-uk.png
reallyplus	countries/united-kingdom/really-plus-uk.png
really	countries/united-kingdom/really-uk.png
revelationtv	countries/united-kingdom/revelation-tv-uk.png
rewindtv	countries/united-kingdom/rewind-tv-uk.png
s4cdau2	countries/united-kingdom/s4c-dau-two-uk.png
disneychannelbug	countries/united-kingdom/screen-bug/disney-channel-bug-uk.png
skyhistorybug	countries/united-kingdom/screen-bug/sky-history-bug-uk.png
skysportsactionbughz	countries/united-kingdom/screen-bug/sky-sports-action-bug-hz-uk.png
skysportsactionbug	countries/united-kingdom/screen-bug/sky-sports-action-bug-uk.png
skysportsarenabughz	countries/united-kingdom/screen-bug/sky-sports-arena-bug-hz-uk.png
skysportsarenabug	countries/united-kingdom/screen-bug/sky-sports-arena-bug-uk.png
skysportsboxofficebughz	countries/united-kingdom/screen-bug/sky-sports-box-office-bug-hz-uk.png
skysportsboxofficebug	countries/united-kingdom/screen-bug/sky-sports-box-office-bug-uk.png
skysportsbug	countries/united-kingdom/screen-bug/sky-sports-bug-uk.png
skysportscricketbughz	countries/united-kingdom/screen-bug/sky-sports-cricket-bug-hz-uk.png
skysportscricketbug	countries/united-kingdom/screen-bug/sky-sports-cricket-bug-uk.png
skysportsdartsbughz	countries/united-kingdom/screen-bug/sky-sports-darts-bug-hz-uk.png
skysportsdartsbug	countries/united-kingdom/screen-bug/sky-sports-darts-bug-uk.png
skysportsf1bughz	countries/united-kingdom/screen-bug/sky-sports-f1-bug-hz-uk.png
skysportsf1bug	countries/united-kingdom/screen-bug/sky-sports-f1-bug-uk.png
skysportsf1ultrahdrbug	countries/united-kingdom/screen-bug/sky-sports-f1-ultra-hdr-bug-uk.png
skysportsfootballbughz	countries/united-kingdom/screen-bug/sky-sports-football-bug-hz-uk.png
skysportsfootballbug	countries/united-kingdom/screen-bug/sky-sports-football-bug-uk.png
skysportsgolfbughz	countries/united-kingdom/screen-bug/sky-sports-golf-bug-hz-uk.png
skysportsgolfbug	countries/united-kingdom/screen-bug/sky-sports-golf-bug-uk.png
skysportsmaineventbughz	countries/united-kingdom/screen-bug/sky-sports-main-event-bug-hz-uk.png
skysportsmaineventbug	countries/united-kingdom/screen-bug/sky-sports-main-event-bug-uk.png
skysportsmaineventultrahdrbug	countries/united-kingdom/screen-bug/sky-sports-main-event-ultra-hdr-bug-uk.png
skysportsmastersbughz	countries/united-kingdom/screen-bug/sky-sports-masters-bug-hz-uk.png
skysportsmastersbug	countries/united-kingdom/screen-bug/sky-sports-masters-bug-uk.png
skysportsmixbughz	countries/united-kingdom/screen-bug/sky-sports-mix-bug-hz-uk.png
skysportsmixbug	countries/united-kingdom/screen-bug/sky-sports-mix-bug-uk.png
skysportsnewsbughz	countries/united-kingdom/screen-bug/sky-sports-news-bug-hz-uk.png
skysportsnewsbug	countries/united-kingdom/screen-bug/sky-sports-news-bug-uk.png
skysportsnflbughz	countries/united-kingdom/screen-bug/sky-sports-nfl-bug-hz-uk.png
skysportsnflbug	countries/united-kingdom/screen-bug/sky-sports-nfl-bug-uk.png
skysportsplusbug	countries/united-kingdom/screen-bug/sky-sports-plus-bug-uk.png
skysportspremierleaguebughz	countries/united-kingdom/screen-bug/sky-sports-premier-league-bug-hz-uk.png
skysportspremierleaguebug	countries/united-kingdom/screen-bug/sky-sports-premier-league-bug-uk.png
skysportsracingbughz	countries/united-kingdom/screen-bug/sky-sports-racing-bug-hz-uk.png
skysportsracingbug	countries/united-kingdom/screen-bug/sky-sports-racing-bug-uk.png
skysportsrydercupbughz	countries/united-kingdom/screen-bug/sky-sports-ryder-cup-bug-hz-uk.png
skysportsrydercupbug	countries/united-kingdom/screen-bug/sky-sports-ryder-cup-bug-uk.png
skysportstennisbughz	countries/united-kingdom/screen-bug/sky-sports-tennis-bug-hz-uk.png
skysportstennisbug	countries/united-kingdom/screen-bug/sky-sports-tennis-bug-uk.png
skysportsthehundredbughz	countries/united-kingdom/screen-bug/sky-sports-the-hundred-bug-hz-uk.png
skysportsthehundredbug	countries/united-kingdom/screen-bug/sky-sports-the-hundred-bug-uk.png
skysportsthelionsbughz	countries/united-kingdom/screen-bug/sky-sports-the-lions-bug-hz-uk.png
skysportsthelionsbug	countries/united-kingdom/screen-bug/sky-sports-the-lions-bug-uk.png
skysportstheopenbughz	countries/united-kingdom/screen-bug/sky-sports-the-open-bug-hz-uk.png
skysportstheopenbug	countries/united-kingdom/screen-bug/sky-sports-the-open-bug-uk.png
skysportstheplayersbughz	countries/united-kingdom/screen-bug/sky-sports-the-players-bug-hz-uk.png
skysportstheplayersbug	countries/united-kingdom/screen-bug/sky-sports-the-players-bug-uk.png
skysportsworldcupbughz	countries/united-kingdom/screen-bug/sky-sports-world-cup-bug-hz-uk.png
skysportsworldcupbug	countries/united-kingdom/screen-bug/sky-sports-world-cup-bug-uk.png
shopextra	countries/united-kingdom/shop-extra-uk.png
shoppingquarter	countries/united-kingdom/shopping-quarter-uk.png
skyartistoftheyear	countries/united-kingdom/sky-artist-of-the-year-uk.png
skyartsicon	countries/united-kingdom/sky-arts-icon-uk.png
skyatlanticicon	countries/united-kingdom/sky-atlantic-icon-uk.png
skycinemaactionicon	countries/united-kingdom/sky-cinema-action-icon-uk.png
skycinemaanimationicon	countries/united-kingdom/sky-cinema-animation-icon-uk.png
skycinemacomedyicon	countries/united-kingdom/sky-cinema-comedy-icon-uk.png
skycinemadramaicon	countries/united-kingdom/sky-cinema-drama-icon-uk.png
skycinemafamilyicon	countries/united-kingdom/sky-cinema-family-icon-uk.png
skycinemagreatsicon	countries/united-kingdom/sky-cinema-greats-icon-uk.png
skycinemahitsicon	countries/united-kingdom/sky-cinema-hits-icon-uk.png
skycinemaicon	countries/united-kingdom/sky-cinema-icon-uk.png
skycinemapremiereicon	countries/united-kingdom/sky-cinema-premiere-icon-uk.png
skycinemapremiereplushz	countries/united-kingdom/sky-cinema-premiere-plus-hz-uk.png
skycinemapremiereplusicon	countries/united-kingdom/sky-cinema-premiere-plus-icon-uk.png
skycinemapremiereplus	countries/united-kingdom/sky-cinema-premiere-plus-uk.png
skycinemascihorroricon	countries/united-kingdom/sky-cinema-sci-fi-horror-icon-uk.png
skycinemaselecticon	countries/united-kingdom/sky-cinema-select-icon-uk.png
skycinemathrillericon	countries/united-kingdom/sky-cinema-thriller-icon-uk.png
skycinematransformersalt2	countries/united-kingdom/sky-cinema-transformers-alt2-uk.png
skycomedyicon	countries/united-kingdom/sky-comedy-icon-uk.png
skycomedyplus	countries/united-kingdom/sky-comedy-plus-uk.png
skycrimeicon	countries/united-kingdom/sky-crime-icon-uk.png
skydocumentariesicon	countries/united-kingdom/sky-documentaries-icon-uk.png
skyhistory2icon	countries/united-kingdom/sky-history-2-icon-uk.png
skyhistory2mono	countries/united-kingdom/sky-history-2-mono-uk.png
skyhistoryicon	countries/united-kingdom/sky-history-icon-uk.png
skyhistorymono	countries/united-kingdom/sky-history-mono-uk.png
skyhistorypluslight	countries/united-kingdom/sky-history-plus-light-uk.png
skyhistoryplus	countries/united-kingdom/sky-history-plus-uk.png
skykidsicon	countries/united-kingdom/sky-kids-icon-uk.png
skymaxicon	countries/united-kingdom/sky-max-icon-uk.png
skymixicon	countries/united-kingdom/sky-mix-icon-uk.png
skynatureicon	countries/united-kingdom/sky-nature-icon-uk.png
skynewsicon	countries/united-kingdom/sky-news-icon-uk.png
sky1icon	countries/united-kingdom/sky-one-icon-uk.png
sky1plus	countries/united-kingdom/sky-one-plus-uk.png
skyreplayicon	countries/united-kingdom/sky-replay-icon-uk.png
skysciicon	countries/united-kingdom/sky-sci-fi-icon-uk.png
skyshowcaseicon	countries/united-kingdom/sky-showcase-icon-uk.png
skyshowcaseplus	countries/united-kingdom/sky-showcase-plus-uk.png
skysportsplusicon	countries/united-kingdom/sky-sports-plus-icon-uk.png
skysportsredbutton	countries/united-kingdom/sky-sports-red-button-uk.png
skysportsrydercupicon	countries/united-kingdom/sky-sports-ryder-cup-icon-uk.png
skysportstennisicon	countries/united-kingdom/sky-sports-tennis-icon-uk.png
skystoreicon	countries/united-kingdom/sky-store-icon-uk.png
sky2plus	countries/united-kingdom/sky-two-plus-uk.png
sky2	countries/united-kingdom/sky-two-uk.png
skywitnessicon	countries/united-kingdom/sky-witness-icon-uk.png
skywitnessplus	countries/united-kingdom/sky-witness-plus-uk.png
smiletv3	countries/united-kingdom/smile-tv3-uk.png
sony1comedytv	countries/united-kingdom/sony-one-comedy-tv-uk.png
sportystufftv	countries/united-kingdom/sporty-stuff-tv-uk.png
spotlight	countries/united-kingdom/spotlight-uk.png
starz	countries/united-kingdom/starz-uk.png
studio66	countries/united-kingdom/studio-66-uk.png
stvplus	countries/united-kingdom/stv-plus-uk.png
stvwhite	countries/united-kingdom/stv-white-uk.png
syfyplushz	countries/united-kingdom/syfy-plus-hz-uk.png
syfyplus	countries/united-kingdom/syfy-plus-uk.png
talktv	countries/united-kingdom/talk-tv-uk.png
talkingpicturestv	countries/united-kingdom/talking-pictures-tv-uk.png
tbn	countries/united-kingdom/tbn-uk.png
tcmmoviesplus	countries/united-kingdom/tcm-movies-plus-uk.png
televisionx	countries/united-kingdom/television-x-uk.png
thane	countries/united-kingdom/thane-uk.png
thats60s	countries/united-kingdom/thats-60s-uk.png
thats70s	countries/united-kingdom/thats-70s-uk.png
thats80s	countries/united-kingdom/thats-80s-uk.png
thats90s	countries/united-kingdom/thats-90s-uk.png
thatschristmas	countries/united-kingdom/thats-christmas-uk.png
thatsdance	countries/united-kingdom/thats-dance-uk.png
thatsfabulous	countries/united-kingdom/thats-fabulous-uk.png
thatsmelody	countries/united-kingdom/thats-melody-uk.png
thatsmemories	countries/united-kingdom/thats-memories-uk.png
thatsrock	countries/united-kingdom/thats-rock-uk.png
thatstv2	countries/united-kingdom/thats-tv-2-uk.png
thatstvchristmas	countries/united-kingdom/thats-tv-christmas-uk.png
thatstvgold	countries/united-kingdom/thats-tv-gold-uk.png
thatstv	countries/united-kingdom/thats-tv-uk.png
thebox	countries/united-kingdom/the-box-uk.png
thecraftstore	countries/united-kingdom/the-craft-store-uk.png
tinypopplus	countries/united-kingdom/tiny-pop-plus-uk.png
tinypop	countries/united-kingdom/tiny-pop-uk.png
tjcthejewellerychannel	countries/united-kingdom/tjc-the-jewellery-channel-uk.png
tlcplus	countries/united-kingdom/tlc-plus-uk.png
tntsportsultimate	countries/united-kingdom/tnt-sports-ultimate-uk.png
togethertvplus	countries/united-kingdom/together-tv-plus-uk.png
togethertv	countries/united-kingdom/together-tv-uk.png
tracehits	countries/united-kingdom/trace-hits-uk.png
tracevault	countries/united-kingdom/trace-vault-uk.png
tracexmas	countries/united-kingdom/trace-xmas-uk.png
truecrimeplus	countries/united-kingdom/true-crime-plus-uk.png
truecrime	countries/united-kingdom/true-crime-uk-uk.png
truecrimextra	countries/united-kingdom/true-crime-xtra-uk.png
tvwarehouse	countries/united-kingdom/tv-warehouse-uk.png
tvx40plus	countries/united-kingdom/tvx-40-plus-uk.png
uandalibi	countries/united-kingdom/u-and-alibi-uk.png
uandcreative	countries/united-kingdom/u-and-creative-uk.png
uanddavejavu	countries/united-kingdom/u-and-dave-javu-uk.png
uanddramaplus	countries/united-kingdom/u-and-drama-plus-uk.png
uanddrama	countries/united-kingdom/u-and-drama-uk.png
uandeden	countries/united-kingdom/u-and-eden-uk.png
uandgold	countries/united-kingdom/u-and-gold-uk.png
uandlaughs	countries/united-kingdom/u-and-laughs-uk.png
uandrealheroes	countries/united-kingdom/u-and-real-heroes-uk.png
uandthepast	countries/united-kingdom/u-and-the-past-uk.png
uandtransport	countries/united-kingdom/u-and-transport-uk.png
uandwplus	countries/united-kingdom/u-and-w-plus-uk.png
uandyesterdayplus	countries/united-kingdom/u-and-yesterday-plus-uk.png
utvplus	countries/united-kingdom/u-tv-plus-uk.png
universal	countries/united-kingdom/universal-uk.png
utsavbharat	countries/united-kingdom/utsav-bharat-uk.png
viaplaysports1hz	countries/united-kingdom/viaplay-sports-1-hz-uk.png
viaplaysports1	countries/united-kingdom/viaplay-sports-1-uk.png
viaplaysports2hz	countries/united-kingdom/viaplay-sports-2-hz-uk.png
viaplaysports2	countries/united-kingdom/viaplay-sports-2-uk.png
viceland	countries/united-kingdom/viceland-uk.png
voxafrica	countries/united-kingdom/voxafrica-uk.png
wnetworkplus	countries/united-kingdom/w-network-plus-uk.png
watchfree	countries/united-kingdom/watch-free-uk-uk.png
xpanded	countries/united-kingdom/xpanded-uk.png
xxxcollege	countries/united-kingdom/xxx-college-uk.png
xxxgirlgirl	countries/united-kingdom/xxx-girl-girl-uk.png
xxxmums	countries/united-kingdom/xxx-mums-uk.png
xxxpublicpickups	countries/united-kingdom/xxx-public-pickups-uk.png
yanga	countries/united-kingdom/yanga-uk.png
yesterdayplus	countries/united-kingdom/yesterday-plus-uk.png
yesterday	countries/united-kingdom/yesterday-uk.png
3abndaretodreamnetwork	countries/united-states/3abn-dare-to-dream-network-us.png
3abnkidsnetwork	countries/united-states/3abn-kids-network-us.png
3abnlatinonetwork	countries/united-states/3abn-latino-network-us.png
3abnpraisehimmusicnetwork	countries/united-states/3abn-praise-him-music-network-us.png
3abnproclaimnetwork	countries/united-states/3abn-proclaim-network-us.png
3abn	countries/united-states/3abn-us.png
abcliveevent	countries/united-states/abc-live-event-us.png
abclocalish	countries/united-states/abc-localish-us.png
abclogo1962	countries/united-states/abc-logo-1962-us.png
abclogo2008	countries/united-states/abc-logo-2008-us.png
abclogo2013aluminum	countries/united-states/abc-logo-2013-aluminum-us.png
abclogo2013butterscotch	countries/united-states/abc-logo-2013-butterscotch-us.png
abclogo2013default	countries/united-states/abc-logo-2013-default-us.png
abclogo2013garnet	countries/united-states/abc-logo-2013-garnet-us.png
abcnewslighthz	countries/united-states/abc-news-light-hz-us.png
abcnewslight	countries/united-states/abc-news-light-us.png
abcnewsliveeventlight	countries/united-states/abc-news-live-event-light-us.png
abcnewsliveevent	countries/united-states/abc-news-live-event-us.png
abcnewslivehz	countries/united-states/abc-news-live-hz-us.png
abcnewslivelighthz	countries/united-states/abc-news-live-light-hz-us.png
abcnewslivelightsquare	countries/united-states/abc-news-live-light-square-us.png
abcnewslivelight	countries/united-states/abc-news-live-light-us.png
abcnewslive	countries/united-states/abc-news-live-us.png
abcnewslivestreamcoveragelight	countries/united-states/abc-news-livestream-coverage-light-us.png
abcnewslivestreamcoverage	countries/united-states/abc-news-livestream-coverage-us.png
abcwhite	countries/united-states/abc-white-us.png
accnetworkextra	countries/united-states/acc-network-extra-us.png
accnetwork	countries/united-states/acc-network-us.png
accuweather	countries/united-states/accuweather-us.png
actionchannel	countries/united-states/action-channel-us.png
africachannel	countries/united-states/africa-channel-us.png
afro	countries/united-states/afro-us.png
akctv	countries/united-states/akc-tv-us.png
altitudesports	countries/united-states/altitude-sports-us.png
ambientchannel	countries/united-states/ambient-channel-us.png
americanheroeschannel	countries/united-states/american-heroes-channel-us.png
animenetwork	countries/united-states/anime-network-us.png
antenna	countries/united-states/antenna-us.png
aspiretv	countries/united-states/aspire-tv-us.png
andtsportsnet	countries/united-states/at-and-t-sportsnet-us.png
awe	countries/united-states/awe-us.png
axstv	countries/united-states/axs-tv-us.png
aztecaamerica	countries/united-states/azteca-america-us.png
babyfirsttv	countries/united-states/baby-first-tv-us.png
ballysportsarizonaextra	countries/united-states/bally-sports-arizona-extra-us.png
ballysportsarizonaplus	countries/united-states/bally-sports-arizona-plus-us.png
ballysportsarizona	countries/united-states/bally-sports-arizona-us.png
ballysportsdetroitplus	countries/united-states/bally-sports-detroit-plus-us.png
ballysportsdetroit	countries/united-states/bally-sports-detroit-us.png
ballysportsfloridaplus	countries/united-states/bally-sports-florida-plus-us.png
ballysportsflorida	countries/united-states/bally-sports-florida-us.png
ballysportsgreatlakes	countries/united-states/bally-sports-great-lakes-us.png
ballysportsindianaplus	countries/united-states/bally-sports-indiana-plus-us.png
ballysportsindiana	countries/united-states/bally-sports-indiana-us.png
ballysportskansascityplus	countries/united-states/bally-sports-kansas-city-plus-us.png
ballysportskansascity	countries/united-states/bally-sports-kansas-city-us.png
ballysportsmidwestplus	countries/united-states/bally-sports-midwest-plus-us.png
ballysportsmidwest	countries/united-states/bally-sports-midwest-us.png
ballysportsneworleansplus	countries/united-states/bally-sports-new-orleans-plus-us.png
ballysportsneworleans	countries/united-states/bally-sports-new-orleans-us.png
ballysportsnorthextra	countries/united-states/bally-sports-north-extra-us.png
ballysportsnorthplus	countries/united-states/bally-sports-north-plus-us.png
ballysportsnorth	countries/united-states/bally-sports-north-us.png
ballysportsohioplus	countries/united-states/bally-sports-ohio-plus-us.png
ballysportsohio	countries/united-states/bally-sports-ohio-us.png
ballysportsoklahomaplus	countries/united-states/bally-sports-oklahoma-plus-us.png
ballysportsoklahoma	countries/united-states/bally-sports-oklahoma-us.png
ballysportssandiegoplus	countries/united-states/bally-sports-san-diego-plus-us.png
ballysportssandiego	countries/united-states/bally-sports-san-diego-us.png
ballysportssocalplus	countries/united-states/bally-sports-socal-plus-us.png
ballysportssocal	countries/united-states/bally-sports-socal-us.png
ballysportssouthplus	countries/united-states/bally-sports-south-plus-us.png
ballysportssouth	countries/united-states/bally-sports-south-us.png
ballysportssoutheastplus	countries/united-states/bally-sports-southeast-plus-us.png
ballysportssoutheast	countries/united-states/bally-sports-southeast-us.png
ballysportssouthwestplus	countries/united-states/bally-sports-southwest-plus-us.png
ballysportssouthwest	countries/united-states/bally-sports-southwest-us.png
ballysportssunplus	countries/united-states/bally-sports-sun-plus-us.png
ballysportssun	countries/united-states/bally-sports-sun-us.png
ballysports	countries/united-states/bally-sports-us.png
ballysportswestplus	countries/united-states/bally-sports-west-plus-us.png
ballysportswest	countries/united-states/bally-sports-west-us.png
ballysportswisconsinplus	countries/united-states/bally-sports-wisconsin-plus-us.png
ballysportswisconsin	countries/united-states/bally-sports-wisconsin-us.png
bbcamericahz	countries/united-states/bbc-america-hz-us.png
bbcamerica	countries/united-states/bbc-america-us.png
beautychannel	countries/united-states/beauty-channel-us.png
beinsports2	countries/united-states/bein-sports-2-us.png
beinsports3	countries/united-states/bein-sports-3-us.png
beinsports4	countries/united-states/bein-sports-4-us.png
beinsports5	countries/united-states/bein-sports-5-us.png
beinsports6	countries/united-states/bein-sports-6-us.png
beinsports7	countries/united-states/bein-sports-7-us.png
beinsports8	countries/united-states/bein-sports-8-us.png
beinsportsespanol	countries/united-states/bein-sports-espanol-us.png
beinsportsxtraespanol	countries/united-states/bein-sports-xtra-espanol-us.png
beinsportsxtra	countries/united-states/bein-sports-xtra-us.png
beksportsplus	countries/united-states/bek-sports-plus-us.png
beksports	countries/united-states/bek-sports-us.png
betgospel	countries/united-states/bet-gospel-us.png
bether	countries/united-states/bet-her-us.png
betjams	countries/united-states/bet-jams-us.png
betsoul	countries/united-states/bet-soul-us.png
big10network	countries/united-states/big-ten-network-us.png
bingetv	countries/united-states/binge-tv-us.png
blacknewschannel	countries/united-states/black-news-channel-us.png
blazetv	countries/united-states/blaze-tv-us.png
bloombergliveevents	countries/united-states/bloomberg-live-events-us.png
bloombergquicktake	countries/united-states/bloomberg-quicktake-us.png
bloombergtelevision	countries/united-states/bloomberg-television-us.png
bounce	countries/united-states/bounce-us.png
live	countries/united-states/br-live-us.png
brazzerstv	countries/united-states/brazzers-tv-us.png
btn	countries/united-states/btn-us.png
busted	countries/united-states/busted-us.png
buytv	countries/united-states/buy-tv-us.png
buzzrlight	countries/united-states/buzzr-light-us.png
buzzr	countries/united-states/buzzr-us.png
byutv	countries/united-states/byu-tv-us.png
cspan1	countries/united-states/c-span-1-us.png
cspan2	countries/united-states/c-span-2-us.png
cspan3	countries/united-states/c-span-3-us.png
cspanlive	countries/united-states/c-span-live-us.png
carstv	countries/united-states/cars-tv-us.png
catchycomedy	countries/united-states/catchy-comedy-us.png
cbnnews	countries/united-states/cbn-news-us.png
cbn	countries/united-states/cbn-us.png
cbslogowhite	countries/united-states/cbs-logo-white-us.png
cbsnews247	countries/united-states/cbs-news-24-7-us.png
cbsnewsbaltimore	countries/united-states/cbs-news-baltimore-us.png
cbsnewsbayarea	countries/united-states/cbs-news-bay-area-us.png
cbsnewsboston	countries/united-states/cbs-news-boston-us.png
cbsnewschicago	countries/united-states/cbs-news-chicago-us.png
cbsnewscolorado	countries/united-states/cbs-news-colorado-us.png
cbsnewsdetroit	countries/united-states/cbs-news-detroit-us.png
cbsnewsdfwdallasfortworth	countries/united-states/cbs-news-dfw-dallas-fort-worth-us.png
cbsnewslosangeles	countries/united-states/cbs-news-los-angeles-us.png
cbsnewsmiami	countries/united-states/cbs-news-miami-us.png
cbsnewsminnesota	countries/united-states/cbs-news-minnesota-us.png
cbsnewsnewyork	countries/united-states/cbs-news-new-york-us.png
cbsnewsphilly	countries/united-states/cbs-news-philly-us.png
cbsnewspittsburgh	countries/united-states/cbs-news-pittsburgh-us.png
cbsnewssacramento	countries/united-states/cbs-news-sacramento-us.png
cbsnews	countries/united-states/cbs-news-us.png
cbsnfl	countries/united-states/cbs-nfl-us.png
cbssportsgolazonetwork	countries/united-states/cbs-sports-golazo-network-us.png
cbssports	countries/united-states/cbs-sports-hq-us.png
cbssportsnetwork	countries/united-states/cbs-sports-network-us.png
charge	countries/united-states/charge-us.png
cheddarhz	countries/united-states/cheddar-hz-us.png
cheddarnews	countries/united-states/cheddar-news-us.png
cheddar	countries/united-states/cheddar-us.png
cinelatino	countries/united-states/cine-latino-us.png
cinesony	countries/united-states/cine-sony-us.png
cinemaxaction	countries/united-states/cinemax-action-us.png
cinemaxclassics	countries/united-states/cinemax-classics-us.png
cinemaxenespanol	countries/united-states/cinemax-en-espanol-us.png
cinemaxhits	countries/united-states/cinemax-hits-us.png
cinemaxmaxgoicon	countries/united-states/cinemax-max-go-icon-us.png
cinemaxmaxgo	countries/united-states/cinemax-max-go-us.png
cinemaxmoviemax	countries/united-states/cinemax-moviemax-us.png
cinemaxoutermax	countries/united-states/cinemax-outermax-us.png
cinemaxthrillermax	countries/united-states/cinemax-thrillermax-us.png
circle	countries/united-states/circle-us.png
classicartsshowcase	countries/united-states/classic-arts-showcase-us.png
cleotv	countries/united-states/cleo-tv-us.png
cmc	countries/united-states/cmc-us.png
cmtcolor	countries/united-states/cmt-color-us.png
cmtmusic	countries/united-states/cmt-music-us.png
cnbc	countries/united-states/cnbc-us.png
cnbcworld	countries/united-states/cnbc-world-us.png
cnnairport	countries/united-states/cnn-airport-us.png
cnnmax	countries/united-states/cnn-max-us.png
cnn	countries/united-states/cnn-us.png
comedytv	countries/united-states/comedy-tv-us.png
comet	countries/united-states/comet-us.png
cookingchannel	countries/united-states/cooking-channel-us.png
cornerstonenetwork	countries/united-states/cornerstone-network-us.png
cowboychannel	countries/united-states/cowboy-channel-us.png
cowboywaychannel	countries/united-states/cowboy-way-channel-us.png
cozitv	countries/united-states/cozi-tv-us.png
create	countries/united-states/create-us.png
andtsportsnetcustom	countries/united-states/custom/at-and-t-sportsnet-hd-custom-us.png
andtsportsnetpittsburghcustom	countries/united-states/custom/at-and-t-sportsnet-pittsburgh-custom-us.png
andtsportsnetrockymountaincustom	countries/united-states/custom/at-and-t-sportsnet-rocky-mountain-custom-us.png
andtsportsnetsouthwestcustom	countries/united-states/custom/at-and-t-sportsnet-southwest-custom-us.png
cwsports	countries/united-states/cw-sports-us.png
dabl	countries/united-states/dabl-us.png
defy	countries/united-states/defy-us.png
destinationamerica	countries/united-states/destination-america-us.png
discoveryenespanol	countries/united-states/discovery-en-espanol-us.png
discoveryfamilia	countries/united-states/discovery-familia-us.png
discoveryfamily	countries/united-states/discovery-family-us.png
discoveryscienceiconshade	countries/united-states/discovery-science-icon-shade-us.png
dogtvhz	countries/united-states/dog-tv-hz-us.png
dogtv	countries/united-states/dog-tv-us.png
dovechannel	countries/united-states/dove-channel-us.png
dovekids	countries/united-states/dove-kids-us.png
ebonytv	countries/united-states/ebony-tv-us.png
elrey	countries/united-states/el-rey-us.png
epix2	countries/united-states/epix-2-us.png
epixdrive	countries/united-states/epix-drive-in-us.png
epixhits	countries/united-states/epix-hits-us.png
epix	countries/united-states/epix-us.png
esne	countries/united-states/esne-us.png
espnaccnextra	countries/united-states/espn-accn-extra-us.png
espnaccn	countries/united-states/espn-accn-us.png
espnbasesloaded	countries/united-states/espn-bases-loaded-us.png
espncollegeextra	countries/united-states/espn-college-extra-us.png
espncollegefootball	countries/united-states/espn-college-football-us.png
espndeportes	countries/united-states/espn-deportes-us.png
espngoalline	countries/united-states/espn-goalline-us.png
espnicon	countries/united-states/espn-icon-us.png
espnmondaynightfootball	countries/united-states/espn-monday-night-football-us.png
espnplus	countries/united-states/espn-plus-us.png
espnsaturdaynightfootball	countries/united-states/espn-saturday-night-football-us.png
espnsechz	countries/united-states/espn-sec-hz-us.png
espnsecplushz	countries/united-states/espn-sec-plus-hz-us.png
espnsec	countries/united-states/espn-sec-us.png
espnu	countries/united-states/espn-u-us.png
espnews	countries/united-states/espnews-us.png
etliveiconblue	countries/united-states/et-live-icon-blue-us.png
etlive	countries/united-states/et-live-us.png
fanduelracing	countries/united-states/fanduel-racing-us.png
fandueltv	countries/united-states/fanduel-tv-us.png
favetv	countries/united-states/fave-tv-us.png
fetv	countries/united-states/fetv-us.png
filmdetective	countries/united-states/film-detective-us.png
filmriseclassics	countries/united-states/filmrise-classics-us.png
filmrisecrime	countries/united-states/filmrise-crime-us.png
filmrisefamily	countries/united-states/filmrise-family-us.png
filmrisemovies	countries/united-states/filmrise-movies-us.png
fitetv	countries/united-states/fite-tv-us.png
flix	countries/united-states/flix-us.png
fm	countries/united-states/fm-us.png
fmcfamilymovieclassics	countries/united-states/fmc-family-movie-classics-us.png
fntsysportsnetwork	countries/united-states/fntsy-sports-network-us.png
foxbusinesshz	countries/united-states/fox-business-hz-us.png
foxbusiness	countries/united-states/fox-business-us.png
foxnewsframed	countries/united-states/fox-news-framed-us.png
foxnews	countries/united-states/fox-news-us.png
foxnflhz	countries/united-states/fox-nfl-hz-us.png
foxnfl	countries/united-states/fox-nfl-us.png
foxsoccerplushz	countries/united-states/fox-soccer-plus-hz-us.png
foxsoccerplus	countries/united-states/fox-soccer-plus-us.png
foxsoul	countries/united-states/fox-soul-us.png
foxsports1	countries/united-states/fox-sports-1-us.png
foxsportsdeportesflat	countries/united-states/fox-sports-deportes-flat-us.png
foxsportsdeportes	countries/united-states/fox-sports-deportes-us.png
foxsportsgo	countries/united-states/fox-sports-go-us.png
foxweather	countries/united-states/fox-weather-us.png
freespeechtv	countries/united-states/free-speech-tv-us.png
freeform	countries/united-states/freeform-us.png
fubocycling	countries/united-states/fubo-cycling-us.png
fubosportsnetwork	countries/united-states/fubo-sports-network-us.png
funimationicon	countries/united-states/funimation-icon-us.png
funimation	countries/united-states/funimation-us.png
fuse	countries/united-states/fuse-us.png
fusion	countries/united-states/fusion-us.png
fxmmoviechannel	countries/united-states/fxm-movie-channel-us.png
fxx	countries/united-states/fxx-us.png
fyi	countries/united-states/fyi-us.png
g4	countries/united-states/g4-us.png
gacfamily	countries/united-states/gac-family-us.png
gacliving	countries/united-states/gac-living-us.png
gaiamtv	countries/united-states/gaiam-tv-us.png
galavision	countries/united-states/galavision-us.png
gameshownetworkhz	countries/united-states/game-show-network-hz-us.png
gameshownetwork	countries/united-states/game-show-network-us.png
gemshoppingnetwork	countries/united-states/gem-shopping-network-us.png
gettv	countries/united-states/get-tv-us.png
goltv	countries/united-states/gol-tv-us.png
greatamericancountry	countries/united-states/great-american-country-us.png
greatamericanfaithandliving	countries/united-states/great-american-faith-and-living-us.png
greatamericanfamily	countries/united-states/great-american-family-us.png
grit	countries/united-states/grit-us.png
hallmarkchannel	countries/united-states/hallmark-channel-us.png
hallmarkfamily	countries/united-states/hallmark-family-us.png
hallmarkmoviesnow	countries/united-states/hallmark-movies-now-us.png
hallmarkmystery	countries/united-states/hallmark-mystery-us.png
hallmarktv	countries/united-states/hallmark-tv-us.png
hapa	countries/united-states/hapa-us.png
hbocomedyhz	countries/united-states/hbo-comedy-hz-us.png
hbocomedy	countries/united-states/hbo-comedy-us.png
hbodrama	countries/united-states/hbo-drama-us.png
hbofamilyhz	countries/united-states/hbo-family-hz-us.png
hbofilms	countries/united-states/hbo-films-us.png
hbolatinohz	countries/united-states/hbo-latino-hz-us.png
hbolatino	countries/united-states/hbo-latino-us.png
hbomaxcolorhz	countries/united-states/hbo-max-color-hz-us.png
hbomaxcolor	countries/united-states/hbo-max-color-us.png
hbomaxhz	countries/united-states/hbo-max-hz-us.png
hbomaxicon	countries/united-states/hbo-max-icon-us.png
hbomax	countries/united-states/hbo-max-us.png
hbomovies	countries/united-states/hbo-movies-us.png
hboondemand	countries/united-states/hbo-on-demand-us.png
hbozone	countries/united-states/hd/hbo-zone-hd-us.png
mgm	countries/united-states/hd/mgm-hd-us.png
nasa	countries/united-states/hd/nasa-uhd-us.png
pbs	countries/united-states/hd/pbs-hd-us.png
showtime	countries/united-states/hd/showtime-hd-us.png
showtimeicon	countries/united-states/hd/showtime-icon-hd-us.png
themoviechannel	countries/united-states/hd/the-movie-channel-hd-us.png
weatherchannel	countries/united-states/hd/weather-channel-hd-us.png
hdnetmovies	countries/united-states/hdnet-movies-us.png
heartland	countries/united-states/heartland-us.png
hersphere	countries/united-states/her-sphere-us.png
heroesandicons	countries/united-states/heroes-and-icons-us.png
historyenespanol	countries/united-states/history-en-espanol-us.png
hitz2	countries/united-states/hitz-2-us.png
hitz3	countries/united-states/hitz-3-us.png
hitz	countries/united-states/hitz-us.png
hogarhgtv	countries/united-states/hogar-de-hgtv-us.png
home	countries/united-states/home-us.png
hsn2	countries/united-states/hsn-2-us.png
hsn	countries/united-states/hsn-us.png
huntchannel	countries/united-states/hunt-channel-us.png
ifc	countries/united-states/ifc-us.png
infowars	countries/united-states/info-wars-us.png
insp	countries/united-states/insp-us.png
inspirationtv	countries/united-states/inspiration-tv-us.png
ionmystery	countries/united-states/ion-mystery-us.png
ionplus	countries/united-states/ion-plus-us.png
iontelevision	countries/united-states/ion-television-us.png
justicecentraltv	countries/united-states/justice-central-tv-us.png
kabilliongirlsrule	countries/united-states/kabillion-girls-rule-us.png
kabillion	countries/united-states/kabillion-us.png
keytv	countries/united-states/key-tv-us.png
kidsstreet	countries/united-states/kids-street-us.png
klife	countries/united-states/klife-us.png
laff	countries/united-states/laff-us.png
latv	countries/united-states/latv-us.png
lawandcrimenetwork	countries/united-states/law-and-crime-network-us.png
lifetimemovies	countries/united-states/lifetime-movies-us.png
lifetimerealwomen	countries/united-states/lifetime-real-women-us.png
lighttv	countries/united-states/light-tv-us.png
livenowfox	countries/united-states/live-now-fox-us.png
livewellnetwork	countries/united-states/live-well-network-us.png
localnow	countries/united-states/local-now-us.png
logo	countries/united-states/logo-us.png
longhornnetwork	countries/united-states/longhorn-network-us.png
magnolianetwork	countries/united-states/magnolia-network-us.png
marqueesportsnetwork	countries/united-states/marquee-sports-network-us.png
masn2	countries/united-states/masn-2-us.png
masn	countries/united-states/masn-us.png
metvplus	countries/united-states/me-tv-plus-us.png
metvtoons	countries/united-states/me-tv-toons-us.png
metv	countries/united-states/me-tv-us.png
mgmplusdrive	countries/united-states/mgm-plus-drive-in-us.png
mgmplushits	countries/united-states/mgm-plus-hits-us.png
mgmplusmarquee	countries/united-states/mgm-plus-marquee-us.png
mgmplus	countries/united-states/mgm-plus-us.png
mgmsci	countries/united-states/mgm-sci-fi-us.png
militaryhistory	countries/united-states/military-history-us.png
mlbextrainnings	countries/united-states/mlb-extra-innings-us.png
mlbnetworkstrikezone	countries/united-states/mlb-network-strike-zone-us.png
mlbnetwork	countries/united-states/mlb-network-us.png
mlsdirectkick	countries/united-states/mls-direct-kick-us.png
mlslogo	countries/united-states/mls-logo-us.png
monumentalsportsnetwork	countries/united-states/monumental-sports-network-us.png
motortrend	countries/united-states/motor-trend-us.png
movieplex	countries/united-states/movie-plex-us.png
moviespheregold	countries/united-states/movie-sphere-gold-us.png
moviesphere	countries/united-states/movie-sphere-us.png
movies	countries/united-states/movies-us.png
msnow	countries/united-states/ms-now-us.png
msg2	countries/united-states/msg-2-us.png
msgplus2	countries/united-states/msg-plus-2-us.png
msgplus	countries/united-states/msg-plus-us.png
msg	countries/united-states/msg-us.png
msgsn2	countries/united-states/msgsn-2-us.png
msgsn	countries/united-states/msgsn-us.png
msnbc	countries/united-states/msnbc-alt-us.png
msnbchz	countries/united-states/msnbc-hz-us.png
mtv2	countries/united-states/mtv-2-us.png
mtvu	countries/united-states/mtv-u-us.png
musicchoice	countries/united-states/music-choice-us.png
mydestination	countries/united-states/my-destination-us.png
mynetworktv	countries/united-states/my-network-tv-us.png
nasatvglobecolor	countries/united-states/nasa-tv-globe-color-us.png
nasatvglobelogo	countries/united-states/nasa-tv-globe-logo-us.png
nasatvglobewhite	countries/united-states/nasa-tv-globe-white-us.png
nasatv	countries/united-states/nasa-tv-us.png
natgeomundo	countries/united-states/nat-geo-mundo-us.png
nbafinals	countries/united-states/nba-finals-us.png
nbaleaguepasshz	countries/united-states/nba-league-pass-hz-us.png
nbaleaguepassmlsdirectkickcombo	countries/united-states/nba-league-pass-mls-direct-kick-combo-us.png
nbaleaguepass	countries/united-states/nba-league-pass-us.png
nbatvicon	countries/united-states/nba-tv-icon-us.png
nbc13weau	countries/united-states/nbc-13-weau-us.png
nbc13who	countries/united-states/nbc-13-who-us.png
nbc14wfie	countries/united-states/nbc-14-wfie-us.png
nbc15wmtv	countries/united-states/nbc-15-wmtv-us.png
nbc18wlex	countries/united-states/nbc-18-wlex-us.png
nbc25week	countries/united-states/nbc-25-week-us.png
nbc26wagt	countries/united-states/nbc-26-wagt-us.png
nbc26wgba	countries/united-states/nbc-26-wgba-us.png
nbc29wvir	countries/united-states/nbc-29-wvir-us.png
nbcgolf3d	countries/united-states/nbc-golf-3d-us.png
nbcgolfchannel	countries/united-states/nbc-golf-channel-us.png
nbcgolf	countries/united-states/nbc-golf-us.png
nbclogo2013	countries/united-states/nbc-logo-2013-us.png
nbclogohz	countries/united-states/nbc-logo-alt-hz-us.png
nbclogo	countries/united-states/nbc-logo-alt-us.png
nbclogoflathz	countries/united-states/nbc-logo-flat-hz-us.png
nbclogoflat	countries/united-states/nbc-logo-flat-us.png
nbclx	countries/united-states/nbc-lx-us.png
nbcnascar	countries/united-states/nbc-nascar-us.png
nbcnewsflathz	countries/united-states/nbc-news-flat-hz-us.png
nbcnewsflat	countries/united-states/nbc-news-flat-us.png
nbcnewsnowhz	countries/united-states/nbc-news-now-hz-us.png
nbcnewsonlineonlyhz	countries/united-states/nbc-news-online-only-hz-us.png
nbcnewsonlineonly	countries/united-states/nbc-news-online-only-us.png
nbcolympics	countries/united-states/nbc-olympics-alt-us.png
nbcolympicsflat	countries/united-states/nbc-olympics-flat-us.png
nbcolympicssummertokyo2020	countries/united-states/nbc-olympics-summer-tokyo-2020-us.png
nbcpeacock	countries/united-states/nbc-peacock-alt-us.png
nbcpeacockflat	countries/united-states/nbc-peacock-flat-us.png
nbcpeacockolympics	countries/united-states/nbc-peacock-olympics-alt-us.png
nbcpeacockolympicswhite	countries/united-states/nbc-peacock-olympics-alt-white-us.png
nbcpeacockolympicsflat	countries/united-states/nbc-peacock-olympics-flat-us.png
nbcsportschicagoplus2	countries/united-states/nbc-sports-chicago-plus-2-us.png
nbcsportschicagoplus	countries/united-states/nbc-sports-chicago-plus-us.png
nbcsportschicago	countries/united-states/nbc-sports-chicago-us.png
nbcsportsenginehz	countries/united-states/nbc-sports-engine-hz-us.png
nbcsportsengineicon	countries/united-states/nbc-sports-engine-icon-us.png
nbcsportsengine	countries/united-states/nbc-sports-engine-us.png
nbcsportsgoldhz	countries/united-states/nbc-sports-gold-hz-us.png
nbcsportsgold	countries/united-states/nbc-sports-gold-us.png
nbcsportshz	countries/united-states/nbc-sports-hz-us.png
nbcsportsliveextra	countries/united-states/nbc-sports-live-extra-us.png
nbcsports	countries/united-states/nbc-sports-us.png
nbcsundaynightfootball	countries/united-states/nbc-sunday-night-football-us.png
nbctruecrmz	countries/united-states/nbc-true-crmz-us.png
nbcuniverso	countries/united-states/nbc-universo-us.png
nbc	countries/united-states/nbc-us.png
nbcsnbayareahz	countries/united-states/nbcsn-bay-area-hz-us.png
nbcsnbayarea	countries/united-states/nbcsn-bay-area-us.png
nbcsnbostonhz	countries/united-states/nbcsn-boston-hz-us.png
nbcsnboston	countries/united-states/nbcsn-boston-us.png
nbcsncaliforniahz	countries/united-states/nbcsn-california-hz-us.png
nbcsncalifornia	countries/united-states/nbcsn-california-us.png
nbcsnchicagohz	countries/united-states/nbcsn-chicago-hz-us.png
nbcsnchicago	countries/united-states/nbcsn-chicago-us.png
nbcsnhz	countries/united-states/nbcsn-hz-us.png
nbcsnnorthwesthz	countries/united-states/nbcsn-northwest-hz-us.png
nbcsnnorthwest	countries/united-states/nbcsn-northwest-us.png
nbcsnphiladelphiahz	countries/united-states/nbcsn-philadelphia-hz-us.png
nbcsnphiladelphia	countries/united-states/nbcsn-philadelphia-us.png
nbcsnpremierleagueextratime	countries/united-states/nbcsn-premier-league-extra-time-us.png
nbcsnpremierleaguelive	countries/united-states/nbcsn-premier-league-live-us.png
nbcsn	countries/united-states/nbcsn-us.png
nbcsnwashingtonhz	countries/united-states/nbcsn-washington-hz-us.png
nbcsnwashington	countries/united-states/nbcsn-washington-us.png
necn	countries/united-states/necn-us.png
nesnhz	countries/united-states/nesn-hz-us.png
nesnplushz	countries/united-states/nesn-plus-hz-us.png
nesnplus	countries/united-states/nesn-plus-us.png
nesn	countries/united-states/nesn-us.png
newsnationhz	countries/united-states/news-nation-hz-us.png
newsnet	countries/united-states/news-net-us.png
news12brooklyn	countries/united-states/news12-brooklyn-us.png
news12connecticut	countries/united-states/news12-connecticut-us.png
news12hudsonvalley	countries/united-states/news12-hudson-valley-us.png
news12longisland	countries/united-states/news12-long-island-us.png
news12newjersey	countries/united-states/news12-new-jersey-us.png
news12newyork	countries/united-states/news12-new-york-us.png
news12thebronx	countries/united-states/news12-the-bronx-us.png
news12westchester	countries/united-states/news12-westchester-us.png
newsmaxtv	countries/united-states/newsmax-tv-us.png
newsmax2	countries/united-states/newsmax2-us.png
newsnetnorthernmichigan	countries/united-states/newsnet-northern-michigan-us.png
newsy	countries/united-states/newsy-us.png
nextlevelsports	countries/united-states/next-level-sports-us.png
nflgamepasshz	countries/united-states/nfl-game-pass-hz-us.png
nflgamepass	countries/united-states/nfl-game-pass-us.png
nflicon	countries/united-states/nfl-icon-us.png
nflnetworkhz	countries/united-states/nfl-network-hz-us.png
nflnetwork	countries/united-states/nfl-network-us.png
nflredzonehz	countries/united-states/nfl-red-zone-hz-us.png
nflredzone	countries/united-states/nfl-red-zone-us.png
nflthursdaynightfootball	countries/united-states/nfl-thursday-night-football-us.png
nhlcenterice	countries/united-states/nhl-center-ice-us.png
nhlnetwork	countries/united-states/nhl-network-us.png
nhlonespn	countries/united-states/nhl-on-espn-us.png
nicknight	countries/united-states/nick-night-us.png
nickondemand	countries/united-states/nick-on-demand-us.png
nickelodeonenespanol	countries/united-states/nickelodeon-en-espanol-us.png
nyctvlife	countries/united-states/nyc-tv-life-us.png
encoreactionhzobsolete	countries/united-states/obsolete/encore-action-hz-us-obsolete.png
encoreactionobsolete	countries/united-states/obsolete/encore-action-us-obsolete.png
encoreblackhzobsolete	countries/united-states/obsolete/encore-black-hz-us-obsolete.png
encoreblackobsolete	countries/united-states/obsolete/encore-black-us-obsolete.png
encoreclassichzobsolete	countries/united-states/obsolete/encore-classic-hz-us-obsolete.png
encoreclassicobsolete	countries/united-states/obsolete/encore-classic-us-obsolete.png
encoreespanolhzobsolete	countries/united-states/obsolete/encore-espanol-hz-us-obsolete.png
encoreespanolobsolete	countries/united-states/obsolete/encore-espanol-us-obsolete.png
encorefamilyhzobsolete	countries/united-states/obsolete/encore-family-hz-us-obsolete.png
encorefamilyobsolete	countries/united-states/obsolete/encore-family-us-obsolete.png
encoresuspensehzobsolete	countries/united-states/obsolete/encore-suspense-hz-us-obsolete.png
encoresuspenseobsolete	countries/united-states/obsolete/encore-suspense-us-obsolete.png
encorewesternshzobsolete	countries/united-states/obsolete/encore-westerns-hz-us-obsolete.png
encorewesternsobsolete	countries/united-states/obsolete/encore-westerns-us-obsolete.png
mgmobsolete	countries/united-states/obsolete/mgm-us-obsolete.png
olympicchannelhz	countries/united-states/olympic-channel-hz-us.png
olympicchannel	countries/united-states/olympic-channel-us.png
1americanewsnetwork	countries/united-states/one-america-news-network-us.png
oprahwinfreynetwork	countries/united-states/oprah-winfrey-network-us.png
outdoorchannelplus	countries/united-states/outdoor-channel-plus-us.png
outersphere	countries/united-states/outer-sphere-us.png
outlaw	countries/united-states/outlaw-us.png
outsidetv	countries/united-states/outside-tv-us.png
ovation	countries/united-states/ovation-us.png
oxygentruecrime	countries/united-states/oxygen-true-crime-us.png
pac12arizonahz	countries/united-states/pac-12-arizona-hz-us.png
pac12arizona	countries/united-states/pac-12-arizona-us.png
pac12bayareahz	countries/united-states/pac-12-bay-area-hz-us.png
pac12bayarea	countries/united-states/pac-12-bay-area-us.png
pac12losangeleshz	countries/united-states/pac-12-los-angeles-hz-us.png
pac12losangeles	countries/united-states/pac-12-los-angeles-us.png
pac12mountainhz	countries/united-states/pac-12-mountain-hz-us.png
pac12mountain	countries/united-states/pac-12-mountain-us.png
pac12networkhz	countries/united-states/pac-12-network-hz-us.png
pac12networkicon	countries/united-states/pac-12-network-icon-us.png
pac12networkiconwhite	countries/united-states/pac-12-network-icon-white-us.png
pac12network	countries/united-states/pac-12-network-us.png
pac12oregonhz	countries/united-states/pac-12-oregon-hz-us.png
pac12oregon	countries/united-states/pac-12-oregon-us.png
pac12washingtonhz	countries/united-states/pac-12-washington-hz-us.png
pac12washington	countries/united-states/pac-12-washington-us.png
paramountnetworkplushz	countries/united-states/paramount-network-plus-hz-us.png
paramountnetworkpluswhitehz	countries/united-states/paramount-network-plus-white-hz-us.png
paramountplus	countries/united-states/paramount-plus-us.png
paramountpluswhite	countries/united-states/paramount-plus-white-us.png
paramountpluswithshowtime	countries/united-states/paramount-plus-with-showtime-us.png
pbskidsdashicon	countries/united-states/pbs-kids-dash-icon-us.png
pbskidsdoticon	countries/united-states/pbs-kids-dot-icon-us.png
peachtreetv	countries/united-states/peachtree-tv-us.png
peopletv	countries/united-states/people-tv-us.png
petstv	countries/united-states/pets-tv-us.png
pgatourlive	countries/united-states/pga-tour-live-us.png
pixl	countries/united-states/pixl-us.png
playboytvhz	countries/united-states/playboy-tv-hz-us.png
plexindieplexhz	countries/united-states/plex-indieplex-hz-us.png
plexindieplex	countries/united-states/plex-indieplex-us.png
plexmovieplexhz	countries/united-states/plex-movieplex-hz-us.png
plexmovieplexondemand	countries/united-states/plex-movieplex-on-demand-us.png
plexmovieplex	countries/united-states/plex-movieplex-us.png
plexretroplexhz	countries/united-states/plex-retroplex-hz-us.png
plexretroplex	countries/united-states/plex-retroplex-us.png
popstar	countries/united-states/popstar-us.png
positiv	countries/united-states/positiv-us.png
primotv	countries/united-states/primo-tv-us.png
pursuit	countries/united-states/pursuit-us.png
qubo	countries/united-states/qubo-us.png
qvc2	countries/united-states/qvc-2-us.png
qvc3	countries/united-states/qvc-3-us.png
qvcicon	countries/united-states/qvc-icon-us.png
racernetwork	countries/united-states/racer-network-us.png
realamericasvoice	countries/united-states/real-americas-voice-us.png
recipetv	countries/united-states/recipe-tv-us.png
reelz	countries/united-states/reelz-us.png
retrotv	countries/united-states/retro-tv-us.png
revolt	countries/united-states/revolt-us.png
rfdtv	countries/united-states/rfd-tv-us.png
ridetv	countries/united-states/ride-tv-us.png
roar	countries/united-states/roar-us.png
rootsports	countries/united-states/root-sports-us.png
screenpixaction	countries/united-states/screenpix-action-us.png
screenpix	countries/united-states/screenpix-us.png
screenpixvoices	countries/united-states/screenpix-voices-us.png
screenpixwesterns	countries/united-states/screenpix-westerns-us.png
scrippsnews	countries/united-states/scripps-news-us.png
secnetworkhz	countries/united-states/sec-network-hz-us.png
secnetworkplushz	countries/united-states/sec-network-plus-hz-us.png
secnetwork	countries/united-states/sec-network-us.png
shobet	countries/united-states/sho-bet-us.png
shop	countries/united-states/shop-hq-us.png
shoplc	countries/united-states/shop-lc-us.png
showtime2	countries/united-states/showtime-2-us.png
showtimeanywhere	countries/united-states/showtime-anywhere-us.png
showtimebeyond	countries/united-states/showtime-beyond-us.png
showtimeboxing	countries/united-states/showtime-boxing-us.png
showtimechampionshipboxing	countries/united-states/showtime-championship-boxing-us.png
showtimeextreme	countries/united-states/showtime-extreme-us.png
showtimefamilyzone	countries/united-states/showtime-family-zone-us.png
showtimenext	countries/united-states/showtime-next-us.png
showtimeondemand	countries/united-states/showtime-on-demand-us.png
showtimeppvhz	countries/united-states/showtime-ppv-hz-us.png
showtimeppv	countries/united-states/showtime-ppv-us.png
showtimeshowcase	countries/united-states/showtime-showcase-us.png
showtimesportshz	countries/united-states/showtime-sports-hz-us.png
showtimesports	countries/united-states/showtime-sports-us.png
showtimewomen	countries/united-states/showtime-women-us.png
shudder	countries/united-states/shudder-us.png
sny	countries/united-states/sny-us.png
soyummy	countries/united-states/so-yummy-us.png
sonymoviechannelhz	countries/united-states/sony-movie-channel-hz-us.png
sonymoviechannelicon	countries/united-states/sony-movie-channel-icon-us.png
sonymoviechannel	countries/united-states/sony-movie-channel-us.png
soulofthesouthnetwork	countries/united-states/soul-of-the-south-network-us.png
spacecityhomenetwork	countries/united-states/space-city-home-network-us.png
spectrumnews1	countries/united-states/spectrum-news-1-us.png
spectrumnews13	countries/united-states/spectrum-news-13-us.png
spectrumoriginals	countries/united-states/spectrum-originals-us.png
spectrumsports	countries/united-states/spectrum-sports-us.png
spectrumsportsnetla	countries/united-states/spectrum-sportsnet-la-us.png
spectrumsportsnet	countries/united-states/spectrum-sportsnet-us.png
sportsnewshighlights	countries/united-states/sports-news-highlights-us.png
sportskool	countries/united-states/sportskool-us.png
sportsnetpittsburgh	countries/united-states/sportsnet-pittsburgh-us.png
stadiumcollegesportsatlantic	countries/united-states/stadium-college-sports-atlantic-us.png
stadiumcollegesportscentral	countries/united-states/stadium-college-sports-central-us.png
stadiumcollegesportspacific	countries/united-states/stadium-college-sports-pacific-us.png
stadium	countries/united-states/stadium-us.png
starzblack	countries/united-states/starz-black-us.png
starzcinema	countries/united-states/starz-cinema-us.png
starzcomedy	countries/united-states/starz-comedy-us.png
starzedge	countries/united-states/starz-edge-us.png
starzencoreaction	countries/united-states/starz-encore-action-us.png
starzencoreblack	countries/united-states/starz-encore-black-us.png
starzencoreclassic	countries/united-states/starz-encore-classic-us.png
starzencoreespanol	countries/united-states/starz-encore-espanol-us.png
starzencorefamily	countries/united-states/starz-encore-family-us.png
starzencoreondemand	countries/united-states/starz-encore-on-demand-us.png
starzencoresuspense	countries/united-states/starz-encore-suspense-us.png
starzencore	countries/united-states/starz-encore-us.png
starzencorewesterns	countries/united-states/starz-encore-westerns-us.png
starzkidsandfamily	countries/united-states/starz-kids-and-family-us.png
starzondemand	countries/united-states/starz-on-demand-us.png
storytelevision	countries/united-states/story-television-us.png
tastemade	countries/united-states/tastemade-us.png
teennick	countries/united-states/teen-nick-us.png
telemundodeporteshz	countries/united-states/telemundo-deportes-hz-us.png
telemundodeportes	countries/united-states/telemundo-deportes-us.png
telemundo	countries/united-states/telemundo-us.png
telexitos	countries/united-states/telexitos-us.png
tennischannelhz	countries/united-states/tennis-channel-hz-us.png
tennischannel	countries/united-states/tennis-channel-us.png
tfc	countries/united-states/tfc-us.png
the365	countries/united-states/the-365-us.png
thecountrynetwork	countries/united-states/the-country-network-us.png
thecw	countries/united-states/the-cw-us.png
thefirst	countries/united-states/the-first-us.png
themoviechannelicon	countries/united-states/the-movie-channel-icon-us.png
themoviechannelxtra	countries/united-states/the-movie-channel-xtra-us.png
thenest	countries/united-states/the-nest-us.png
theu	countries/united-states/the-u-us.png
thewalk	countries/united-states/the-walk-us.png
thistvnetwork	countries/united-states/this-tv-network-us.png
tmz	countries/united-states/tmz-us.png
toku	countries/united-states/toku-us.png
toonami	countries/united-states/toonami-us.png
tres	countries/united-states/tres-us.png
truecrimenetwork	countries/united-states/true-crime-network-us.png
tvkpop	countries/united-states/tv-k-pop-us.png
tvland	countries/united-states/tv-land-us.png
tvg2	countries/united-states/tvg-2-us.png
tvgnetwork	countries/united-states/tvg-network-us.png
tvw	countries/united-states/tvw-us.png
twist	countries/united-states/twist-us.png
tyt	countries/united-states/tyt-us.png
ufcfightpass	countries/united-states/ufc-fight-pass-us.png
ufc	countries/united-states/ufc-us.png
unimas	countries/united-states/unimas-us.png
universalkidsenespanol	countries/united-states/universal-kids-en-espanol-us.png
universalkids	countries/united-states/universal-kids-us.png
univision	countries/united-states/univision-us.png
uptv	countries/united-states/up-tv-us.png
22thepointwpnt	countries/united-states/us-local/22-the-point-wpnt-us.png
69wfmztv	countries/united-states/us-local/69-wfmz-tv-us.png
7newsbostonwhdh	countries/united-states/us-local/7-news-boston-whdh-us.png
7newsmiamiwsvn	countries/united-states/us-local/7-news-miami-wsvn-us.png
7whdh	countries/united-states/us-local/7-whdh-us.png
abc10kgtv	countries/united-states/us-local/abc-10-kgtv-us.png
abc10kxtv	countries/united-states/us-local/abc-10-kxtv-us.png
abc10wplg	countries/united-states/us-local/abc-10-wplg-us.png
abc10wten	countries/united-states/us-local/abc-10-wten-us.png
abc11wtok	countries/united-states/us-local/abc-11-wtok-us.png
abc11wtvd	countries/united-states/us-local/abc-11-wtvd-us.png
abc12kdvr	countries/united-states/us-local/abc-12-kdvr-us.png
abc12ktxs	countries/united-states/us-local/abc-12-ktxs-us.png
abc12wcti	countries/united-states/us-local/abc-12-wcti-us.png
abc12wisn	countries/united-states/us-local/abc-12-wisn-us.png
abc12wjrt	countries/united-states/us-local/abc-12-wjrt-us.png
abc13krdo	countries/united-states/us-local/abc-13-krdo-us.png
abc13ktnvhz	countries/united-states/us-local/abc-13-ktnv-hz-us.png
abc13ktnv	countries/united-states/us-local/abc-13-ktnv-us.png
abc13ktrk	countries/united-states/us-local/abc-13-ktrk-us.png
abc13kyur	countries/united-states/us-local/abc-13-kyur-us.png
abc13wbko	countries/united-states/us-local/abc-13-wbko-us.png
abc13wham	countries/united-states/us-local/abc-13-wham-us.png
abc13wmbb	countries/united-states/us-local/abc-13-wmbb-us.png
abc13wtvg	countries/united-states/us-local/abc-13-wtvg-us.png
abc13wvec	countries/united-states/us-local/abc-13-wvec-us.png
abc15knxv	countries/united-states/us-local/abc-15-knxv-us.png
abc16wnep	countries/united-states/us-local/abc-16-wnep-us.png
abc17kmiz	countries/united-states/us-local/abc-17-kmiz-us.png
abc18wqow	countries/united-states/us-local/abc-18-wqow-us.png
abc19wxow	countries/united-states/us-local/abc-19-wxow-us.png
abc2katu	countries/united-states/us-local/abc-2-katu-us.png
abc2wbay	countries/united-states/us-local/abc-2-wbay-us.png
abc2wbrzicon	countries/united-states/us-local/abc-2-wbrz-icon-us.png
abc2wkrn	countries/united-states/us-local/abc-2-wkrn-us.png
abc2wmar	countries/united-states/us-local/abc-2-wmar-us.png
abc2wsb	countries/united-states/us-local/abc-2-wsb-us.png
abc20wcjb	countries/united-states/us-local/abc-20-wcjb-us.png
abc22wvny	countries/united-states/us-local/abc-22-wvny-us.png
abc23kaef	countries/united-states/us-local/abc-23-kaef-us.png
abc23kero	countries/united-states/us-local/abc-23-kero-us.png
abc24watn	countries/united-states/us-local/abc-24-watn-us.png
abc25kavu	countries/united-states/us-local/abc-25-kavu-us.png
abc25wjxx	countries/united-states/us-local/abc-25-wjxx-us.png
abc27wkow	countries/united-states/us-local/abc-27-wkow-us.png
abc27wtxl	countries/united-states/us-local/abc-27-wtxl-us.png
abc3katchorizontal	countries/united-states/us-local/abc-3-katc-horizontal-us.png
abc3katc	countries/united-states/us-local/abc-3-katc-us.png
abc3kesqicon	countries/united-states/us-local/abc-3-kesq-icon-us.png
abc3kesq	countries/united-states/us-local/abc-3-kesq-us.png
abc3keyt	countries/united-states/us-local/abc-3-keyt-us.png
abc3wear	countries/united-states/us-local/abc-3-wear-us.png
abc3wearwhite	countries/united-states/us-local/abc-3-wear-white-us.png
abc3whsv	countries/united-states/us-local/abc-3-whsv-us.png
abc3wway	countries/united-states/us-local/abc-3-wway-us.png
abc30kdnl	countries/united-states/us-local/abc-30-kdnl-us.png
abc30kfsn	countries/united-states/us-local/abc-30-kfsn-us.png
abc31waay	countries/united-states/us-local/abc-31-waay-us.png
abc32wncf	countries/united-states/us-local/abc-32-wncf-us.png
abc3340wbmald	countries/united-states/us-local/abc-33-40-wbma-ld-us.png
abc3340wbmaldwhitehz	countries/united-states/us-local/abc-33-40-wbma-ld-white-hz-us.png
abc33kspr	countries/united-states/us-local/abc-33-kspr-us.png
abc34wivt	countries/united-states/us-local/abc-34-wivt-us.png
abc36wtvq	countries/united-states/us-local/abc-36-wtvq-us.png
abc4komo	countries/united-states/us-local/abc-4-komo-us.png
abc4kxly	countries/united-states/us-local/abc-4-kxly-us.png
abc4newsnowkxly	countries/united-states/us-local/abc-4-news-now-kxly-us.png
abc4playkxly	countries/united-states/us-local/abc-4-play-kxly-us.png
abc4wtae	countries/united-states/us-local/abc-4-wtae-us.png
abc4029khbskhog	countries/united-states/us-local/abc-40-29-khbs-khog-us.png
abc47wmdt	countries/united-states/us-local/abc-47-wmdt-us.png
abc5kecy	countries/united-states/us-local/abc-5-kecy-us.png
abc5koco	countries/united-states/us-local/abc-5-koco-us.png
abc5kstp	countries/united-states/us-local/abc-5-kstp-us.png
abc5wcvb	countries/united-states/us-local/abc-5-wcvb-us.png
abc5wews	countries/united-states/us-local/abc-5-wews-us.png
abc50wwti	countries/united-states/us-local/abc-50-wwti-us.png
abc6kivi	countries/united-states/us-local/abc-6-kivi-us.png
abc6wpvi	countries/united-states/us-local/abc-6-wpvi-us.png
abc6wrtv	countries/united-states/us-local/abc-6-wrtv-us.png
abc6wsyx	countries/united-states/us-local/abc-6-wsyx-us.png
abc7wvii	countries/united-states/us-local/abc-7-WVII-us.png
abc7kabc	countries/united-states/us-local/abc-7-kabc-us.png
abc7katv	countries/united-states/us-local/abc-7-katv-us.png
abc7ketv	countries/united-states/us-local/abc-7-ketv-us.png
abc7kgo	countries/united-states/us-local/abc-7-kgo-us.png
abc7kmgh	countries/united-states/us-local/abc-7-kmgh-us.png
abc7koat	countries/united-states/us-local/abc-7-koat-us.png
abc7krcr	countries/united-states/us-local/abc-7-krcr-us.png
abc7kswo	countries/united-states/us-local/abc-7-kswo-us.png
abc7wabc	countries/united-states/us-local/abc-7-wabc-us.png
abc7wjla	countries/united-states/us-local/abc-7-wjla-us.png
abc7wkbw	countries/united-states/us-local/abc-7-wkbw-us.png
abc7wls	countries/united-states/us-local/abc-7-wls-us.png
abc7wxyz	countries/united-states/us-local/abc-7-wxyz-us.png
abc7wzvn	countries/united-states/us-local/abc-7-wzvn-us.png
abc8kifi	countries/united-states/us-local/abc-8-kifi-us.png
abc8kjct	countries/united-states/us-local/abc-8-kjct-us.png
abc8wchs	countries/united-states/us-local/abc-8-wchs-us.png
abc8wfaa	countries/united-states/us-local/abc-8-wfaa-us.png
abc8wmtw	countries/united-states/us-local/abc-8-wmtw-us.png
abc8wtnh	countries/united-states/us-local/abc-8-wtnh-us.png
abc9kcrgdt2	countries/united-states/us-local/abc-9-kcrg-dt2-us.png
abc9kcrg	countries/united-states/us-local/abc-9-kcrg-us.png
abc9kezi	countries/united-states/us-local/abc-9-kezi-us.png
abc9kgun	countries/united-states/us-local/abc-9-kgun-us.png
abc9kmbc	countries/united-states/us-local/abc-9-kmbc-us.png
abc9ktre	countries/united-states/us-local/abc-9-ktre-us.png
abc9waow	countries/united-states/us-local/abc-9-waow-us.png
abc9wcpo	countries/united-states/us-local/abc-9-wcpo-us.png
abc9wftv	countries/united-states/us-local/abc-9-wftv-us.png
abc9wsoc	countries/united-states/us-local/abc-9-wsoc-us.png
abc9wsyr	countries/united-states/us-local/abc-9-wsyr-us.png
abc9wtvm	countries/united-states/us-local/abc-9-wtvm-us.png
abcfoxkfbb	countries/united-states/us-local/abc-fox-kfbb-us.png
abckota	countries/united-states/us-local/abc-kota-us.png
abckq2kqtv	countries/united-states/us-local/abc-kq2-kqtv-us.png
abcksfy	countries/united-states/us-local/abc-ksfy-us.png
abcweny	countries/united-states/us-local/abc-weny-us.png
abcwgno	countries/united-states/us-local/abc-wgno-us.png
abcwutr	countries/united-states/us-local/abc-wutr-us.png
cbs1011kolnkgin	countries/united-states/us-local/cbs-10-11-koln-kgin-us.png
cbs10kwtx	countries/united-states/us-local/cbs-10-kwtx-us.png
cbs10kztv	countries/united-states/us-local/cbs-10-kztv-us.png
cbs10wbns	countries/united-states/us-local/cbs-10-wbns-us.png
cbs10wtsp	countries/united-states/us-local/cbs-10-wtsp-us.png
cbs11kcby	countries/united-states/us-local/cbs-11-kcby-us.png
cbs11khouicon	countries/united-states/us-local/cbs-11-khou-icon-us.png
cbs11khou	countries/united-states/us-local/cbs-11-khou-us.png
cbs11kktv	countries/united-states/us-local/cbs-11-kktv-us.png
cbs11kthv	countries/united-states/us-local/cbs-11-kthv-us.png
cbs11wtoc	countries/united-states/us-local/cbs-11-wtoc-us.png
cbs12kcoy	countries/united-states/us-local/cbs-12-kcoy-us.png
cbs12kfvs	countries/united-states/us-local/cbs-12-kfvs-us.png
cbs12ksla	countries/united-states/us-local/cbs-12-ksla-us.png
cbs12wbng	countries/united-states/us-local/cbs-12-wbng-us.png
cbs12wdef	countries/united-states/us-local/cbs-12-wdef-us.png
cbs12wjtv	countries/united-states/us-local/cbs-12-wjtv-us.png
cbs12wkrc	countries/united-states/us-local/cbs-12-wkrc-us.png
cbs13kold	countries/united-states/us-local/cbs-13-kold-us.png
cbs13kovr	countries/united-states/us-local/cbs-13-kovr-us.png
cbs13krqe	countries/united-states/us-local/cbs-13-krqe-us.png
cbs13kval	countries/united-states/us-local/cbs-13-kval-us.png
cbs13wjz	countries/united-states/us-local/cbs-13-wjz-us.png
cbs13wmaz	countries/united-states/us-local/cbs-13-wmaz-us.png
cbs19whntdt2	countries/united-states/us-local/cbs-19-whnt-dt2-us.png
cbs19whnt	countries/united-states/us-local/cbs-19-whnt-us.png
cbs19woio	countries/united-states/us-local/cbs-19-woio-us.png
cbs2kalbdt2	countries/united-states/us-local/cbs-2-kalb-dt2-us.png
cbs2kcbs	countries/united-states/us-local/cbs-2-kcbs-us.png
cbs2kdka	countries/united-states/us-local/cbs-2-kdka-us.png
cbs2kgan	countries/united-states/us-local/cbs-2-kgan-us.png
cbs2kutv	countries/united-states/us-local/cbs-2-kutv-us.png
cbs2wbbm	countries/united-states/us-local/cbs-2-wbbm-us.png
cbs2wcbs	countries/united-states/us-local/cbs-2-wcbs-us.png
cbs2wktvdt2	countries/united-states/us-local/cbs-2-wktv-dt2-us.png
cbs21wecp	countries/united-states/us-local/cbs-21-wecp-us.png
cbs23wifr	countries/united-states/us-local/cbs-23-wifr-us.png
cbs3kbtx	countries/united-states/us-local/cbs-3-kbtx-us.png
cbs3kidk	countries/united-states/us-local/cbs-3-kidk-us.png
cbs3kmtv	countries/united-states/us-local/cbs-3-kmtv-us.png
cbs3krtv	countries/united-states/us-local/cbs-3-krtv-us.png
cbs3kyw	countries/united-states/us-local/cbs-3-kyw-us.png
cbs3wbtv	countries/united-states/us-local/cbs-3-wbtv-us.png
cbs3wcaxicon	countries/united-states/us-local/cbs-3-wcax-icon-us.png
cbs3wcax	countries/united-states/us-local/cbs-3-wcax-us.png
cbs3wfsb	countries/united-states/us-local/cbs-3-wfsb-us.png
cbs3wfsm	countries/united-states/us-local/cbs-3-wfsm-us.png
cbs3wisctv	countries/united-states/us-local/cbs-3-wisc-tv-us.png
cbs3wwmt	countries/united-states/us-local/cbs-3-wwmt-us.png
cbs4kcnc	countries/united-states/us-local/cbs-4-kcnc-us.png
cbs4kmov	countries/united-states/us-local/cbs-4-kmov-us.png
cbs4krdk	countries/united-states/us-local/cbs-4-krdk-us.png
cbs4kxlf	countries/united-states/us-local/cbs-4-kxlf-us.png
cbs4wbz	countries/united-states/us-local/cbs-4-wbz-us.png
cbs4wfor	countries/united-states/us-local/cbs-4-wfor-us.png
cbs4wgfl	countries/united-states/us-local/cbs-4-wgfl-us.png
cbs4whbf	countries/united-states/us-local/cbs-4-whbf-us.png
cbs4wivb	countries/united-states/us-local/cbs-4-wivb-us.png
cbs4wttv	countries/united-states/us-local/cbs-4-wttv-us.png
cbs4wtvy	countries/united-states/us-local/cbs-4-wtvy-us.png
cbs4wwltv	countries/united-states/us-local/cbs-4-wwltv-us.png
cbs40wnky	countries/united-states/us-local/cbs-40-wnky-us.png
cbs42wiat	countries/united-states/us-local/cbs-42-wiat-us.png
cbs47kgpe	countries/united-states/us-local/cbs-47-kgpe-us.png
cbs47wjax	countries/united-states/us-local/cbs-47-wjax-us.png
cbs5kfsm	countries/united-states/us-local/cbs-5-kfsm-us.png
cbs5kpho	countries/united-states/us-local/cbs-5-kpho-us.png
cbs5kpix	countries/united-states/us-local/cbs-5-kpix-us.png
cbs5krex	countries/united-states/us-local/cbs-5-krex-us.png
cbs5kyes	countries/united-states/us-local/cbs-5-kyes-us.png
cbs5wabi	countries/united-states/us-local/cbs-5-wabi-us.png
cbs5wnem	countries/united-states/us-local/cbs-5-wnem-us.png
cbs5wtvh	countries/united-states/us-local/cbs-5-wtvh-us.png
cbs58wdjt	countries/united-states/us-local/cbs-58-wdjt-us.png
cbs6actionnewswpvi	countries/united-states/us-local/cbs-6-action-news-wpvi-us.png
cbs6kauz	countries/united-states/us-local/cbs-6-kauz-us.png
cbs6koin	countries/united-states/us-local/cbs-6-koin-us.png
cbs6wkmg	countries/united-states/us-local/cbs-6-wkmg-us.png
cbs6wrgb	countries/united-states/us-local/cbs-6-wrgb-us.png
cbs6wtvr	countries/united-states/us-local/cbs-6-wtvr-us.png
cbs7kbzk	countries/united-states/us-local/cbs-7-kbzk-us.png
cbs7kiro	countries/united-states/us-local/cbs-7-kiro-us.png
cbs7kosa	countries/united-states/us-local/cbs-7-kosa-us.png
cbs7wdbj	countries/united-states/us-local/cbs-7-wdbj-us.png
cbs7whio	countries/united-states/us-local/cbs-7-whio-us.png
cbs7wsaw	countries/united-states/us-local/cbs-7-wsaw-us.png
cbs7wwny	countries/united-states/us-local/cbs-7-wwny-us.png
cbs8kcci	countries/united-states/us-local/cbs-8-kcci-us.png
cbs8kfmb	countries/united-states/us-local/cbs-8-kfmb-us.png
cbs8klas	countries/united-states/us-local/cbs-8-klas-us.png
cbs8kpax	countries/united-states/us-local/cbs-8-kpax-us.png
cbs8wagm	countries/united-states/us-local/cbs-8-wagm-us.png
cbs8waka	countries/united-states/us-local/cbs-8-waka-us.png
cbs8wkbt	countries/united-states/us-local/cbs-8-wkbt-us.png
cbs8wroc	countries/united-states/us-local/cbs-8-wroc-us.png
cbs8wvlt	countries/united-states/us-local/cbs-8-wvlt-us.png
cbs9kcal	countries/united-states/us-local/cbs-9-kcal-us.png
cbs9kxlh	countries/united-states/us-local/cbs-9-kxlh-us.png
cbs9wafb	countries/united-states/us-local/cbs-9-wafb-us.png
cbs9wusa	countries/united-states/us-local/cbs-9-wusa-us.png
cbsatlantawupa	countries/united-states/us-local/cbs-atlanta-wupa-us.png
cbsfox59wvns	countries/united-states/us-local/cbs-fox-59-wvns-us.png
cbskbak	countries/united-states/us-local/cbs-kbak-us.png
cbskviq	countries/united-states/us-local/cbs-kviq-us.png
cbswwtv	countries/united-states/us-local/cbs-wwtv-us.png
cw11kstw	countries/united-states/us-local/cw/cw-11-kstw-us.png
cw11wpix	countries/united-states/us-local/cw/cw-11-wpix-us.png
cw13wmaz	countries/united-states/us-local/cw/cw-13-wmaz-us.png
cw15wcwn	countries/united-states/us-local/cw/cw-15-wcwn-us.png
cw15whdf	countries/united-states/us-local/cw/cw-15-whdf-us.png
cw17wcwj	countries/united-states/us-local/cw/cw-17-wcwj-us.png
cw18kcwh	countries/united-states/us-local/cw/cw-18-kcwh-us.png
cw20wcct	countries/united-states/us-local/cw/cw-20-wcct-us.png
cw21wtto	countries/united-states/us-local/cw/cw-21-wtto-us.png
cw23wnlo	countries/united-states/us-local/cw/cw-23-wnlo-us.png
cw26wciu	countries/united-states/us-local/cw/cw-26-wciu-us.png
cw29kcwe	countries/united-states/us-local/cw/cw-29-kcwe-us.png
cw31kmax	countries/united-states/us-local/cw/cw-31-kmax-us.png
cw33wbfs	countries/united-states/us-local/cw/cw-33-wbfs-us.png
cw44wtog	countries/united-states/us-local/cw/cw-44-wtog-us.png
cw5ktla	countries/united-states/us-local/cw/cw-5-ktla-us.png
cw50wkbd	countries/united-states/us-local/cw/cw-50-wkbd-us.png
cw57wpsg	countries/united-states/us-local/cw/cw-57-wpsg-us.png
cw59kfre	countries/united-states/us-local/cw/cw-59-kfre-us.png
cw6wstmdt2	countries/united-states/us-local/cw/cw-6-wstm-dt2-us.png
cw69wupa	countries/united-states/us-local/cw/cw-69-wupa-us.png
cw8kfmbdt2	countries/united-states/us-local/cw/cw-8-kfmb-dt2-us.png
cwkbcw	countries/united-states/us-local/cw/cw-kbcw-us.png
cwkwbq	countries/united-states/us-local/cw/cw-kwbq-us.png
cwkwgn	countries/united-states/us-local/cw/cw-kwgn-us.png
cwkxtu	countries/united-states/us-local/cw/cw-kxtu-us.png
cwwccb	countries/united-states/us-local/cw/cw-wccb-us.png
cwwhamdt2	countries/united-states/us-local/cw/cw-wham-dt2-us.png
cwwpcw	countries/united-states/us-local/cw/cw-wpcw-us.png
cwwwlpdt2	countries/united-states/us-local/cw/cw-wwlp-dt2-us.png
cwwxcw	countries/united-states/us-local/cw/cw-wxcw-us.png
fox10ksaz	countries/united-states/us-local/fox-10-ksaz-us.png
fox10wala	countries/united-states/us-local/fox-10-wala-us.png
fox11kmsb	countries/united-states/us-local/fox-11-kmsb-us.png
fox11kttv	countries/united-states/us-local/fox-11-kttv-us.png
fox12kptv	countries/united-states/us-local/fox-12-kptv-us.png
fox13kstu	countries/united-states/us-local/fox-13-kstu-us.png
fox13whbq	countries/united-states/us-local/fox-13-whbq-us.png
fox14ksvt	countries/united-states/us-local/fox-14-ksvt-us.png
fox16klrt	countries/united-states/us-local/fox-16-klrt-us.png
fox17wxmi	countries/united-states/us-local/fox-17-wxmi-us.png
fox17wztv	countries/united-states/us-local/fox-17-wztv-us.png
fox18kljb	countries/united-states/us-local/fox-18-kljb-us.png
fox19wxix	countries/united-states/us-local/fox-19-wxix-us.png
fox2ktvi	countries/united-states/us-local/fox-2-ktvi-us.png
fox2ktvu	countries/united-states/us-local/fox-2-ktvu-us.png
fox2wjbk	countries/united-states/us-local/fox-2-wjbk-us.png
fox21kqds	countries/united-states/us-local/fox-21-kqds-us.png
fox21kxrm	countries/united-states/us-local/fox-21-kxrm-us.png
fox22wfvx	countries/united-states/us-local/fox-22-wfvx-us.png
fox23koki	countries/united-states/us-local/fox-23-koki-us.png
fox23wxxa	countries/united-states/us-local/fox-23-wxxa-us.png
fox24kfta	countries/united-states/us-local/fox-24-kfta-us.png
fox24wtat	countries/united-states/us-local/fox-24-wtat-us.png
fox25kokh	countries/united-states/us-local/fox-25-kokh-us.png
fox25wfxt	countries/united-states/us-local/fox-25-wfxt-us.png
fox26kmph	countries/united-states/us-local/fox-26-kmph-us.png
fox26kriv	countries/united-states/us-local/fox-26-kriv-us.png
fox28kbvu	countries/united-states/us-local/fox-28-kbvu-us.png
fox28wnyfcd	countries/united-states/us-local/fox-28-wnyf-cd-us.png
fox28wtgs	countries/united-states/us-local/fox-28-wtgs-us.png
fox29wtxf	countries/united-states/us-local/fox-29-wtxf-us.png
fox29wutv	countries/united-states/us-local/fox-29-wutv-us.png
fox30wfox	countries/united-states/us-local/fox-30-wfox-us.png
fox31kdvr	countries/united-states/us-local/fox-31-kdvr-us.png
fox32wfld	countries/united-states/us-local/fox-32-wfld-us.png
fox33wfxv	countries/united-states/us-local/fox-33-wfxv-us.png
fox34klsr	countries/united-states/us-local/fox-34-klsr-us.png
fox35kcba	countries/united-states/us-local/fox-35-kcba-us.png
fox35wofl	countries/united-states/us-local/fox-35-wofl-us.png
fox4kdfi	countries/united-states/us-local/fox-4-kdfi-us.png
fox4kdfw	countries/united-states/us-local/fox-4-kdfw-us.png
fox4kfqx	countries/united-states/us-local/fox-4-kfqx-us.png
fox4wdaf	countries/united-states/us-local/fox-4-wdaf-us.png
fox4wftx	countries/united-states/us-local/fox-4-wftx-us.png
fox40ktxl	countries/united-states/us-local/fox-40-ktxl-us.png
fox40wicz	countries/united-states/us-local/fox-40-wicz-us.png
fox42kptm	countries/united-states/us-local/fox-42-kptm-us.png
fox43wpmthz	countries/united-states/us-local/fox-43-wpmt-hz-us.png
fox44wfff	countries/united-states/us-local/fox-44-wfff-us.png
fox45wbff	countries/united-states/us-local/fox-45-wbff-us.png
fox47kxlt	countries/united-states/us-local/fox-47-kxlt-us.png
fox47wmsn	countries/united-states/us-local/fox-47-wmsn-us.png
fox5kswb	countries/united-states/us-local/fox-5-kswb-us.png
fox5kvvu	countries/united-states/us-local/fox-5-kvvu-us.png
fox5wagahz	countries/united-states/us-local/fox-5-waga-hz-us.png
fox5waga	countries/united-states/us-local/fox-5-waga-us.png
fox5wdca	countries/united-states/us-local/fox-5-wdca-us.png
fox5wnyw	countries/united-states/us-local/fox-5-wnyw-us.png
fox5wttg	countries/united-states/us-local/fox-5-wttg-us.png
fox51wogx	countries/united-states/us-local/fox-51-wogx-us.png
fox53wpgh	countries/united-states/us-local/fox-53-wpgh-us.png
fox54wzdx	countries/united-states/us-local/fox-54-wzdx-us.png
fox5527wrsp	countries/united-states/us-local/fox-55-27-wrsp-us.png
fox58kbfx	countries/united-states/us-local/fox-58-kbfx-us.png
fox6wbrc	countries/united-states/us-local/fox-6-wbrc-us.png
fox6witi	countries/united-states/us-local/fox-6-witi-us.png
fox61wtic	countries/united-states/us-local/fox-61-wtic-us.png
fox68wsyt	countries/united-states/us-local/fox-68-wsyt-us.png
fox7ktbc	countries/united-states/us-local/fox-7-ktbc-us.png
fox8wghp	countries/united-states/us-local/fox-8-wghp-us.png
fox8wjw	countries/united-states/us-local/fox-8-wjw-us.png
fox8wvue	countries/united-states/us-local/fox-8-wvue-us.png
fox9kecy	countries/united-states/us-local/fox-9-kecy-us.png
fox9kmsp	countries/united-states/us-local/fox-9-kmsp-us.png
fox9wtov	countries/united-states/us-local/fox-9-wtov-us.png
foxkrqedt2	countries/united-states/us-local/fox-krqe-dt2-us.png
foxpluswpwr	countries/united-states/us-local/fox-plus-wpwr-us.png
foxwjzy	countries/united-states/us-local/fox-wjzy-us.png
foxwuhf	countries/united-states/us-local/fox-wuhf-us.png
foxwydc	countries/united-states/us-local/fox-wydc-us.png
foxwzaw	countries/united-states/us-local/fox-wzaw-us.png
kcdotv	countries/united-states/us-local/kcdo-tv-us.png
kgwntv	countries/united-states/us-local/kgwn-tv-us.png
knbn	countries/united-states/us-local/knbn-us.png
my13kcop	countries/united-states/us-local/mytv/my-13-kcop-us.png
my20ktvd	countries/united-states/us-local/mytv/my-20-ktvd-us.png
my20visionktxhhz	countries/united-states/us-local/mytv/my-20-vision-ktxh-hz-us.png
my20visionktxh	countries/united-states/us-local/mytv/my-20-vision-ktxh-us.png
my4wnya	countries/united-states/us-local/mytv/my-4-wnya-us.png
my40wmya	countries/united-states/us-local/mytv/my-40-wmya-us.png
my50kasy	countries/united-states/us-local/mytv/my-50-kasy-us.png
my58kqca	countries/united-states/us-local/mytv/my-58-kqca-us.png
my9wwor	countries/united-states/us-local/mytv/my-9-wwor-us.png
mykktvdt2	countries/united-states/us-local/mytv/my-kktv-dt2-us.png
mywctx	countries/united-states/us-local/mytv/my-wctx-us.png
nbc10kmot	countries/united-states/us-local/nbc-10-kmot-us.png
nbc10wbir	countries/united-states/us-local/nbc-10-wbir-us.png
nbc10wbtscd	countries/united-states/us-local/nbc-10-wbts-cd-us.png
nbc10wcau	countries/united-states/us-local/nbc-10-wcau-us.png
nbc10whec	countries/united-states/us-local/nbc-10-whec-us.png
nbc10wilx	countries/united-states/us-local/nbc-10-wilx-us.png
nbc10wsls	countries/united-states/us-local/nbc-10-wsls-us.png
nbc11kare	countries/united-states/us-local/nbc-11-kare-us.png
nbc11kcbd	countries/united-states/us-local/nbc-11-kcbd-us.png
nbc11kkco	countries/united-states/us-local/nbc-11-kkco-us.png
nbc11ktvf	countries/united-states/us-local/nbc-11-ktvf-us.png
nbc11kvly	countries/united-states/us-local/nbc-11-kvly-us.png
nbc11kyma	countries/united-states/us-local/nbc-11-kyma-us.png
nbc11wbal	countries/united-states/us-local/nbc-11-wbal-us.png
nbc11wpxi	countries/united-states/us-local/nbc-11-wpxi-us.png
nbc11wxia	countries/united-states/us-local/nbc-11-wxia-us.png
nbc12kpnx	countries/united-states/us-local/nbc-12-kpnx-us.png
nbc12wsfa	countries/united-states/us-local/nbc-12-wsfa-us.png
nbc12wtlv	countries/united-states/us-local/nbc-12-wtlv-us.png
nbc12wwbt	countries/united-states/us-local/nbc-12-wwbt-us.png
nbc13kcwy	countries/united-states/us-local/nbc-13-kcwy-us.png
nbc13wnyt	countries/united-states/us-local/nbc-13-wnyt-us.png
nbc13wrex	countries/united-states/us-local/nbc-13-wrex-us.png
nbc13wthr	countries/united-states/us-local/nbc-13-wthr-us.png
nbc13wvtm	countries/united-states/us-local/nbc-13-wvtm-us.png
nbc17kget	countries/united-states/us-local/nbc-17-kget-us.png
nbc18wetm	countries/united-states/us-local/nbc-18-wetm-us.png
nbc2knop	countries/united-states/us-local/nbc-2-knop-us.png
nbc2kprc	countries/united-states/us-local/nbc-2-kprc-us.png
nbc2ktuu	countries/united-states/us-local/nbc-2-ktuu-us.png
nbc2wbbh	countries/united-states/us-local/nbc-2-wbbh-us.png
nbc2wesh	countries/united-states/us-local/nbc-2-wesh-us.png
nbc2wgrz	countries/united-states/us-local/nbc-2-wgrz-us.png
nbc2wktv	countries/united-states/us-local/nbc-2-wktv-us.png
nbc21ktvz	countries/united-states/us-local/nbc-21-ktvz-us.png
nbc21wpta	countries/united-states/us-local/nbc-21-wpta-us.png
nbc22wwlp	countries/united-states/us-local/nbc-22-wwlp-us.png
nbc24ksee	countries/united-states/us-local/nbc-24-ksee-us.png
nbc3kcra	countries/united-states/us-local/nbc-3-kcra-us.png
nbc3kiem	countries/united-states/us-local/nbc-3-kiem-us.png
nbc3ksnv	countries/united-states/us-local/nbc-3-ksnv-us.png
nbc3kytv	countries/united-states/us-local/nbc-3-kytv-us.png
nbc3wlbt	countries/united-states/us-local/nbc-3-wlbt-us.png
nbc3wrcb	countries/united-states/us-local/nbc-3-wrcb-us.png
nbc3wsaz	countries/united-states/us-local/nbc-3-wsaz-us.png
nbc3wstm	countries/united-states/us-local/nbc-3-wstm-us.png
nbc33wise	countries/united-states/us-local/nbc-33-wise-us.png
nbc38wltz	countries/united-states/us-local/nbc-38-wltz-us.png
nbc4kark	countries/united-states/us-local/nbc-4-kark-us.png
nbc4knbc	countries/united-states/us-local/nbc-4-knbc-us.png
nbc4kob	countries/united-states/us-local/nbc-4-kob-us.png
nbc4ksnb	countries/united-states/us-local/nbc-4-ksnb-us.png
nbc4ktiv	countries/united-states/us-local/nbc-4-ktiv-us.png
nbc4kvoa	countries/united-states/us-local/nbc-4-kvoa-us.png
nbc4wnbc	countries/united-states/us-local/nbc-4-wnbc-us.png
nbc4wrc	countries/united-states/us-local/nbc-4-wrc-us.png
nbc4wtmj	countries/united-states/us-local/nbc-4-wtmj-us.png
nbc41wmgt	countries/united-states/us-local/nbc-41-wmgt-us.png
nbc48waff	countries/united-states/us-local/nbc-48-waff-us.png
nbc5kalb	countries/united-states/us-local/nbc-5-kalb-us.png
nbc5kfyr	countries/united-states/us-local/nbc-5-kfyr-us.png
nbc5koaa	countries/united-states/us-local/nbc-5-koaa-us.png
nbc5ksl	countries/united-states/us-local/nbc-5-ksl-us.png
nbc5kxas	countries/united-states/us-local/nbc-5-kxas-us.png
nbc5wbgh	countries/united-states/us-local/nbc-5-wbgh-us.png
nbc5wcyb	countries/united-states/us-local/nbc-5-wcyb-us.png
nbc5wlwt	countries/united-states/us-local/nbc-5-wlwt-us.png
nbc5wmaq	countries/united-states/us-local/nbc-5-wmaq-us.png
nbc5wmc	countries/united-states/us-local/nbc-5-wmc-us.png
nbc5wptv	countries/united-states/us-local/nbc-5-wptv-us.png
nbc5wptz	countries/united-states/us-local/nbc-5-wptz-us.png
nbc6kbjr	countries/united-states/us-local/nbc-6-kbjr-us.png
nbc6khq	countries/united-states/us-local/nbc-6-khq-us.png
nbc6kris	countries/united-states/us-local/nbc-6-kris-us.png
nbc6ksby	countries/united-states/us-local/nbc-6-ksby-us.png
nbc6kwqc	countries/united-states/us-local/nbc-6-kwqc-us.png
nbc6wcsh	countries/united-states/us-local/nbc-6-wcsh-us.png
nbc6wdsu	countries/united-states/us-local/nbc-6-wdsu-us.png
nbc6wect	countries/united-states/us-local/nbc-6-wect-us.png
nbc6wluc	countries/united-states/us-local/nbc-6-wluc-us.png
nbc6wowt	countries/united-states/us-local/nbc-6-wowt-us.png
nbc6wpsd	countries/united-states/us-local/nbc-6-wpsd-us.png
nbc6wtvj	countries/united-states/us-local/nbc-6-wtvj-us.png
nbc6wvva	countries/united-states/us-local/nbc-6-wvva-us.png
nbc7knsd	countries/united-states/us-local/nbc-7-knsd-us.png
nbc7ktvb	countries/united-states/us-local/nbc-7-ktvb-us.png
nbc7kwwl	countries/united-states/us-local/nbc-7-kwwl-us.png
nbc7witn	countries/united-states/us-local/nbc-7-witn-us.png
nbc7wjhg	countries/united-states/us-local/nbc-7-wjhg-us.png
nbc8kgns	countries/united-states/us-local/nbc-8-kgns-us.png
nbc8kgw	countries/united-states/us-local/nbc-8-kgw-us.png
nbc8kobr	countries/united-states/us-local/nbc-8-kobr-us.png
nbc8komu	countries/united-states/us-local/nbc-8-komu-us.png
nbc8kulr	countries/united-states/us-local/nbc-8-kulr-us.png
nbc9kusa	countries/united-states/us-local/nbc-9-kusa-us.png
nbc9kwes	countries/united-states/us-local/nbc-9-kwes-us.png
nbc9newskusa	countries/united-states/us-local/nbc-9-news-kusa-us.png
nbc9wnbw	countries/united-states/us-local/nbc-9-wnbw-us.png
nbc9wtov	countries/united-states/us-local/nbc-9-wtov-us.png
nbcctwvit	countries/united-states/us-local/nbc-ct-wvit-us.png
nbckdlt	countries/united-states/us-local/nbc-kdlt-us.png
nbckhnl	countries/united-states/us-local/nbc-khnl-us.png
nbckntv	countries/united-states/us-local/nbc-kntv-us.png
nbcktvh	countries/united-states/us-local/nbc-ktvh-us.png
nbcwcnc	countries/united-states/us-local/nbc-wcnc-us.png
nbcwgem	countries/united-states/us-local/nbc-wgem-us.png
nbcwrgx	countries/united-states/us-local/nbc-wrgx-us.png
nbcwtap	countries/united-states/us-local/nbc-wtap-us.png
pbs11wttw	countries/united-states/us-local/pbs/pbs-11-wttw-us.png
pbs12kbdi	countries/united-states/us-local/pbs/pbs-12-kbdi-us.png
pbs21wliw	countries/united-states/us-local/pbs/pbs-21-wliw-us.png
pbsdetroitwtvs	countries/united-states/us-local/pbs/pbs-detroit-wtvs-us.png
pbskenw	countries/united-states/us-local/pbs/pbs-kenw-us.png
pbsknmd	countries/united-states/us-local/pbs/pbs-knmd-us.png
pbsknme	countries/united-states/us-local/pbs/pbs-knme-us.png
pbskrma	countries/united-states/us-local/pbs/pbs-krma-us.png
pbsnprkrwg	countries/united-states/us-local/pbs/pbs-npr-krwg-us.png
pbswcfe	countries/united-states/us-local/pbs/pbs-wcfe-us.png
pbswcny	countries/united-states/us-local/pbs/pbs-wcny-us.png
pbswdse	countries/united-states/us-local/pbs/pbs-wdse-us.png
pbswedh	countries/united-states/us-local/pbs/pbs-wedh-us.png
pbswgcu	countries/united-states/us-local/pbs/pbs-wgcu-us.png
pbswjctjax	countries/united-states/us-local/pbs/pbs-wjct-jax-us.png
pbswmht	countries/united-states/us-local/pbs/pbs-wmht-us.png
pbswned	countries/united-states/us-local/pbs/pbs-wned-us.png
pbswnet	countries/united-states/us-local/pbs/pbs-wnet-us.png
pbswnjt	countries/united-states/us-local/pbs/pbs-wnjt-us.png
pbswpbs	countries/united-states/us-local/pbs/pbs-wpbs-us.png
pbswqed	countries/united-states/us-local/pbs/pbs-wqed-us.png
pbswskg	countries/united-states/us-local/pbs/pbs-wskg-us.png
pbswuft	countries/united-states/us-local/pbs/pbs-wuft-us.png
pbswxxi	countries/united-states/us-local/pbs/pbs-wxxi-us.png
seattle11kstw	countries/united-states/us-local/seattle-11-kstw-us.png
spectrumbaynews9	countries/united-states/us-local/spectrum-bay-news-9-us.png
spectrumnewsny1	countries/united-states/us-local/spectrum-news-ny1-us.png
spectrumnoticiasny1	countries/united-states/us-local/spectrum-noticias-ny1-us.png
telemundo2kasa	countries/united-states/us-local/telemundo/telemundo-2-kasa-us.png
telemundo47wnju	countries/united-states/us-local/telemundo/telemundo-47-wnju-us.png
telemundo48ktdoelpaso	countries/united-states/us-local/telemundo/telemundo-48-ktdo-el-paso-us.png
telemundocoloradospringspueblokrdodt2	countries/united-states/us-local/telemundo/telemundo-colorado-springs-pueblo-krdo-dt2-us.png
telemundoconnecticutwrdm	countries/united-states/us-local/telemundo/telemundo-connecticut-wrdm-us.png
telemundodenverkden	countries/united-states/us-local/telemundo/telemundo-denver-kden-us.png
telemundokblr	countries/united-states/us-local/telemundo/telemundo-kblr-us.png
telemundonuevomexico	countries/united-states/us-local/telemundo/telemundo-nuevo-mexico-us.png
telemundopuertoricowkaqtvhzpr	countries/united-states/us-local/telemundo/telemundo-puerto-rico-wkaq-tv-hz-us-pr.png
telemundopuertoricowkaqtvpr	countries/united-states/us-local/telemundo/telemundo-puerto-rico-wkaq-tv-us-pr.png
tv32kazq	countries/united-states/us-local/tv-32-kazq-us.png
unimasdenverktfd	countries/united-states/us-local/unimas/unimas-denver-ktfd-us.png
unimasnuevayorkwfut	countries/united-states/us-local/unimas/unimas-nueva-york-wfut-us.png
unimasnuevomexicoktfq	countries/united-states/us-local/unimas/unimas-nuevo-mexico-ktfq-us.png
univision34kmexhz	countries/united-states/us-local/univision/univision-34-kmex-hz-us.png
univision34kmex	countries/united-states/us-local/univision/univision-34-kmex-us.png
univision41wxtvnuevayork	countries/united-states/us-local/univision/univision-41-wxtv-nueva-york-us.png
univisioncoloradokcec	countries/united-states/us-local/univision/univision-colorado-kcec-us.png
univisionhz	countries/united-states/us-local/univision/univision-hz-us.png
univisionkluznuevomexico	countries/united-states/us-local/univision/univision-kluz-nuevo-mexico-us.png
wacp4	countries/united-states/us-local/wacp-4-us.png
wdsc15	countries/united-states/us-local/wdsc-15-us.png
wgn9chicago	countries/united-states/us-local/wgn-9-chicago-us.png
wink	countries/united-states/us-local/wink-us.png
wjxt	countries/united-states/us-local/wjxt-us.png
wlny	countries/united-states/us-local/wlny-us.png
wmbctv	countries/united-states/us-local/wmbc-tv-us.png
wthi10news	countries/united-states/us-local/wthi-10-news-us.png
vme	countries/united-states/v-me-us.png
vice	countries/united-states/vice-us.png
viendomovieslight	countries/united-states/viendo-movies-light-us.png
viendomovies	countries/united-states/viendo-movies-us.png
vmekids	countries/united-states/vme-kids-us.png
vsin	countries/united-states/vsin-us.png
waypointtv	countries/united-states/waypoint-tv-us.png
wetv	countries/united-states/we-tv-us.png
weathernation	countries/united-states/weathernation-us.png
wgnamerica	countries/united-states/wgn-america-us.png
willow	countries/united-states/willow-us.png
willowxtra	countries/united-states/willow-xtra-us.png
wnbaleaguepass	countries/united-states/wnba-league-pass-us.png
worldfishingnetwork	countries/united-states/world-fishing-network-us.png
worldpbs	countries/united-states/world-pbs-us.png
wwe	countries/united-states/wwe-us.png
xcorpstv	countries/united-states/xcorps-tv-us.png
yesnetwork	countries/united-states/yes-network-us.png
youtooamericaicon	countries/united-states/you-too-america-icon-us.png
youtooamerica	countries/united-states/you-too-america-us.png
zliving	countries/united-states/z-living-us.png
africamagicepicafr	countries/world-africa/africa-magic-epic-afr.png
africamagicfamilyafr	countries/world-africa/africa-magic-family-afr.png
africamagichausaafr	countries/world-africa/africa-magic-hausa-afr.png
africamagicholidaychannelafr	countries/world-africa/africa-magic-holiday-channel-afr.png
africamagicigboafr	countries/world-africa/africa-magic-igbo-afr.png
africamagicshowcaseafr	countries/world-africa/africa-magic-showcase-afr.png
africamagicurbanafr	countries/world-africa/africa-magic-urban-afr.png
africamagicyorubaafr	countries/world-africa/africa-magic-yoruba-afr.png
celebrationtvafr	countries/world-africa/celebration-tv-afr.png
channels24afr	countries/world-africa/channels-24-afr.png
channelsafr	countries/world-africa/channels-afr.png
cnbcafricaafr	countries/world-africa/cnbc-africa-afr.png
curiositychannelafr	countries/world-africa/curiosity-channel-afr.png
curiositychannelhzafr	countries/world-africa/curiosity-channel-hz-afr.png
dunamistvafr	countries/world-africa/dunamis-tv-afr.png
novelastvafr	countries/world-africa/novelas-tv-afr.png
starmundoafr	countries/world-africa/star-mundo-afr.png
tbnafricaafr	countries/world-africa/tbn-africa-afr.png
theboxafricaafr	countries/world-africa/the-box-africa-afr.png
theboxafricahzafr	countries/world-africa/the-box-africa-hz-afr.png
travelxpafr	countries/world-africa/travelxp-afr.png
tvcnewsafr	countries/world-africa/tvc-news-afr.png
beinsportsrugbyasi	countries/world-asia/bein-sports-rugby-asi.png
blueantentertainmentasi	countries/world-asia/blue-ant-entertainment-asi.png
blueantextremeasi	countries/world-asia/blue-ant-extreme-asi.png
cinemaworldasi	countries/world-asia/cinema-world-asi.png
disneyplushotstarasi	countries/world-asia/disney-plus-hotstar-asi.png
disneyplushotstarhzasi	countries/world-asia/disney-plus-hotstar-hz-asi.png
foxsports1asi	countries/world-asia/fox-sports-1-asi.png
foxsports2asi	countries/world-asia/fox-sports-2-asi.png
foxsports3asi	countries/world-asia/fox-sports-3-asi.png
foxsportsasi	countries/world-asia/fox-sports-asi.png
hitsasi	countries/world-asia/hits-asi.png
hitsmoviesasi	countries/world-asia/hits-movies-asi.png
kixasi	countries/world-asia/kix-asi.png
rockactionasi	countries/world-asia/rock-action-asi.png
rockentertainmentasi	countries/world-asia/rock-entertainment-asi.png
rockextremeasi	countries/world-asia/rock-extreme-asi.png
starasi	countries/world-asia/star-asi.png
arenaesporteu	countries/world-europe/arena-sport/arena-esport-eu.png
arenaesporticoneu	countries/world-europe/arena-sport/arena-esport-icon-eu.png
arenafighteu	countries/world-europe/arena-sport/arena-fight-eu.png
arenasport1eu	countries/world-europe/arena-sport/arena-sport-1-eu.png
arenasport1iconeu	countries/world-europe/arena-sport/arena-sport-1-icon-eu.png
arenasport10eu	countries/world-europe/arena-sport/arena-sport-10-eu.png
arenasport10iconeu	countries/world-europe/arena-sport/arena-sport-10-icon-eu.png
arenasport1x2eu	countries/world-europe/arena-sport/arena-sport-1x2-eu.png
arenasport2eu	countries/world-europe/arena-sport/arena-sport-2-eu.png
arenasport2iconeu	countries/world-europe/arena-sport/arena-sport-2-icon-eu.png
arenasport3eu	countries/world-europe/arena-sport/arena-sport-3-eu.png
arenasport3iconeu	countries/world-europe/arena-sport/arena-sport-3-icon-eu.png
arenasport4eu	countries/world-europe/arena-sport/arena-sport-4-eu.png
arenasport4iconeu	countries/world-europe/arena-sport/arena-sport-4-icon-eu.png
arenasport5eu	countries/world-europe/arena-sport/arena-sport-5-eu.png
arenasport5iconeu	countries/world-europe/arena-sport/arena-sport-5-icon-eu.png
arenasport6eu	countries/world-europe/arena-sport/arena-sport-6-eu.png
arenasport6iconeu	countries/world-europe/arena-sport/arena-sport-6-icon-eu.png
arenasport7eu	countries/world-europe/arena-sport/arena-sport-7-eu.png
arenasport7iconeu	countries/world-europe/arena-sport/arena-sport-7-icon-eu.png
arenasport8eu	countries/world-europe/arena-sport/arena-sport-8-eu.png
arenasport8iconeu	countries/world-europe/arena-sport/arena-sport-8-icon-eu.png
arenasport9eu	countries/world-europe/arena-sport/arena-sport-9-eu.png
arenasport9iconeu	countries/world-europe/arena-sport/arena-sport-9-icon-eu.png
brazzerstveuropeeu	countries/world-europe/brazzers-tv-europe-eu.png
cnbceu	countries/world-europe/cnbc-eu.png
ducktveu	countries/world-europe/duck-tv-eu.png
minimaxeu	countries/world-europe/minimax-eu.png
mtv00seu	countries/world-europe/mtv-00s-eu.png
museumeu	countries/world-europe/museum-4k-eu.png
privateeu	countries/world-europe/private-hd-eu.png
redlighteu	countries/world-europe/redlight-hd-eu.png
rossiyabudushchegotveu	countries/world-europe/rossiya-budushchego-tv-eu.png
venuseu	countries/world-europe/venus-eu.png
adrenalinasportsnetworklam	countries/world-latin-america/adrenalina-sports-network-lam.png
amcselektlam	countries/world-latin-america/amc-selekt-4k-lam.png
amcserieslam	countries/world-latin-america/amc-series-lam.png
animalplanetlam	countries/world-latin-america/animal-planet-lam.png
aztecacinemalam	countries/world-latin-america/azteca-cinema-lam.png
aztecainternationallam	countries/world-latin-america/azteca-international-lam.png
bandamaxlam	countries/world-latin-america/bandamax-lam.png
bitmelam	countries/world-latin-america/bitme-lam.png
canalclarolam	countries/world-latin-america/canal-claro-lam.png
cartoonitolam	countries/world-latin-america/cartoonito-lam.png
cinecanallam	countries/world-latin-america/cine-canal-lam.png
cinemaxlam	countries/world-latin-america/cinemax-lam.png
claromusicalam	countries/world-latin-america/claro-musica-lam.png
clarosports1lam	countries/world-latin-america/claro-sports-1-lam.png
clarosports2lam	countries/world-latin-america/claro-sports-2-lam.png
clarosportslam	countries/world-latin-america/claro-sports-lam.png
cnnenespanollam	countries/world-latin-america/cnn-en-espanol-lam.png
peliculaclasicolam	countries/world-latin-america/de-pelicula-clasico-lam.png
peliculalam	countries/world-latin-america/de-pelicula-lam.png
peliculapluslam	countries/world-latin-america/de-pelicula-plus-lam.png
discoveryhomeandhealthlam	countries/world-latin-america/discovery-home-and-health-hd-lam.png
discoveryhomeandhealthhzlam	countries/world-latin-america/discovery-home-and-health-hz-lam.png
discoverykidsiconlam	countries/world-latin-america/discovery-kids-icon-lam.png
discoverykidslam	countries/world-latin-america/discovery-kids-lam.png
discoverykidspluslam	countries/world-latin-america/discovery-kids-plus-lam.png
discoverytheaterlam	countries/world-latin-america/discovery-theater-hd-lam.png
discoveryturbolat	countries/world-latin-america/discovery-turbo-lat.png
disneychannellam	countries/world-latin-america/disney-channel-lam.png
disneyjrlam	countries/world-latin-america/disney-jr-lam.png
disneyxdlam	countries/world-latin-america/disney-xd-hd-lam.png
distritocomedialam	countries/world-latin-america/distrito-comedia-lam.png
dreamworkschannellam	countries/world-latin-america/dreamworks-channel-lam.png
dsportslam	countries/world-latin-america/dsports-lam.png
dsportspluslam	countries/world-latin-america/dsports-plus-lam.png
dsports2lam	countries/world-latin-america/dsports2-lam.png
elgourmetlam	countries/world-latin-america/el-gourmet-lam.png
espn2lam	countries/world-latin-america/espn-2-lam.png
espn3lam	countries/world-latin-america/espn-3-lam.png
espn4lam	countries/world-latin-america/espn-4-lam.png
espn5lam	countries/world-latin-america/espn-5-lam.png
espn6lam	countries/world-latin-america/espn-6-lam.png
espn7lam	countries/world-latin-america/espn-7-lam.png
espnextralam	countries/world-latin-america/espn-extra-lam.png
espnlam	countries/world-latin-america/espn-lam.png
espnpremiumlam	countries/world-latin-america/espn-premium-lam.png
filmandartslam	countries/world-latin-america/film-and-arts-lam.png
foxchannellam	countries/world-latin-america/fox-channel-lam.png
foxlifelam	countries/world-latin-america/fox-life-lam.png
foxpremiumactionlam	countries/world-latin-america/fox-premium-action-hd-lam.png
foxpremiumcinemalam	countries/world-latin-america/fox-premium-cinema-hd-lam.png
foxpremiumclassicslam	countries/world-latin-america/fox-premium-classics-hd-lam.png
foxpremiumcomedylam	countries/world-latin-america/fox-premium-comedy-hd-lam.png
foxpremiumfamilylam	countries/world-latin-america/fox-premium-family-hd-lam.png
foxpremiumhzlam	countries/world-latin-america/fox-premium-hz-lam.png
foxpremiumlam	countries/world-latin-america/fox-premium-lam.png
foxpremiummovieslam	countries/world-latin-america/fox-premium-movies-hd-lam.png
foxpremiumserieslam	countries/world-latin-america/fox-premium-series-hd-lam.png
foxsports1lam	countries/world-latin-america/fox-sports-1-hd-lam.png
foxsports2lam	countries/world-latin-america/fox-sports-2-hd-lam.png
foxsports3lam	countries/world-latin-america/fox-sports-3-hd-lam.png
foxsportslam	countries/world-latin-america/fox-sports-hd-lam.png
foxsportspremiumlam	countries/world-latin-america/fox-sports-premium-lam.png
fxlam	countries/world-latin-america/fx-hd-lam.png
fxmlam	countries/world-latin-america/fxm-hd-lam.png
goldenedgelam	countries/world-latin-america/golden-edge-lam.png
goldenlam	countries/world-latin-america/golden-lam.png
goldenpluslam	countries/world-latin-america/golden-plus-lam.png
goldenpremierlam	countries/world-latin-america/golden-premier-lam.png
golfchannelonnbclam	countries/world-latin-america/golf-channel-on-nbc-lam.png
hbo2lam	countries/world-latin-america/hbo-2-lam.png
hbofamilylam	countries/world-latin-america/hbo-family-lam.png
hbolam	countries/world-latin-america/hbo-lam.png
hbomundilam	countries/world-latin-america/hbo-mundi-lam.png
hbopluslam	countries/world-latin-america/hbo-plus-lam.png
hbopoplam	countries/world-latin-america/hbo-pop-lam.png
hbosignaturelam	countries/world-latin-america/hbo-signature-lam.png
hboxtremelam	countries/world-latin-america/hbo-xtreme-lam.png
historychannel2lam	countries/world-latin-america/history-channel-2-lam.png
historychannellam	countries/world-latin-america/history-channel-lam.png
isatlam	countries/world-latin-america/i-sat-lam.png
muchmusiclam	countries/world-latin-america/much-music-lam.png
natgeokidslam	countries/world-latin-america/nat-geo-kids-lam.png
nationalgeographiclam	countries/world-latin-america/national-geographic-hd-lam.png
nationalgeographicwildhzlam	countries/world-latin-america/national-geographic-wild-hd-hz-lam.png
nationalgeographicwildlam	countries/world-latin-america/national-geographic-wild-lam.png
nickelodeonlam	countries/world-latin-america/nickelodeon-lam.png
sonychannellam	countries/world-latin-america/sony-channel-lam.png
spacelam	countries/world-latin-america/space-lam.png
staractionlam	countries/world-latin-america/star-action-lam.png
starchannellam	countries/world-latin-america/star-channel-lam.png
starcinemalam	countries/world-latin-america/star-cinema-lam.png
starclassicslam	countries/world-latin-america/star-classics-lam.png
starcomedylam	countries/world-latin-america/star-comedy-lam.png
starfunlam	countries/world-latin-america/star-fun-lam.png
starhits2lam	countries/world-latin-america/star-hits-2-lam.png
starhitslam	countries/world-latin-america/star-hits-lam.png
starlam	countries/world-latin-america/star-lam.png
starlifelam	countries/world-latin-america/star-life-lam.png
starpluslam	countries/world-latin-america/star-plus-lam.png
starpremiumlam	countries/world-latin-america/star-premium-lam.png
starserieslam	countries/world-latin-america/star-series-lam.png
studiouniversallam	countries/world-latin-america/studio-universal-lam.png
telehitlam	countries/world-latin-america/telehit-lam.png
tlnovelaslam	countries/world-latin-america/tlnovelas-lam.png
tntnovelaslam	countries/world-latin-america/tnt-novelas-lam.png
tntserieslam	countries/world-latin-america/tnt-series-lam.png
tntsportslam	countries/world-latin-america/tnt-sports-lam.png
tntsportspremiumlam	countries/world-latin-america/tnt-sports-premium-lam.png
tooncastlam	countries/world-latin-america/tooncast-lam.png
unicablelam	countries/world-latin-america/unicable-lam.png
universalcinemalam	countries/world-latin-america/universal-cinema-lam.png
universalcomedylam	countries/world-latin-america/universal-comedy-lam.png
universalcrimelam	countries/world-latin-america/universal-crime-lam.png
universalpluslam	countries/world-latin-america/universal-plus-lam.png
universalpremierelam	countries/world-latin-america/universal-premiere-lam.png
universalrealitylam	countries/world-latin-america/universal-reality-lam.png
universaltvlam	countries/world-latin-america/universal-tv-lam.png
networklam	countries/world-latin-america/usa-network-lam.png
vixlam	countries/world-latin-america/vix-lam.png
vixpluslam	countries/world-latin-america/vix-plus-lam.png
warnerchannellam	countries/world-latin-america/warner-channel-lam.png
beinboxoffice1hzmea	countries/world-middle-east/bein-box-office-1-hz-mea.png
beinboxoffice1mea	countries/world-middle-east/bein-box-office-1-mea.png
beinboxoffice2hzmea	countries/world-middle-east/bein-box-office-2-hz-mea.png
beinboxoffice2mea	countries/world-middle-east/bein-box-office-2-mea.png
beindrama1hzmea	countries/world-middle-east/bein-drama-1-hz-mea.png
beindrama1mea	countries/world-middle-east/bein-drama-1-mea.png
beingourmethzmea	countries/world-middle-east/bein-gourmet-hz-mea.png
beingourmetmea	countries/world-middle-east/bein-gourmet-mea.png
beinmovies1premierehzmea	countries/world-middle-east/bein-movies-1-premiere-hz-mea.png
beinmovies1premieremea	countries/world-middle-east/bein-movies-1-premiere-mea.png
beinmovies2actionhzmea	countries/world-middle-east/bein-movies-2-action-hz-mea.png
beinmovies2actionmea	countries/world-middle-east/bein-movies-2-action-mea.png
beinmovies3dramahzmea	countries/world-middle-east/bein-movies-3-drama-hz-mea.png
beinmovies3dramamea	countries/world-middle-east/bein-movies-3-drama-mea.png
beinmovies4familyhzmea	countries/world-middle-east/bein-movies-4-family-hz-mea.png
beinmovies4familymea	countries/world-middle-east/bein-movies-4-family-mea.png
beinseries1hzmea	countries/world-middle-east/bein-series-1-hz-mea.png
beinseries1mea	countries/world-middle-east/bein-series-1-mea.png
beinseries2hzmea	countries/world-middle-east/bein-series-2-hz-mea.png
beinseries2mea	countries/world-middle-east/bein-series-2-mea.png
beinsports1englishhzmea	countries/world-middle-east/bein-sports/bein-sports-1-english-hz-mea.png
beinsports1englishmea	countries/world-middle-east/bein-sports/bein-sports-1-english-mea.png
beinsports1frenchmea	countries/world-middle-east/bein-sports/bein-sports-1-french-mea.png
beinsports1hzmea	countries/world-middle-east/bein-sports/bein-sports-1-hz-mea.png
beinsports1maxmea	countries/world-middle-east/bein-sports/bein-sports-1-max-mea.png
beinsports1mea	countries/world-middle-east/bein-sports/bein-sports-1-mea.png
beinsports1premiummea	countries/world-middle-east/bein-sports/bein-sports-1-premium-mea.png
beinsports1xtrahzmea	countries/world-middle-east/bein-sports/bein-sports-1-xtra-hz-mea.png
beinsports1xtramea	countries/world-middle-east/bein-sports/bein-sports-1-xtra-mea.png
beinsports2englishhzmea	countries/world-middle-east/bein-sports/bein-sports-2-english-hz-mea.png
beinsports2englishmea	countries/world-middle-east/bein-sports/bein-sports-2-english-mea.png
beinsports2frenchmea	countries/world-middle-east/bein-sports/bein-sports-2-french-mea.png
beinsports2hzmea	countries/world-middle-east/bein-sports/bein-sports-2-hz-mea.png
beinsports2maxmea	countries/world-middle-east/bein-sports/bein-sports-2-max-mea.png
beinsports2mea	countries/world-middle-east/bein-sports/bein-sports-2-mea.png
beinsports2premiummea	countries/world-middle-east/bein-sports/bein-sports-2-premium-mea.png
beinsports2xtrahzmea	countries/world-middle-east/bein-sports/bein-sports-2-xtra-hz-mea.png
beinsports2xtramea	countries/world-middle-east/bein-sports/bein-sports-2-xtra-mea.png
beinsports3englishhzmea	countries/world-middle-east/bein-sports/bein-sports-3-english-hz-mea.png
beinsports3englishmea	countries/world-middle-east/bein-sports/bein-sports-3-english-mea.png
beinsports3frenchmea	countries/world-middle-east/bein-sports/bein-sports-3-french-mea.png
beinsports3hzmea	countries/world-middle-east/bein-sports/bein-sports-3-hz-mea.png
beinsports3maxmea	countries/world-middle-east/bein-sports/bein-sports-3-max-mea.png
beinsports3mea	countries/world-middle-east/bein-sports/bein-sports-3-mea.png
beinsports3premiummea	countries/world-middle-east/bein-sports/bein-sports-3-premium-mea.png
beinsports4hzmea	countries/world-middle-east/bein-sports/bein-sports-4-hz-mea.png
beinsports4maxmea	countries/world-middle-east/bein-sports/bein-sports-4-max-mea.png
beinsports4mea	countries/world-middle-east/bein-sports/bein-sports-4-mea.png
beinsportsmea	countries/world-middle-east/bein-sports/bein-sports-4k-mea.png
beinsports5hzmea	countries/world-middle-east/bein-sports/bein-sports-5-hz-mea.png
beinsports5maxmea	countries/world-middle-east/bein-sports/bein-sports-5-max-mea.png
beinsports5mea	countries/world-middle-east/bein-sports/bein-sports-5-mea.png
beinsports6hzmea	countries/world-middle-east/bein-sports/bein-sports-6-hz-mea.png
beinsports6maxmea	countries/world-middle-east/bein-sports/bein-sports-6-max-mea.png
beinsports6mea	countries/world-middle-east/bein-sports/bein-sports-6-mea.png
beinsports7hzmea	countries/world-middle-east/bein-sports/bein-sports-7-hz-mea.png
beinsports7mea	countries/world-middle-east/bein-sports/bein-sports-7-mea.png
beinsportsarabicmea	countries/world-middle-east/bein-sports/bein-sports-arabic-mea.png
beinsportsnbamea	countries/world-middle-east/bein-sports/bein-sports-nba-mea.png
cnbcarabiyamea	countries/world-middle-east/cnbc-arabiya-mea.png
skynewsarabiamea	countries/world-middle-east/sky-news-arabia-mea.png
staractionmea	countries/world-middle-east/star-action-mea.png
starchannelsmea	countries/world-middle-east/star-channels-mea.png
starfilmsmea	countries/world-middle-east/star-films-mea.png
starlifemea	countries/world-middle-east/star-life-mea.png
starmoviesmea	countries/world-middle-east/star-movies-mea.png
starseriesmea	countries/world-middle-east/star-series-mea.png
starworldmea	countries/world-middle-east/star-world-mea.png
circle1247	misc/24-7/circle1-247.png
circle2247	misc/24-7/circle2-247.png
circle3247	misc/24-7/circle3-247.png
movies1247	misc/24-7/movies1-247.png
neon1247	misc/24-7/neon1-247.png
neon2247	misc/24-7/neon2-247.png
ncaacustom	misc/custom/ncaa-4k-us-custom.png
ncaabasketballcustom	misc/custom/ncaa-basketball-4k-us-custom.png
nflgamepasscustom	misc/custom/nfl-game-pass-4k-us-custom.png
australiaflag	misc/flags/australia-flag.png
austriaflag	misc/flags/austria-flag.png
canadaflag	misc/flags/canada-flag.png
denmarkflag	misc/flags/denmark-flag.png
finlandflag	misc/flags/finland-flag.png
franceflag	misc/flags/france-flag.png
germanyflag	misc/flags/germany-flag.png
icelandflag	misc/flags/iceland-flag.png
italyflag	misc/flags/italy-flag.png
jamaicaflag	misc/flags/jamaica-flag.png
malaysiaflag	misc/flags/malaysia-flag.png
maltaflag	misc/flags/malta-flag.png
mexicoflag	misc/flags/mexico-flag.png
netherlandsflag	misc/flags/netherlands-flag.png
newzealandflag	misc/flags/new-zealand-flag.png
norwayflag	misc/flags/norway-flag.png
polandflag	misc/flags/poland-flag.png
portugalflag	misc/flags/portugal-flag.png
russiaflag	misc/flags/russia-flag.png
southafricaflag	misc/flags/south-africa-flag.png
spainflag	misc/flags/spain-flag.png
swedenflag	misc/flags/sweden-flag.png
switzerlandflag	misc/flags/switzerland-flag.png
turkeyflag	misc/flags/turkey-flag.png
unitedkingdomflag	misc/flags/united-kingdom-flag.png
unitedstatesflag	misc/flags/united-states-flag.png
abciviewaustralia	misc/media/abc-iview-australia.png
abciview	misc/media/abc-iview.png
abplive	misc/media/abp-live.png
addatimes	misc/media/addatimes.png
aha	misc/media/aha.png
airtelxstream	misc/media/airtel-xstream.png
amazonprimevideo	misc/media/amazon-prime-video.png
amazonprime	misc/media/amazon-prime.png
amazon	misc/media/amazon.png
appletvplus	misc/media/apple-tv-plus.png
bbciplayer	misc/media/bbc-iplayer.png
bbcredbuttonplus	misc/media/bbc-red-button-plus.png
bbcsporthz	misc/media/bbc-sport-hz.png
bbcsport	misc/media/bbc-sport.png
big10plus	misc/media/big-10-plus.png
britbox	misc/media/britbox.png
bttv	misc/media/bt-tv.png
cbsallaccesshz	misc/media/cbs-all-access-hz.png
cbsallaccess	misc/media/cbs-all-access.png
discoveryondemand	misc/media/discovery-on-demand.png
discoveryplus	misc/media/discovery-plus.png
flosports	misc/media/flosports.png
fubotv	misc/media/fubo-tv.png
hulu	misc/media/hulu.png
maxicon	misc/media/max-icon.png
max	misc/media/max.png
netflix	misc/media/netflix.png
nowtv	misc/media/now-tv.png
payperview1	misc/media/pay-per-view-1.png
payperview2	misc/media/pay-per-view-2.png
peacock	misc/media/peacock.png
philo	misc/media/philo.png
plutotv	misc/media/pluto-tv.png
primevideohz	misc/media/prime-video-hz.png
primevideo	misc/media/prime-video.png
sky	misc/media/sky.png
sling	misc/media/sling.png
tubi	misc/media/tubi.png
twitch	misc/media/twitch.png
youtubetv	misc/media/youtube-tv.png
youtube	misc/media/youtube.png
movies1	misc/movies/movies1.png
paypaldonate	misc/paypal-donate.png
space1500	misc/space-1500.png
atlantahawks	misc/sports/basketball/atlanta-hawks.png
bostonceltics	misc/sports/basketball/boston-celtics.png
brooklynnets	misc/sports/basketball/brooklyn-nets.png
charlottehornets	misc/sports/basketball/charlotte-hornets.png
chicagobulls	misc/sports/basketball/chicago-bulls.png
clevelandcavaliers	misc/sports/basketball/cleveland-cavaliers.png
dallasmavericks	misc/sports/basketball/dallas-mavericks.png
denvernuggets	misc/sports/basketball/denver-nuggets.png
detroitpistons	misc/sports/basketball/detroit-pistons.png
goldenstatewarriors	misc/sports/basketball/golden-state-warriors.png
houstonrockets	misc/sports/basketball/houston-rockets.png
indianapacers	misc/sports/basketball/indiana-pacers.png
laclippers	misc/sports/basketball/la-clippers.png
losangeleslakers	misc/sports/basketball/los-angeles-lakers.png
memphisgrizzlies	misc/sports/basketball/memphis-grizzlies.png
miamiheat	misc/sports/basketball/miami-heat.png
milwaukeebucks	misc/sports/basketball/milwaukee-bucks.png
minnesotatimberwolves	misc/sports/basketball/minnesota-timberwolves.png
neworleanspelicans	misc/sports/basketball/new-orleans-pelicans.png
newyorkknicks	misc/sports/basketball/new-york-knicks.png
oklahomacitythunder	misc/sports/basketball/oklahoma-city-thunder.png
orlandomagic	misc/sports/basketball/orlando-magic.png
philadelphia76ers	misc/sports/basketball/philadelphia-76ers.png
phoenixsuns	misc/sports/basketball/phoenix-suns.png
portlandtrailblazers	misc/sports/basketball/portland-trail-blazers.png
sacramentokings	misc/sports/basketball/sacramento-kings.png
sanantoniospurs	misc/sports/basketball/san-antonio-spurs.png
torontoraptors	misc/sports/basketball/toronto-raptors.png
utahjazz	misc/sports/basketball/utah-jazz.png
washingtonwizards	misc/sports/basketball/washington-wizards.png
nfl	misc/sports/leagues/nfl-us.png
premierleague	misc/sports/leagues/premier-league-uk.png
naia	misc/sports/organizations/naia.png
ncaa	misc/sports/organizations/ncaa.png
nbaabc2018	misc/sports/ppv-live/nba-abc-2018.png
nbaespn	misc/sports/ppv-live/nba-espn.png
nbatnt	misc/sports/ppv-live/nba-tnt.png
ppvbasketball1	misc/sports/ppv-live/ppv-basketball-1.png
10yearsyoungervod	misc/vod/10-years-younger-vod.png
21jumpstreetvod	misc/vod/21-jump-street-vod.png
24hourfreemoviesvod	misc/vod/24-hour-free-movies-vod.png
70scinemavod	misc/vod/70s-cinema-vod-us.png
80srewindvod	misc/vod/80s-rewind-vod-us.png
90sthrowbackvod	misc/vod/90s-throwback-vod-us.png
avidamodernarockovod	misc/vod/a-vida-moderna-de-rocko-vod.png
azclassicflixvod	misc/vod/a-z-classic-flix-vod.png
absoluterealitywetvvod	misc/vod/absolute-reality-we-tv-vod-us.png
acconvod	misc/vod/acc-on-vod.png
actionkidsvod	misc/vod/action-kids-vod.png
actionsportsvod	misc/vod/action-sports-vod.png
aewallelitewrestlingvod	misc/vod/aew-all-elite-wrestling-vod.png
afrolandtvvod	misc/vod/afroland-tv-vod.png
afterschoolcartoonsvod	misc/vod/after-school-cartoons-vod.png
afvespanolvod	misc/vod/afv-espanol-vod.png
afvfamilyvod	misc/vod/afv-family-vod.png
afvtvvod	misc/vod/afv-tv-vod.png
allrealitywetvvod	misc/vod/all-reality-we-tv-vod.png
allweddingswetvvod	misc/vod/all-weddings-we-tv-vod.png
allblkvod	misc/vod/allblk-vod-us.png
amantesdelromancevod	misc/vod/amantes-del-romance-vod.png
amcplusvod	misc/vod/amc-plus-vod-us.png
amcpresentsvod	misc/vod/amc-presents-vod-us.png
amcthrillersvod	misc/vod/amc-thrillers-vod.png
americangladiatorsvod	misc/vod/american-gladiators-vod.png
americastestkitchenvod	misc/vod/americas-test-kitchen-vod.png
anaylos7vod	misc/vod/ana-y-los-7-vod.png
andromedavod	misc/vod/andromeda-vod.png
animakidsvod	misc/vod/animakids-vod.png
animalesvod	misc/vod/animales-vod.png
animauxvod	misc/vod/animaux-vod.png
animeaccionvod	misc/vod/anime-accion-vod.png
animealldayvod	misc/vod/anime-all-day-vod-us.png
animeclasicovod	misc/vod/anime-clasico-vod.png
antiquesroadshowvod	misc/vod/antiques-roadshow-uk-vod.png
archivosforensesvod	misc/vod/archivos-forenses-vod.png
asiancrushvod	misc/vod/asiancrush-vod.png
auctionhuntersvod	misc/vod/auction-hunters-vod.png
avatarderherrderelementevod	misc/vod/avatar-der-herr-der-elemente-vod.png
aventuravod	misc/vod/aventura-vod.png
aweencorevod	misc/vod/awe-encore-vod-us.png
awesomenesstvvod	misc/vod/awesomeness-tv-vod-us.png
axstvnowvod	misc/vod/axs-tv-now-vod.png
babarvod	misc/vod/babar-vod.png
babyfirstvod	misc/vod/baby-first-vod.png
babysharkvod	misc/vod/baby-shark-vod.png
badassnovelasvod	misc/vod/badass-novelas-vod.png
bambuvod	misc/vod/bambu-vod.png
barrescuevod	misc/vod/bar-rescue-vod.png
barneyvod	misc/vod/barney-vod.png
baywatchvod	misc/vod/baywatch-vod-us.png
bbcfoodvod	misc/vod/bbc-food-vod.png
bbchomevod	misc/vod/bbc-home-vod.png
beautyandthegeekvod	misc/vod/beauty-and-the-geek-vod.png
bebecitobumysusamigosvod	misc/vod/bebecito-bum-y-sus-amigos-vod.png
beinghumanvod	misc/vod/being-human-vod.png
bellatormmavod	misc/vod/bellator-mma-vod.png
betbeingmaryjanevod	misc/vod/bet-being-mary-jane-vod.png
betclassicsvod	misc/vod/bet-classics-vod.png
betplusvod	misc/vod/bet-plus-vod-us.png
beverlyhills90210vod	misc/vod/beverly-hills-90210-vod-us.png
bigtimerushvod	misc/vod/big-time-rush-vod.png
bigskyconferencevod	misc/vod/bigsky-conference-vod-us.png
biographyvod	misc/vod/biography-vod.png
blackcinemavod	misc/vod/black-cinema-vod-us.png
blackinkcrewvod	misc/vod/black-ink-crew-vod.png
blazelivevod	misc/vod/blaze-live-vod.png
bloodydisgustingtvvod	misc/vod/bloodydisgusting-tv-vod.png
bncgovod	misc/vod/bnc-go-vod.png
bobesponjavod	misc/vod/bob-esponja-vod.png
boblepongetvvod	misc/vod/bob-leponge-tv-vod.png
bonappetitvod	misc/vod/bon-appetit-vod-us.png
boxingvod	misc/vod/boxing-vod.png
britishtvvod	misc/vod/british-tv-vod-us.png
britpocalypsevod	misc/vod/britpocalypse-vod.png
buzzrvod	misc/vod/buzzr-vod.png
canelatvvod	misc/vod/canela-tv-vod.png
cartoonnetworkadultswimvod	misc/vod/cartoon-network-adult-swim-vod-us.png
cartoons4uvod	misc/vod/cartoons-4u-vod-us.png
catfishvod	misc/vod/catfish-vod.png
cats247vod	misc/vod/cats-24-7-vod-us.png
cbssportsvod	misc/vod/cbs-sports-hq-vod.png
channelfightvod	misc/vod/channel-fight-vod.png
chaoscityvod	misc/vod/chaos-city-vod.png
chassyvod	misc/vod/chassy-vod.png
chefkochvod	misc/vod/chefkoch-vod.png
chiquilinesvod	misc/vod/chiquilines-vod.png
choppertownvod	misc/vod/chopper-town-vod.png
cienciavod	misc/vod/ciencia-vod.png
cineaccionvod	misc/vod/cine-accion-vod.png
cineadrenalinavod	misc/vod/cine-adrenalina-vod.png
cineclasicovod	misc/vod/cine-clasico-vod.png
cineclassicosvod	misc/vod/cine-classicos-vod.png
cinecomediavod	misc/vod/cine-comedia-vod.png
cinedramavod	misc/vod/cine-drama-vod.png
cineestelarvod	misc/vod/cine-estelar-vod.png
cinefamiliavod	misc/vod/cine-familia-vod.png
cinejajavod	misc/vod/cine-jaja-vod.png
cinelatinovod	misc/vod/cine-latino-vod.png
cinepremierevod	misc/vod/cine-premiere-vod.png
cinerealvod	misc/vod/cine-real-vod.png
cineretrovod	misc/vod/cine-retro-vod.png
cineromancevod	misc/vod/cine-romance-vod.png
cineromanticovod	misc/vod/cine-romantico-vod.png
cinesucessosvod	misc/vod/cine-sucessos-vod.png
cinesurenovod	misc/vod/cine-sureno-vod.png
cinesuspensovod	misc/vod/cine-suspenso-vod.png
cineterrorvod	misc/vod/cine-terror-vod.png
cinevod	misc/vod/cine-vod.png
cinexoxovod	misc/vod/cine-xoxo-vod.png
cinefestvod	misc/vod/cinefest-vod-us.png
cinehouseselectsvod	misc/vod/cinehouse-selects-vod.png
classicmoviesvod	misc/vod/classic-movies-vod-us.png
classictoonsvod	misc/vod/classic-toons-vod-us.png
classictvcomedyvod	misc/vod/classic-tv-comedy-vod-us.png
classictvdramavod	misc/vod/classic-tv-drama-vod-us.png
classictvvod	misc/vod/classic-tv-vod.png
clubbingtvvod	misc/vod/clubbing-tv-vod.png
cmtequalplayvod	misc/vod/cmt-equal-play-vod.png
cmtwesternsvod	misc/vod/cmt-westerns-vod-us.png
cnetvod	misc/vod/cnet-vod.png
cocinavod	misc/vod/cocina-vod.png
coldcasefilesvod	misc/vod/cold-case-files-vod-us.png
combatgovod	misc/vod/combat-go-vod.png
combateworldvod	misc/vod/combate-world-vod.png
comediamadespainvod	misc/vod/comedia-made-in-spain-vod.png
comediavod	misc/vod/comedia-vod.png
comedievod	misc/vod/comedie-vod.png
comedycentralanimationvod	misc/vod/comedy-central-animation-vod.png
comedycentrallatinovod	misc/vod/comedy-central-latino-vod.png
comedycentralmadegermanyvod	misc/vod/comedy-central-made-in-germany-vod.png
comedycentralstandupvod	misc/vod/comedy-central-stand-up-vod-us.png
comedycentraltakeshiscastlevod	misc/vod/comedy-central-takeshis-castle-vod.png
comedydynamicscdnvod	misc/vod/comedy-dynamics-cdn-vod-us.png
competenciasvod	misc/vod/competencias-vod.png
conciertosvod	misc/vod/conciertos-vod.png
conspiracyvod	misc/vod/conspiracy-vod.png
contvanimevod	misc/vod/contv-anime-vod.png
contvvod	misc/vod/contv-vod-us.png
cookalongvod	misc/vod/cookalong-vod.png
cooking4uvod	misc/vod/cooking-4u-vod-us.png
cookingpandavod	misc/vod/cooking-panda-vod.png
copsvod	misc/vod/cops-vod-us.png
courtroomvod	misc/vod/courtroom-vod.png
cracklevod	misc/vod/crackle-vod.png
cribsmaisonsstarsvod	misc/vod/cribs-maisons-de-stars-vod.png
crime360vod	misc/vod/crime-360-vod.png
crimeinvestigationaustraliavod	misc/vod/crime-investigation-australia-vod.png
crimevod	misc/vod/crime-vod.png
crimenesimperfectosvod	misc/vod/crimenes-imperfectos-vod.png
csienespanolvod	misc/vod/csi-en-espanol-vod.png
csivod	misc/vod/csi-vod-us.png
cuisinevod	misc/vod/cuisine-vod.png
cultfilmsvod	misc/vod/cult-films-vod-us.png
curiosityvod	misc/vod/curiosity-vod-us.png
currojimenezvod	misc/vod/curro-jimenez-vod.png
dallascowboyscheerleadersvod	misc/vod/dallas-cowboys-cheerleaders-vod.png
darkmattertvvod	misc/vod/dark-matter-tv-vod.png
darkmattervod	misc/vod/dark-matter-vod.png
darkshadowsvod	misc/vod/dark-shadows-vod.png
datingvod	misc/vod/dating-vod.png
deadlywomenvod	misc/vod/deadly-women-vod.png
dealordealvod	misc/vod/deal-or-no-deal-vod-us.png
degrassivod	misc/vod/degrassi-vod-us.png
demandafricavod	misc/vod/demand-africa-vod.png
deportesvod	misc/vod/deportes-vod.png
doctorwhoclassicvod	misc/vod/doctor-who-classic-vod-us.png
documentaries4uvod	misc/vod/documentaries-4u-vod-us.png
docuramavod	misc/vod/docurama-vod-us.png
dogelcazarrecompensasvod	misc/vod/dog-el-cazarrecompensas-vod.png
dogthebountyhuntervod	misc/vod/dog-the-bounty-hunter-vod-us.png
dogs247vod	misc/vod/dogs-24-7-vod-us.png
doratvvod	misc/vod/dora-tv-vod.png
dossiersfbivod	misc/vod/dossiers-fbi-vod.png
drozvod	misc/vod/dr-oz-vod.png
drinktvvod	misc/vod/drink-tv-vod.png
duckdynastyvod	misc/vod/duck-dynasty-vod.png
ducktvvod	misc/vod/duck-tv-vod-us.png
edgesportvod	misc/vod/edge-sport-vod.png
elconquistadorvod	misc/vod/el-conquistador-vod.png
elgourmetvod	misc/vod/el-gourmet-vod.png
elreinoinfantilvod	misc/vod/el-reino-infantil-vod.png
electricnowvod	misc/vod/electric-now-vod.png
emergencia911vod	misc/vod/emergencia-911-vod.png
empenosalobestavod	misc/vod/empenos-a-lo-besta-vod.png
empenosalobestiavod	misc/vod/empenos-a-lo-bestia-vod.png
entrenosotrasvod	misc/vod/entre-nosotras-vod.png
espnondemandvod	misc/vod/espn-ondemand-vod-us.png
esport24vod	misc/vod/esport-24-vod.png
esr24x7esportsnetworkvod	misc/vod/esr-24x7-esports-network-vod.png
estrellanewsvod	misc/vod/estrella-news-vod.png
estrellatvvod	misc/vod/estrella-tv-vod.png
estrellasaccionvod	misc/vod/estrellas-de-accion-vod.png
estvvod	misc/vod/estv-vod-us.png
euronewsespanolvod	misc/vod/euronews-espanol-vod.png
europeanleagueoffootballtvvod	misc/vod/european-league-of-football-tv-vod.png
explorevod	misc/vod/explore-vod.png
extremesportschannelplusvod	misc/vod/extreme-sports-channel-plus-vod.png
extremevod	misc/vod/extreme-vod.png
failarmyvod	misc/vod/failarmy-vod-us.png
faithtvvod	misc/vod/faith-tv-vod.png
familytiesvod	misc/vod/family-ties-vod.png
familyvod	misc/vod/family-vod.png
fandorvod	misc/vod/fandor-vod.png
fantawildvod	misc/vod/fantawild-vod.png
fashionboxvod	misc/vod/fashionbox-vod.png
fearfactorvod	misc/vod/fear-factor-vod.png
femmesloivod	misc/vod/femmes-de-loi-vod.png
fifthgearvod	misc/vod/fifth-gear-vod.png
fightvod	misc/vod/fight-vod-us.png
filmdetectivevod	misc/vod/film-detective-vod.png
filmstreamvod	misc/vod/film-stream-vod.png
filmesacaovod	misc/vod/filmes-acao-vod.png
filmesnacionaisvod	misc/vod/filmes-nacionais-vod.png
filmessuspensevod	misc/vod/filmes-suspense-vod.png
fireplacevod	misc/vod/fireplace-vod-us.png
fishingvod	misc/vod/fishing-vod.png
fitnessvod	misc/vod/fitness-vod.png
flashvod	misc/vod/flash-vod.png
flicksoffuryvod	misc/vod/flicks-of-fury-vod-us.png
flixflingvod	misc/vod/flixfling-vod-us.png
focustvreportagevod	misc/vod/focus-tv-reportage-vod.png
foodtvvod	misc/vod/food-tv-vod-us.png
foodvod	misc/vod/food-vod.png
foodiesvod	misc/vod/foodies-vod.png
forensicfilesvod	misc/vod/forensic-files-vod-us.png
freecrimetvvod	misc/vod/free-crime-tv-vod-us.png
freespeechfstvvod	misc/vod/free-speech-fstv-vod-us.png
freebietvvod	misc/vod/freebie-tv-vod.png
frontrowchannelvod	misc/vod/front-row-channel-vod.png
frontdoorvod	misc/vod/frontdoor-vod-us.png
ftfvod	misc/vod/ftf-vod.png
fullcustomgaragevod	misc/vod/full-custom-garage-vod.png
funnyafvod	misc/vod/funny-af-vod-us.png
fusebackstagevod	misc/vod/fuse-backstage-vod.png
futbolparafansvod	misc/vod/futbol-para-fans-vod.png
gameshowcentralvod	misc/vod/game-show-central-vod-us.png
gameplaycallofdutyvod	misc/vod/gameplay-call-of-duty-vod.png
gameplayfortnitevod	misc/vod/gameplay-fortnite-vod.png
gameplayrobloxvod	misc/vod/gameplay-roblox-vod.png
gameplaysportsvod	misc/vod/gameplay-sports-vod.png
gamespotvod	misc/vod/gamespot-vod.png
gamingtvvod	misc/vod/gaming-tv-vod.png
garfieldvod	misc/vod/garfield-vod.png
getfactualvod	misc/vod/get-factual-vod.png
gfntvvod	misc/vod/gfn-tv-vod.png
ghostdimensionvod	misc/vod/ghost-dimension-vod.png
ghosthuntersvod	misc/vod/ghost-hunters-vod.png
glewedtvvod	misc/vod/glewed-tv-vod.png
glorykickboxingvod	misc/vod/glory-kickboxing-vod.png
godiegogovod	misc/vod/go-diego-go-vod.png
gotravelervod	misc/vod/go-traveler-vod.png
govod	misc/vod/go-usa-vod.png
gordonramsayshellskitchenvod	misc/vod/gordon-ramsays-hells-kitchen-vod-us.png
gravitasmoviesvod	misc/vod/gravitas-movies-vod-us.png
grvtyvod	misc/vod/grvty-vod-us.png
gustotvvod	misc/vod/gusto-tv-vod-us.png
happydaysvod	misc/vod/happy-days-vod-us.png
hardknocksvod	misc/vod/hard-knocks-vod.png
healthvod	misc/vod/health-vod.png
heleneetlesgarconsvod	misc/vod/helene-et-les-garcons-vod.png
hellskitchenenespanolvod	misc/vod/hells-kitchen-en-espanol-vod.png
hervod	misc/vod/her-vod.png
heretvvod	misc/vod/here-tv-vod-us.png
hiyahvod	misc/vod/hi-yah-vod.png
highwaytoheavenvod	misc/vod/highway-to-heaven-vod.png
historiasultratumbavod	misc/vod/historias-de-ultratumba-vod.png
hogarvod	misc/vod/hogar-vod.png
holidaylightsvod	misc/vod/holiday-lights-vod-us.png
hollywirevod	misc/vod/hollywire-vod-us.png
home2vod	misc/vod/home-2-vod.png
homevod	misc/vod/home-vod.png
homesunderthehammervod	misc/vod/homes-under-the-hammer-vod.png
hopstervod	misc/vod/hopster-vod-us.png
humormillvod	misc/vod/humor-mill-vod.png
humorvod	misc/vod/humor-vod.png
huntervod	misc/vod/hunter-vod.png
icarlyvod	misc/vod/icarly-vod.png
icepilotsvod	misc/vod/ice-pilots-vod.png
ifcfilmspicksvod	misc/vod/ifc-films-picks-vod.png
igntvvod	misc/vod/ign-tv-vod.png
impactwrestlingvod	misc/vod/impact-wrestling-vod-us.png
wondervod	misc/vod/in-wonder-vod.png
indiesvod	misc/vod/indies-vod.png
inkmastervod	misc/vod/ink-master-vod.png
insidevod	misc/vod/inside-vod.png
inspectorgadgetvod	misc/vod/inspector-gadget-vod.png
instantsagavod	misc/vod/instant-saga-vod.png
introublevod	misc/vod/introuble-vod.png
investigavod	misc/vod/investiga-vod.png
investigacaovod	misc/vod/investigacao-vod.png
investigationvod	misc/vod/investigation-vod.png
jerseyshorevod	misc/vod/jersey-shore-vod.png
johnnycarsontvvod	misc/vod/johnny-carson-tv-vod-us.png
journyvod	misc/vod/journy-vod.png
judgefaithvod	misc/vod/judge-faith-vod.png
judgenoseyvod	misc/vod/judge-nosey-vod-us.png
juliachildvod	misc/vod/julia-child-vod.png
juniorvod	misc/vod/junior-vod.png
juntosvod	misc/vod/juntos-vod.png
justforlaughsvod	misc/vod/just-for-laughs-vod.png
justepourrirevod	misc/vod/juste-pour-rire-vod.png
karaokevod	misc/vod/karaoke-vod.png
kartoonchannelvod	misc/vod/kartoon-channel-vod-us.png
kidoodletvvod	misc/vod/kidoodle-tv-vod.png
kidsanimationvod	misc/vod/kids-animation-vod.png
kidscollectionvod	misc/vod/kids-collection-vod.png
kidspangvod	misc/vod/kids-pang-vod.png
kidsseriesvod	misc/vod/kids-series-vod.png
kidsvod	misc/vod/kids-vod.png
kidsflixvod	misc/vod/kidsflix-vod.png
kmtvvod	misc/vod/kmtv-vod.png
kultfilmevod	misc/vod/kultfilme-vod.png
lachicainvisiblevod	misc/vod/la-chica-invisible-vod.png
lacorrientevod	misc/vod/la-corriente-vod.png
lasreglasdeljuegovod	misc/vod/las-reglas-del-juego-vod.png
latidomusicvod	misc/vod/latido-music-vod.png
latinangelsvod	misc/vod/latin-angels-vod.png
laughoutloudvod	misc/vod/laugh-out-loud-vod-us.png
lawandcrimerewindvod	misc/vod/law-and-crime-rewind-vod-us.png
legourmettvvod	misc/vod/le-gourmet-tv-vod-us.png
lemieletlesabeillesvod	misc/vod/le-miel-et-les-abeilles-vod.png
lemiraclelamourvod	misc/vod/le-miracle-de-lamour-vod.png
lescordiervod	misc/vod/les-cordier-vod.png
lesfillesdacotevod	misc/vod/les-filles-da-cote-vod.png
lesnouveauxdetectivesvod	misc/vod/les-nouveaux-detectives-vod.png
leveluptvvod	misc/vod/levelup-tv-vod.png
leveragevod	misc/vod/leverage-vod-us.png
lionmountaintvvod	misc/vod/lion-mountain-tv-vod-us.png
littlebabybumvod	misc/vod/little-baby-bum-vod.png
liveconcertvod	misc/vod/live-in-concert-vod.png
livemusicreplayvod	misc/vod/live-music-replay-vod.png
livelyplacevod	misc/vod/lively-place-vod.png
lonestarvod	misc/vod/lone-star-vod-us.png
loopmusicvideosvod	misc/vod/loop-music-videos-vod.png
losarchivosdelfbivod	misc/vod/los-archivos-del-fbi-vod.png
losasesinatosmidsomervod	misc/vod/los-asesinatos-de-midsomer-vod.png
losnuevosdetectivesvod	misc/vod/los-nuevos-detectives-vod.png
louislabrocantevod	misc/vod/louis-la-brocante-vod.png
loupeartemusicavod	misc/vod/loupe-arte-musica-vod.png
loupevod	misc/vod/loupe-vod.png
loveandhiphopvod	misc/vod/love-and-hip-hop-vod.png
lovenatureenespanolvod	misc/vod/love-nature-en-espanol-vod.png
luchalibreworldwidevod	misc/vod/lucha-libre-worldwide-vod.png
mnowvod	misc/vod/m-now-vod.png
madebritainvod	misc/vod/made-in-britain-vod.png
madevod	misc/vod/made-vod.png
magellantvvod	misc/vod/magellan-tv-vod-us.png
magnoliaselectsvod	misc/vod/magnolia-selects-vod-us.png
mariovssonicvod	misc/vod/mario-vs-sonic-vod.png
maschicvod	misc/vod/mas-chic-vod.png
masterchefvod	misc/vod/master-chef-vod.png
mavtvselectvod	misc/vod/mav-tv-select-vod.png
maverickblackcinemavod	misc/vod/maverick-black-cinema-vod-us.png
mcleodsdaughtersvod	misc/vod/mcleods-daughters-vod.png
miobsesionfavoritavod	misc/vod/mi-obsesion-favorita-vod.png
midnightpulpvod	misc/vod/midnight-pulp-vod.png
midsomermurdersvod	misc/vod/midsomer-murders-vod-us.png
mihtvvod	misc/vod/mih-tv-vod.png
minecrafttvvod	misc/vod/minecraft-tv-vod.png
minutoparaganarvod	misc/vod/minuto-para-ganar-vod.png
missionimpossiblevod	misc/vod/mission-impossible-vod.png
misteriosmedicosvod	misc/vod/misterios-medicos-vod.png
misteriossinresolvervod	misc/vod/misterios-sin-resolver-vod.png
misteriosvod	misc/vod/misterios-vod.png
mlbvod	misc/vod/mlb-vod.png
mmatvvod	misc/vod/mma-tv-vod.png
mosthauntedvod	misc/vod/most-haunted-vod.png
motorvod	misc/vod/motor-vod.png
moviespherefreevod	misc/vod/movie-sphere-free-vod.png
moviesvod	misc/vod/movies-vod.png
mst3kvod	misc/vod/mst3k-vod.png
mtvanimacionesvod	misc/vod/mtv-animaciones-vod.png
mtvareyouthe1vod	misc/vod/mtv-are-you-the-one-vod.png
mtvbiggestpopvod	misc/vod/mtv-biggest-pop-vod.png
mtvblockpartyvod	misc/vod/mtv-block-party-vod.png
mtvclassicvod	misc/vod/mtv-classic-vod.png
mtvclassicsvod	misc/vod/mtv-classics-vod.png
mtvcribsvod	misc/vod/mtv-cribs-vod.png
mtvdatingvod	misc/vod/mtv-dating-vod.png
mtvembarazadaalos16vod	misc/vod/mtv-embarazada-a-los-16-vod.png
mtvlatinovod	misc/vod/mtv-latino-vod.png
mtvlovemusicvod	misc/vod/mtv-love-music-vod.png
mtvoriginalsvod	misc/vod/mtv-originals-vod.png
mtvpranksvod	misc/vod/mtv-pranks-vod.png
mtvridiculousnessvod	misc/vod/mtv-ridiculousness-vod.png
mtvserievod	misc/vod/mtv-serie-vod.png
mtvspankinnewvod	misc/vod/mtv-spankin-new-vod.png
mtvsummerhitsvod	misc/vod/mtv-summer-hits-vod.png
mtvteenmomvod	misc/vod/mtv-teen-mom-vod.png
mtvteenvod	misc/vod/mtv-teen-vod.png
mtvthehillsvod	misc/vod/mtv-the-hills-vod.png
mtvtheshoresvod	misc/vod/mtv-the-shores-vod.png
mtvtruelifevod	misc/vod/mtv-true-life-vod.png
mtvunpluggedvod	misc/vod/mtv-unplugged-vod.png
mtvyovod	misc/vod/mtv-yo-vod.png
mundogeekvod	misc/vod/mundo-geek-vod.png
mundoparanormalvod	misc/vod/mundo-paranormal-vod.png
mundorealvod	misc/vod/mundo-real-vod.png
mundoviajerovod	misc/vod/mundo-viajero-vod.png
mutantxvod	misc/vod/mutant-x-vod.png
mutantexvod	misc/vod/mutante-x-vod.png
mytimemovienetworkvod	misc/vod/my-time-movie-network-vod.png
my5crimevod	misc/vod/my5-crime-vod.png
my5gpsbehindcloseddoorsvod	misc/vod/my5-gps-behind-closed-doors-vod.png
mysterysciencetheater3000vod	misc/vod/mystery-science-theater-3000-vod.png
mythbustersvod	misc/vod/mythbusters-vod.png
narcosenespanolvod	misc/vod/narcos-en-espanol-vod.png
narcosvod	misc/vod/narcos-vod.png
narutoenespanolvod	misc/vod/naruto-en-espanol-vod.png
narutovod	misc/vod/naruto-vod.png
nashvillechannelvod	misc/vod/nashville-channel-vod.png
naturalezavod	misc/vod/naturaleza-vod.png
naturevod	misc/vod/nature-vod.png
naturezavod	misc/vod/natureza-vod.png
nbaondemandvod	misc/vod/nba-on-demand-vod-us.png
newkidvod	misc/vod/new-k-id-vod.png
newkmoviesvod	misc/vod/new-k-movies-vod.png
nflchannelvod	misc/vod/nfl-channel-vod-us.png
nhravod	misc/vod/nhra-vod.png
nickbeybladeburstvod	misc/vod/nick-beyblade-burst-vod.png
nickblazevod	misc/vod/nick-blaze-vod.png
nickbluescluesvod	misc/vod/nick-blues-clues-vod.png
nickbubbleguppiesvod	misc/vod/nick-bubble-guppies-vod.png
nickclasicovod	misc/vod/nick-clasico-vod.png
nickemmaeinfachmagischvod	misc/vod/nick-emma-einfach-magisch-vod.png
nickjrclubvod	misc/vod/nick-jr-club-vod.png
nickjrdoratvvod	misc/vod/nick-jr-dora-tv-vod.png
nicklatinovod	misc/vod/nick-latino-vod.png
nickrewindvod	misc/vod/nick-rewind-vod.png
nicksamandcatvod	misc/vod/nick-sam-and-cat-vod.png
nickspongebobschwammkopfvod	misc/vod/nick-spongebob-schwammkopf-vod.png
nicktotallyturtlesvod	misc/vod/nick-totally-turtles-vod.png
nickvictoriousvod	misc/vod/nick-victorious-vod.png
nickelodeonaspistasbluevod	misc/vod/nickelodeon-as-pistas-de-blue-vod.png
nickelodeonbluescluesvod	misc/vod/nickelodeon-blues-clues-vod.png
nickelodeonkenanandkelvod	misc/vod/nickelodeon-kenan-and-kel-vod.png
nickelodeontotallyturtlesvod	misc/vod/nickelodeon-totally-turtles-vod.png
noseycasosvod	misc/vod/nosey-casos-vod.png
noseyescandalosvod	misc/vod/nosey-escandalos-vod.png
noseyvod	misc/vod/nosey-vod-us.png
noticiasvod	misc/vod/noticias-vod.png
novelasconlaabuelavod	misc/vod/novelas-con-la-abuela-vod.png
novelasvod	misc/vod/novelas-vod.png
nuestravisionvod	misc/vod/nuestra-vision-vod.png
nuestrocinevod	misc/vod/nuestro-cine-vod.png
oanplusvod	misc/vod/oan-plus-vod.png
ohmypetvod	misc/vod/oh-my-pet-vod.png
ondemandchinavod	misc/vod/ondemand-china-vod.png
1piecevod	misc/vod/one-piece-vod.png
oreinoinfantilvod	misc/vod/oreino-infantil-vod.png
outdooramericavod	misc/vod/outdoor-america-vod.png
outsidetvfeaturesvod	misc/vod/outside-tv-features-vod-us.png
outsidetvplusvod	misc/vod/outside-tv-plus-vod-us.png
pacfilmsvod	misc/vod/pac-films-vod-us.png
paisagensvod	misc/vod/paisagens-vod.png
paisajesvod	misc/vod/paisajes-vod.png
paramountmoviechannelvod	misc/vod/paramount-movie-channel-vod-us.png
paramountpluspicksvod	misc/vod/paramount-plus-picks-vod.png
paramountplusvod	misc/vod/paramount-plus-vod-us.png
paramountpluswhitevod	misc/vod/paramount-plus-white-vod-us.png
paranormalstatevod	misc/vod/paranormal-state-vod.png
partytymekaraokespanishvod	misc/vod/party-tyme-karaoke-spanish-vod.png
partytymekaraokevod	misc/vod/party-tyme-karaoke-vod.png
pattrnvod	misc/vod/pattrn-vod.png
pbrprofessionalbullridersridepassvod	misc/vod/pbr-professional-bull-riders-ride-pass-vod.png
peleasvod	misc/vod/peleas-vod.png
peopleareawesomevod	misc/vod/people-are-awesome-vod.png
pgatourvod	misc/vod/pga-tour-vod.png
pistasbluevod	misc/vod/pistas-de-blue-vod.png
planetajuniortvvod	misc/vod/planeta-junior-tv-vod.png
playworksvod	misc/vod/play-works-vod.png
playerstvvod	misc/vod/players-tv-vod-us.png
playkidsvod	misc/vod/playkids-vod-us.png
plusbellelavievod	misc/vod/plus-belle-la-vie-vod.png
plutobethervod	misc/vod/pluto-bet-her-vod.png
plutotv007vod	misc/vod/pluto-tv-007-vod-us.png
plutotvactionsportsvod	misc/vod/pluto-tv-action-sports-vod.png
plutotvactionvod	misc/vod/pluto-tv-action-vod-us.png
plutotvanimalsvod	misc/vod/pluto-tv-animals-vod-us.png
plutotvbackcountryvod	misc/vod/pluto-tv-backcountry-vod.png
plutotvbestlifevod	misc/vod/pluto-tv-best-life-vod.png
plutotvbetvod	misc/vod/pluto-tv-bet-vod.png
plutotvcarsvod	misc/vod/pluto-tv-cars-vod-us.png
plutotvcelebrityvod	misc/vod/pluto-tv-celebrity-vod-us.png
plutotvchristmasvod	misc/vod/pluto-tv-christmas-vod-us.png
plutotvcmtvod	misc/vod/pluto-tv-cmt-vod.png
plutotvcomedycentralvod	misc/vod/pluto-tv-comedy-central-vod-us.png
plutotvcomedyvod	misc/vod/pluto-tv-comedy-vod-us.png
plutotvcrimedramavod	misc/vod/pluto-tv-crime-drama-vod-us.png
plutotvcrimemoviesvod	misc/vod/pluto-tv-crime-movies-vod-us.png
plutotvdocumentariesvod	misc/vod/pluto-tv-documentaries-vod-us.png
plutotvdramalifevod	misc/vod/pluto-tv-drama-life-vod.png
plutotvdramavod	misc/vod/pluto-tv-drama-vod-us.png
plutotvfantasticvod	misc/vod/pluto-tv-fantastic-vod-us.png
plutotvgamervod	misc/vod/pluto-tv-gamer-vod.png
plutotvhistoryvod	misc/vod/pluto-tv-history-vod-us.png
plutotvhorrorvod	misc/vod/pluto-tv-horror-vod-us.png
plutotvironchefvod	misc/vod/pluto-tv-iron-chef-vod.png
plutotvkidsanimationvod	misc/vod/pluto-tv-kids-animation-vod-us.png
plutotvlivesvod	misc/vod/pluto-tv-lives-vod-us.png
plutotvlogovod	misc/vod/pluto-tv-logo-vod.png
plutotvlovestoriesvod	misc/vod/pluto-tv-love-stories-vod-us.png
plutotvmilitaryvod	misc/vod/pluto-tv-military-vod-us.png
plutotvmistletoevod	misc/vod/pluto-tv-mistletoe-vod-us.png
plutotvmtvvod	misc/vod/pluto-tv-mtv-vod.png
plutotvnewsvod	misc/vod/pluto-tv-news-vod.png
plutotvnickjrvod	misc/vod/pluto-tv-nick-jr-vod-us.png
plutotvnickvod	misc/vod/pluto-tv-nick-vod-us.png
plutotvparanormalvod	misc/vod/pluto-tv-paranormal-vod-us.png
plutotvreactionvod	misc/vod/pluto-tv-reaction-vod.png
plutotvrealityvod	misc/vod/pluto-tv-reality-vod-us.png
plutotvromancevod	misc/vod/pluto-tv-romance-vod-us.png
plutotvscifivod	misc/vod/pluto-tv-scifi-vod-us.png
plutotvshadesofblackvod	misc/vod/pluto-tv-shades-of-black-vod.png
plutotvspikevod	misc/vod/pluto-tv-spike-vod-us.png
plutotvsportsvod	misc/vod/pluto-tv-sports-vod.png
plutotvspotlightvod	misc/vod/pluto-tv-spotlight-vod-us.png
plutotvstaffpicksvod	misc/vod/pluto-tv-staff-picks-vod-us.png
plutotvsuspensevod	misc/vod/pluto-tv-suspense-vod-us.png
plutotvteenvod	misc/vod/pluto-tv-teen-vod.png
plutotvterrorvod	misc/vod/pluto-tv-terror-vod-us.png
plutotvthrillersvod	misc/vod/pluto-tv-thrillers-vod-us.png
plutotvtruecrimevod	misc/vod/pluto-tv-true-crime-vod-us.png
plutotvviajesvod	misc/vod/pluto-tv-viajes-vod.png
plutotvvidarealvod	misc/vod/pluto-tv-vida-real-vod.png
plutotvvod	misc/vod/pluto-tv-vod.png
pocketwatchvod	misc/vod/pocket-watch-vod-us.png
pokergovod	misc/vod/poker-go-vod.png
pokernightamericavod	misc/vod/poker-night-in-america-vod.png
policewomenvod	misc/vod/police-women-vod.png
popcornflixvod	misc/vod/popcornflix-vod.png
popsugarfitnessvod	misc/vod/popsugar-fitness-vod.png
portadosfundosvod	misc/vod/porta-dos-fundos-vod.png
prowrestlingvod	misc/vod/pro-wrestling-vod.png
pursuitupvod	misc/vod/pursuit-up-vod.png
qelloconcertsbystingrayvod	misc/vod/qello-concerts-by-stingray-vod.png
quarksciencevod	misc/vod/quark-science-vod-us.png
quicktakebybloombergvod	misc/vod/quicktake-by-bloomberg-vod-us.png
qwesttvclassicalvod	misc/vod/qwest-tv-classical-vod.png
qwesttvjazzandbeyondvod	misc/vod/qwest-tv-jazz-and-beyond-vod.png
qwesttvmixvod	misc/vod/qwest-tv-mix-vod.png
rakutentvactionvod	misc/vod/rakuten-tv-action-vod.png
rakutentvbritishvod	misc/vod/rakuten-tv-british-vod.png
rakutentvcomedyvod	misc/vod/rakuten-tv-comedy-vod.png
rakutentvdramavod	misc/vod/rakuten-tv-drama-vod.png
rakutentvfamilyvod	misc/vod/rakuten-tv-family-vod.png
rakutentvromancevod	misc/vod/rakuten-tv-romance-vod.png
rakutentvthrillersvod	misc/vod/rakuten-tv-thrillers-vod.png
rakutentvtopmoviesvod	misc/vod/rakuten-tv-top-movies-vod.png
rakutenvikivod	misc/vod/rakuten-viki-vod.png
realamericasvoicevod	misc/vod/real-americas-voice-vod-us.png
reallifevod	misc/vod/real-life-vod.png
realnoseyvod	misc/vod/real-nosey-vod.png
realstoriesvod	misc/vod/real-stories-vod.png
realvisionfreevod	misc/vod/real-vision-free-vod-us.png
realityvod	misc/vod/reality-vod.png
recetasvod	misc/vod/recetas-vod.png
rescue911vod	misc/vod/rescue-911-vod-us.png
retrocrushvod	misc/vod/retro-crush-vod.png
retrodramavod	misc/vod/retro-drama-vod.png
retrotoonsvod	misc/vod/retro-toons-vod.png
retrovod	misc/vod/retro-vod.png
reutersvod	misc/vod/reuters-vod.png
revrynewsvod	misc/vod/revry-news-vod.png
revryvod	misc/vod/revry-vod.png
richvod	misc/vod/rich-vod.png
rifftraxvod	misc/vod/rifftrax-vod-us.png
ringofhonorbestontheplanetvod	misc/vod/ring-of-honor-best-on-the-planet-vod.png
ripleysbelieveornotvod	misc/vod/ripleys-believe-it-or-not-vod.png
rugratscrecidosvod	misc/vod/rugrats-crecidos-vod.png
runtimecineyseriesvod	misc/vod/run-time-cine-y-series-vod.png
runtimeespanolvod	misc/vod/run-time-espanol-vod.png
runtimevod	misc/vod/run-time-vod.png
rushbyamcvod	misc/vod/rush-by-amc-vod-us.png
ryanandfriendsvod	misc/vod/ryan-and-friends-vod-us.png
sabermasvod	misc/vod/saber-mas-vod.png
sabrinavod	misc/vod/sabrina-vod.png
sanctuaryvod	misc/vod/sanctuary-vod.png
sciencevod	misc/vod/science-vod.png
screamboxvod	misc/vod/screambox-vod.png
screamfestvod	misc/vod/screamfest-vod-us.png
secretdealersvod	misc/vod/secret-dealers-vod.png
sensingmurdervod	misc/vod/sensing-murder-vod.png
septimoartevod	misc/vod/septimo-arte-vod.png
serievod	misc/vod/serie-vod.png
seriescomediavod	misc/vod/series-comedia-vod.png
serieslatinasvod	misc/vod/series-latinas-vod.png
seriesretrovod	misc/vod/series-retro-vod.png
seriesvod	misc/vod/series-vod.png
sherlockvod	misc/vod/sherlock-vod.png
shoutfactorytvvod	misc/vod/shout-factory-tv-vod-us.png
showsvod	misc/vod/shows-vod.png
showtimeselectsvod	misc/vod/showtime-selects-vod.png
sintetashayparaisovod	misc/vod/sin-tetas-no-hay-paraiso-vod.png
sitcomsvod	misc/vod/sitcoms-vod.png
skillsandthrillsvod	misc/vod/skills-and-thrills-vod.png
skwadvod	misc/vod/skwad-vod.png
slightlyoffbyifcvod	misc/vod/slightly-off-by-ifc-vod-us.png
slowtvvod	misc/vod/slow-tv-vod.png
smithsonianchannelselectsvod	misc/vod/smithsonian-channel-selects-vod.png
sneakpeekvod	misc/vod/sneak-peek-vod-us.png
sodramaticvod	misc/vod/so-dramatic-vod.png
sorealvod	misc/vod/so-real-vod.png
soyummyvod	misc/vod/so-yummy-vod-us.png
socialclubtvvod	misc/vod/socialclub-tv-vod.png
sonycanalcomediasvod	misc/vod/sony-canal-comedias-vod.png
sonycanalcompetenciasvod	misc/vod/sony-canal-competencias-vod.png
sonycanalescapeperfectovod	misc/vod/sony-canal-escape-perfecto-vod.png
sonycanalnovelasvod	misc/vod/sony-canal-novelas-vod.png
southparkvod	misc/vod/south-park-vod.png
spacechannelvod	misc/vod/space-channel-vod.png
spacevod	misc/vod/space-vod.png
spikeextremovod	misc/vod/spike-extremo-vod.png
spikeoutdoorsvod	misc/vod/spike-outdoors-vod-us.png
sportnowinsightvod	misc/vod/sport-now-insight-vod-us.png
sportsgridvod	misc/vod/sports-grid-vod-us.png
sportsvod	misc/vod/sports-vod.png
sportswirevod	misc/vod/sportswire-vod.png
standuptvvod	misc/vod/stand-up-tv-vod-us.png
startrekvod	misc/vod/star-trek-vod-us.png
stephensdrumshedsdsvod	misc/vod/stephens-drum-shed-sds-vod-us.png
stingraykaraokevod	misc/vod/stingray-karaoke-vod-us.png
stingraynaturescapevod	misc/vod/stingray-naturescape-vod-us.png
storagewarsvod	misc/vod/storage-wars-vod.png
storiesbyamcvod	misc/vod/stories-by-amc-vod.png
strongmanchampionsleaguevod	misc/vod/strongman-champions-league-vod.png
surfvod	misc/vod/surf-vod.png
survivorvod	misc/vod/survivor-vod.png
syfywirevod	misc/vod/syfy-wire-vod-us.png
tankeevod	misc/vod/tankee-vod.png
tastemadebrasilvod	misc/vod/tastemade-brasil-vod.png
tastemadeplusvod	misc/vod/tastemade-plus-vod-us.png
tastemadevod	misc/vod/tastemade-vod-us.png
teenseriesvod	misc/vod/teen-series-vod.png
teenstarsvod	misc/vod/teen-stars-vod.png
telefeclasicovod	misc/vod/telefe-clasico-vod.png
telemundotelenovelasclasicasvod	misc/vod/telemundo-telenovelas-clasicas-vod.png
telenovelavod	misc/vod/telenovela-vod.png
theaddamsfamilyvod	misc/vod/the-addams-family-vod-us.png
theamazingracevod	misc/vod/the-amazing-race-vod.png
thearchivevod	misc/vod/the-archive-vod-us.png
theasylumvod	misc/vod/the-asylum-vod-us.png
thebeverlyhillbilliesvod	misc/vod/the-beverly-hillbillies-vod.png
theboatshowvod	misc/vod/the-boat-show-vod.png
thebobrosschannelvod	misc/vod/the-bob-ross-channel-vod.png
thecarolburnettshowvod	misc/vod/the-carol-burnett-show-vod.png
thechallengevod	misc/vod/the-challenge-vod.png
thecountrynetworkplusvod	misc/vod/the-country-network-plus-vod-us.png
thedesignnetworkvod	misc/vod/the-design-network-vod.png
thefbifilesvod	misc/vod/the-fbi-files-vod.png
thefilmdetectivevod	misc/vod/the-film-detective-vod-us.png
theloveboatvod	misc/vod/the-love-boat-vod-us.png
thelovedestinationvod	misc/vod/the-love-destination-vod.png
thenewdetectivesvod	misc/vod/the-new-detectives-vod-us.png
thepetcollectivevod	misc/vod/the-pet-collective-vod-us.png
thepreviewchannelvod	misc/vod/the-preview-channel-vod.png
thepriceisrightvod	misc/vod/the-price-is-right-vod.png
theriflemanvod	misc/vod/the-rifleman-vod.png
thesimplelifevod	misc/vod/the-simple-life-vod.png
thestoryofbeatclubvod	misc/vod/the-story-of-beat-club-vod.png
thewalkingdeadespanolvod	misc/vod/the-walking-dead-espanol-vod.png
thewalkingdeaduniversevod	misc/vod/the-walking-dead-universe-vod.png
thisoldhousevod	misc/vod/this-old-house-vod.png
threescompanyvod	misc/vod/threes-company-vod.png
tierralobosvod	misc/vod/tierra-de-lobos-vod.png
timelinevod	misc/vod/timeline-vod.png
tinyhousenationvod	misc/vod/tiny-house-nation-vod.png
todayalldayvod	misc/vod/today-all-day-vod.png
tokusatovod	misc/vod/toku-sato-vod.png
tokushoutsuvod	misc/vod/tokushoutsu-vod.png
toongogglesjuniorvod	misc/vod/toon-goggles-junior-vod.png
toongogglesvod	misc/vod/toon-goggles-vod.png
toonsclasicovod	misc/vod/toons-clasico-vod.png
topcinevod	misc/vod/top-cine-vod.png
tortuesninjavod	misc/vod/tortues-ninja-vod.png
tosh0vod	misc/vod/tosh-0-vod-us.png
touchfitvod	misc/vod/touchfit-vod-us.png
travel4uvod	misc/vod/travel-4u-vod-us.png
travelvod	misc/vod/travel-vod.png
tribecachannelvod	misc/vod/tribeca-channel-vod.png
trolvod	misc/vod/trol-vod.png
trolltvvod	misc/vod/troll-tv-vod.png
trulyvod	misc/vod/truly-vod.png
tucinevod	misc/vod/tu-cine-vod.png
tumblebookstvvod	misc/vod/tumblebooks-tv-vod-us.png
tuningvod	misc/vod/tuning-vod.png
turmadamonicavod	misc/vod/turma-da-monica-vod.png
tvlanddramavod	misc/vod/tv-land-drama-vod-us.png
tvlandsitcomsvod	misc/vod/tv-land-sitcoms-vod-us.png
tweenvod	misc/vod/tween-vod.png
uflytvvod	misc/vod/uflytv-vod-us.png
unbeatenesportsvod	misc/vod/unbeaten-esports-vod.png
undercoverbossglobalvod	misc/vod/undercover-boss-global-vod.png
unsolvedmysteriesvod	misc/vod/unsolved-mysteries-vod-us.png
upfaithandfamilyvod	misc/vod/up-faith-and-family-vod-us.png
weeklytvvod	misc/vod/us-weekly-tv-vod.png
todayvod	misc/vod/usa-today-vod.png
vayasemanitavod	misc/vod/vaya-semanita-vod.png
velocidadvod	misc/vod/velocidad-vod.png
vennvod	misc/vod/venn-vod.png
vevo2kvod	misc/vod/vevo-2k-vod.png
vevo70svod	misc/vod/vevo-70s-vod.png
vevo80svod	misc/vod/vevo-80s-vod.png
vevo90svod	misc/vod/vevo-90s-vod.png
vevocountryvod	misc/vod/vevo-country-vod.png
vevohiphopvod	misc/vod/vevo-hip-hop-vod.png
vevolatinovod	misc/vod/vevo-latino-vod.png
vevopopvod	misc/vod/vevo-pop-vod.png
vevorandbvod	misc/vod/vevo-r-and-b-vod.png
vevoreggaetonandtrapvod	misc/vod/vevo-reggaeton-and-trap-vod.png
vevotrueschoolhiphopvod	misc/vod/vevo-true-school-hip-hop-vod.png
vh1classicsvod	misc/vod/vh1-classics-vod.png
vh1hiphopfamilyvod	misc/vod/vh1-hip-hop-family-vod.png
vh1iloverealityvod	misc/vod/vh1-i-love-reality-vod.png
viajealasestrellasvod	misc/vod/viaje-a-las-estrellas-vod.png
voyagerdocumentariesvod	misc/vod/voyager-documentaries-vod.png
wanteddeadoralivevod	misc/vod/wanted-dead-or-alive-vod.png
waypointtvvod	misc/vod/waypoint-tv-vod.png
wetvplusvod	misc/vod/we-tv-plus-vod-us.png
weatherspyvod	misc/vod/weather-spy-vod.png
weddingsvod	misc/vod/weddings-vod.png
weristhierderbossvod	misc/vod/wer-ist-hier-der-boss-vod.png
westerntvvod	misc/vod/western-tv-vod.png
westernsvod	misc/vod/westerns-vod.png
whistletvvod	misc/vod/whistle-tv-vod.png
wildheartvod	misc/vod/wild-at-heart-vod.png
wildearthvod	misc/vod/wild-earth-vod.png
wildnoutvod	misc/vod/wildn-out-vod.png
wingsvod	misc/vod/wings-vod.png
wipeoutvod	misc/vod/wipeout-vod-us.png
wired2fishtvvod	misc/vod/wired-2-fish-tv-vod.png
wptworldpokertourvod	misc/vod/wpt-world-poker-tour-vod-us.png
wutangcollectionvod	misc/vod/wu-tang-collection-vod.png
xivetvvod	misc/vod/xive-tv-vod-us.png
xplorevod	misc/vod/xplore-vod.png
yahoofinancevod	misc/vod/yahoo-finance-vod.png
ygtvvod	misc/vod/yg-tv-vod.png
yogavod	misc/vod/yoga-vod.png
yugiohenespanolvod	misc/vod/yu-gi-oh-en-espanol-vod.png
yugiohvod	misc/vod/yu-gi-oh-vod.png
height1024	misc/Ω/height-1024.png
